      Logging screen output to file "Helio.log"
      Setting autoclose to yes
      Setting nowarnings to no
      Setting autoreplace to no
      Setting Nst to 6
      Setting Rates to Invgamma
      Successfully set likelihood model parameters
      Setting number of chains to 4
      Setting number of generations to 5000000
      Setting number of runs to 2
      Setting sample frequency to 1000
      Setting print frequency to 1000
      Setting calculation of MCMC diagnostics ('Mcmcdiagn') to yes
      Setting diagnosing frequency to 1000
      Setting chain output file names to "Helio_trim.nex.run<i>.<p/t>"
      Successfully set chain parameters
      Running Markov chain
      MCMC stamp = 6006464831
      Seed = 98904442
      Swapseed = 1693718217
      Model settings:

         Data not partitioned --
            Datatype  = DNA
            Nucmodel  = 4by4
            Nst       = 6
                        Substitution rates, expressed as proportions
                        of the rate sum, have a Dirichlet prior
                        (1.00,1.00,1.00,1.00,1.00,1.00)
            Covarion  = No
            # States  = 4
                        State frequencies have a Dirichlet prior
                        (1.00,1.00,1.00,1.00)
            Rates     = Invgamma
                        The distribution is approximated using 4 categories.
                        Likelihood summarized over all rate categories in each generation.
                        Shape parameter is exponentially
                        distributed with parameter (1.00).
                        Proportion of invariable sites is uniformly dist-
                        ributed on the interval (0.00,1.00).

      Active parameters: 

         Parameters
         ---------------------
         Revmat              1
         Statefreq           2
         Shape               3
         Pinvar              4
         Ratemultiplier      5
         Topology            6
         Brlens              7
         ---------------------

         1 --  Parameter  = Revmat
               Type       = Rates of reversible rate matrix
               Prior      = Dirichlet(1.00,1.00,1.00,1.00,1.00,1.00)

         2 --  Parameter  = Pi
               Type       = Stationary state frequencies
               Prior      = Dirichlet

         3 --  Parameter  = Alpha
               Type       = Shape of scaled gamma distribution of site rates
               Prior      = Exponential(1.00)

         4 --  Parameter  = Pinvar
               Type       = Proportion of invariable sites
               Prior      = Uniform(0.00,1.00)

         5 --  Parameter  = Ratemultiplier
               Type       = Partition-specific rate multiplier
               Prior      = Fixed(1.0)

         6 --  Parameter  = Tau
               Type       = Topology
               Prior      = All topologies equally probable a priori
               Subparam.  = V

         7 --  Parameter  = V
               Type       = Branch lengths
               Prior      = Unconstrained:GammaDir(1.0,0.1000,1.0,1.0)


      Number of chains per MPI processor = 1

      The MCMC sampler will use the following moves:
         With prob.  Chain will use move
            0.93 %   Dirichlet(Revmat)
            0.93 %   Slider(Revmat)
            0.93 %   Dirichlet(Pi)
            0.93 %   Slider(Pi)
            1.85 %   Multiplier(Alpha)
            1.85 %   Slider(Pinvar)
            9.26 %   ExtSPR(Tau,V)
            9.26 %   ExtTBR(Tau,V)
            9.26 %   NNI(Tau,V)
            9.26 %   ParsSPR(Tau,V)
           37.04 %   Multiplier(V)
           12.96 %   Nodeslider(V)
            5.56 %   TLMultiplier(V)

      Division 1 has 308 unique site patterns
      Initializing conditional likelihoods
      Using standard SSE likelihood calculator for division 1 (single-precision)
      Initializing invariable-site conditional likelihoods

      Initial log likelihoods and log prior probs for run 1:
         Chain 1 -- -11435.410243 -- 149.936571

      There are 7 more chains on other processor(s)


      Using a relative burnin of 25.0 % for diagnostics

      Chain results (5000000 generations requested):

         0 -- [-11435.410] [...7 remote chains...] 
      1000 -- (-7895.592) [...7 remote chains...] -- 1:23:19

      Average standard deviation of split frequencies: 0.345135

      2000 -- (-6855.042) [...7 remote chains...] -- 1:23:18

      Average standard deviation of split frequencies: 0.234182

      3000 -- (-6330.351) [...7 remote chains...] -- 1:23:17

      Average standard deviation of split frequencies: 0.247978

      4000 -- (-6151.006) [...7 remote chains...] -- 1:02:27

      Average standard deviation of split frequencies: 0.186081

      5000 -- (-6066.044) [...7 remote chains...] -- 1:06:36

      Average standard deviation of split frequencies: 0.155163

      6000 -- [-6035.987] [...7 remote chains...] -- 0:55:29

      Average standard deviation of split frequencies: 0.130502

      7000 -- [-6013.907] [...7 remote chains...] -- 0:59:26

      Average standard deviation of split frequencies: 0.131815

      8000 -- [-5975.384] [...7 remote chains...] -- 1:02:24

      Average standard deviation of split frequencies: 0.116307

      9000 -- (-5990.190) [...7 remote chains...] -- 0:55:27

      Average standard deviation of split frequencies: 0.104423

      10000 -- (-6000.181) [...7 remote chains...] -- 0:58:13

      Average standard deviation of split frequencies: 0.097451

      11000 -- [-5993.624] [...7 remote chains...] -- 1:00:28

      Average standard deviation of split frequencies: 0.096387

      12000 -- [-6006.437] [...7 remote chains...] -- 0:55:25

      Average standard deviation of split frequencies: 0.087411

      13000 -- (-6031.859) [...7 remote chains...] -- 0:57:32

      Average standard deviation of split frequencies: 0.107915

      14000 -- (-6031.514) [...7 remote chains...] -- 0:53:25

      Average standard deviation of split frequencies: 0.104822

      15000 -- (-6034.423) [...7 remote chains...] -- 0:55:23

      Average standard deviation of split frequencies: 0.102218

      16000 -- (-6019.946) [...7 remote chains...] -- 0:57:06

      Average standard deviation of split frequencies: 0.095639

      17000 -- [-5998.589] [...7 remote chains...] -- 0:53:44

      Average standard deviation of split frequencies: 0.090819

      18000 -- [-5988.484] [...7 remote chains...] -- 0:55:21

      Average standard deviation of split frequencies: 0.086529

      19000 -- [-5995.736] [...7 remote chains...] -- 0:56:48

      Average standard deviation of split frequencies: 0.086671

      20000 -- [-5988.594] [...7 remote chains...] -- 0:53:57

      Average standard deviation of split frequencies: 0.084512

      21000 -- [-6004.320] [...7 remote chains...] -- 0:55:19

      Average standard deviation of split frequencies: 0.079228

      22000 -- (-6015.739) [...7 remote chains...] -- 0:52:47

      Average standard deviation of split frequencies: 0.072790

      23000 -- (-6008.431) [...7 remote chains...] -- 0:54:05

      Average standard deviation of split frequencies: 0.069892

      24000 -- (-6019.944) [...7 remote chains...] -- 0:55:17

      Average standard deviation of split frequencies: 0.069289

      25000 -- (-6005.909) [...7 remote chains...] -- 0:53:04

      Average standard deviation of split frequencies: 0.068056

      26000 -- (-6003.044) [...7 remote chains...] -- 0:54:12

      Average standard deviation of split frequencies: 0.075395

      27000 -- [-5998.190] [...7 remote chains...] -- 0:52:11

      Average standard deviation of split frequencies: 0.075114

      28000 -- [-5991.946] [...7 remote chains...] -- 0:53:16

      Average standard deviation of split frequencies: 0.073636

      29000 -- [-5989.853] [...7 remote chains...] -- 0:54:16

      Average standard deviation of split frequencies: 0.069536

      30000 -- (-6004.504) [...7 remote chains...] -- 0:52:27

      Average standard deviation of split frequencies: 0.067867

      31000 -- (-5989.741) [...7 remote chains...] -- 0:53:25

      Average standard deviation of split frequencies: 0.067867

      32000 -- [-5984.318] [...7 remote chains...] -- 0:54:20

      Average standard deviation of split frequencies: 0.067994

      33000 -- (-6009.402) [...7 remote chains...] -- 0:52:40

      Average standard deviation of split frequencies: 0.066625

      34000 -- (-6017.183) [...7 remote chains...] -- 0:53:33

      Average standard deviation of split frequencies: 0.064666

      35000 -- (-5993.060) [...7 remote chains...] -- 0:52:00

      Average standard deviation of split frequencies: 0.064305

      36000 -- [-6008.938] [...7 remote chains...] -- 0:52:51

      Average standard deviation of split frequencies: 0.062316

      37000 -- (-6036.654) [...7 remote chains...] -- 0:53:39

      Average standard deviation of split frequencies: 0.062066

      38000 -- (-6005.202) [...7 remote chains...] -- 0:52:13

      Average standard deviation of split frequencies: 0.061030

      39000 -- (-6031.318) [...7 remote chains...] -- 0:53:00

      Average standard deviation of split frequencies: 0.061387

      40000 -- (-6003.072) [...7 remote chains...] -- 0:53:44

      Average standard deviation of split frequencies: 0.062993

      41000 -- [-6014.518] [...7 remote chains...] -- 0:52:24

      Average standard deviation of split frequencies: 0.061019

      42000 -- (-6015.390) [...7 remote chains...] -- 0:53:07

      Average standard deviation of split frequencies: 0.060318

      43000 -- (-6028.188) [...7 remote chains...] -- 0:51:52

      Average standard deviation of split frequencies: 0.058497

      44000 -- (-6028.658) [...7 remote chains...] -- 0:52:33

      Average standard deviation of split frequencies: 0.057450

      45000 -- (-6004.043) [...7 remote chains...] -- 0:53:13

      Average standard deviation of split frequencies: 0.056827

      46000 -- [-6001.755] [...7 remote chains...] -- 0:52:03

      Average standard deviation of split frequencies: 0.055112

      47000 -- (-6035.762) [...7 remote chains...] -- 0:52:41

      Average standard deviation of split frequencies: 0.053896

      48000 -- (-6012.102) [...7 remote chains...] -- 0:53:18

      Average standard deviation of split frequencies: 0.053907

      49000 -- (-6020.563) [...7 remote chains...] -- 0:52:12

      Average standard deviation of split frequencies: 0.052520

      50000 -- (-6030.701) [...7 remote chains...] -- 0:52:48

      Average standard deviation of split frequencies: 0.051119

      51000 -- (-6059.096) [...7 remote chains...] -- 0:51:45

      Average standard deviation of split frequencies: 0.051707

      52000 -- (-6061.970) [...7 remote chains...] -- 0:52:20

      Average standard deviation of split frequencies: 0.051024

      53000 -- (-6037.384) [...7 remote chains...] -- 0:52:53

      Average standard deviation of split frequencies: 0.050033

      54000 -- (-6017.995) [...7 remote chains...] -- 0:51:54

      Average standard deviation of split frequencies: 0.048763

      55000 -- (-6011.157) [...7 remote chains...] -- 0:52:26

      Average standard deviation of split frequencies: 0.047991

      56000 -- (-6008.640) [...7 remote chains...] -- 0:52:58

      Average standard deviation of split frequencies: 0.047606

      57000 -- (-6001.652) [...7 remote chains...] -- 0:52:01

      Average standard deviation of split frequencies: 0.047732

      58000 -- [-5990.944] [...7 remote chains...] -- 0:52:32

      Average standard deviation of split frequencies: 0.047063

      59000 -- (-5999.991) [...7 remote chains...] -- 0:51:38

      Average standard deviation of split frequencies: 0.046444

      60000 -- [-6004.230] [...7 remote chains...] -- 0:52:08

      Average standard deviation of split frequencies: 0.045437

      61000 -- (-6030.132) [...7 remote chains...] -- 0:52:37

      Average standard deviation of split frequencies: 0.045062

      62000 -- (-6014.029) [...7 remote chains...] -- 0:51:46

      Average standard deviation of split frequencies: 0.044334

      63000 -- (-6018.620) [...7 remote chains...] -- 0:52:14

      Average standard deviation of split frequencies: 0.046116

      64000 -- (-6075.078) [...7 remote chains...] -- 0:52:42

      Average standard deviation of split frequencies: 0.045443

      65000 -- (-6065.703) [...7 remote chains...] -- 0:51:52

      Average standard deviation of split frequencies: 0.044638

      66000 -- (-6030.934) [...7 remote chains...] -- 0:52:19

      Average standard deviation of split frequencies: 0.045724

      67000 -- (-6028.281) [...7 remote chains...] -- 0:51:32

      Average standard deviation of split frequencies: 0.047215

      68000 -- (-6049.064) [...7 remote chains...] -- 0:51:58

      Average standard deviation of split frequencies: 0.046950

      69000 -- (-6053.644) [...7 remote chains...] -- 0:52:24

      Average standard deviation of split frequencies: 0.046661

      70000 -- (-6036.321) [...7 remote chains...] -- 0:51:38

      Average standard deviation of split frequencies: 0.045126

      71000 -- (-6044.602) [...7 remote chains...] -- 0:52:04

      Average standard deviation of split frequencies: 0.045193

      72000 -- (-6041.510) [...7 remote chains...] -- 0:52:28

      Average standard deviation of split frequencies: 0.044407

      73000 -- (-6033.610) [...7 remote chains...] -- 0:51:44

      Average standard deviation of split frequencies: 0.044547

      74000 -- (-6018.866) [...7 remote chains...] -- 0:52:08

      Average standard deviation of split frequencies: 0.044136

      75000 -- (-6011.924) [...7 remote chains...] -- 0:51:26

      Average standard deviation of split frequencies: 0.043387

      76000 -- (-5999.863) [...7 remote chains...] -- 0:51:49

      Average standard deviation of split frequencies: 0.042548

      77000 -- [-5998.000] [...7 remote chains...] -- 0:52:12

      Average standard deviation of split frequencies: 0.041268

      78000 -- [-6005.035] [...7 remote chains...] -- 0:51:32

      Average standard deviation of split frequencies: 0.040728

      79000 -- [-6030.710] [...7 remote chains...] -- 0:51:54

      Average standard deviation of split frequencies: 0.040612

      80000 -- (-6045.890) [...7 remote chains...] -- 0:51:15

      Average standard deviation of split frequencies: 0.041418

      81000 -- (-6039.196) [...7 remote chains...] -- 0:51:37

      Average standard deviation of split frequencies: 0.041229

      82000 -- (-6042.937) [...7 remote chains...] -- 0:51:58

      Average standard deviation of split frequencies: 0.041294

      83000 -- (-6020.090) [...7 remote chains...] -- 0:51:20

      Average standard deviation of split frequencies: 0.042075

      84000 -- (-5993.784) [...7 remote chains...] -- 0:51:41

      Average standard deviation of split frequencies: 0.042133

      85000 -- [-5997.820] [...7 remote chains...] -- 0:52:02

      Average standard deviation of split frequencies: 0.041552

      86000 -- [-6012.159] [...7 remote chains...] -- 0:51:25

      Average standard deviation of split frequencies: 0.041811

      87000 -- (-6017.488) [...7 remote chains...] -- 0:51:45

      Average standard deviation of split frequencies: 0.042577

      88000 -- (-6011.082) [...7 remote chains...] -- 0:51:10

      Average standard deviation of split frequencies: 0.041671

      89000 -- (-6012.532) [...7 remote chains...] -- 0:51:30

      Average standard deviation of split frequencies: 0.040951

      90000 -- (-6020.657) [...7 remote chains...] -- 0:51:49

      Average standard deviation of split frequencies: 0.039847

      91000 -- (-6031.248) [...7 remote chains...] -- 0:51:14

      Average standard deviation of split frequencies: 0.039025

      92000 -- (-6047.056) [...7 remote chains...] -- 0:51:34

      Average standard deviation of split frequencies: 0.038790

      93000 -- (-6031.929) [...7 remote chains...] -- 0:51:53

      Average standard deviation of split frequencies: 0.039173

      94000 -- (-6038.055) [...7 remote chains...] -- 0:51:19

      Average standard deviation of split frequencies: 0.037674

      95000 -- (-6044.752) [...7 remote chains...] -- 0:51:37

      Average standard deviation of split frequencies: 0.037202

      96000 -- (-6048.999) [...7 remote chains...] -- 0:51:05

      Average standard deviation of split frequencies: 0.037061

      97000 -- (-6052.377) [...7 remote chains...] -- 0:51:23

      Average standard deviation of split frequencies: 0.036900

      98000 -- (-6020.465) [...7 remote chains...] -- 0:51:41

      Average standard deviation of split frequencies: 0.037161

      99000 -- [-5998.056] [...7 remote chains...] -- 0:51:09

      Average standard deviation of split frequencies: 0.037211

      100000 -- (-6000.370) [...7 remote chains...] -- 0:51:27

      Average standard deviation of split frequencies: 0.036680

      101000 -- (-6011.305) [...7 remote chains...] -- 0:51:44

      Average standard deviation of split frequencies: 0.036542

      102000 -- (-6040.694) [...7 remote chains...] -- 0:51:13

      Average standard deviation of split frequencies: 0.036167

      103000 -- [-6004.209] [...7 remote chains...] -- 0:51:30

      Average standard deviation of split frequencies: 0.036449

      104000 -- (-5993.024) [...7 remote chains...] -- 0:51:00

      Average standard deviation of split frequencies: 0.035757

      105000 -- (-6042.868) [...7 remote chains...] -- 0:51:16

      Average standard deviation of split frequencies: 0.035581

      106000 -- (-6043.839) [...7 remote chains...] -- 0:51:33

      Average standard deviation of split frequencies: 0.036674

      107000 -- (-6041.559) [...7 remote chains...] -- 0:51:03

      Average standard deviation of split frequencies: 0.037113

      108000 -- (-6024.106) [...7 remote chains...] -- 0:51:20

      Average standard deviation of split frequencies: 0.035860

      109000 -- (-6031.961) [...7 remote chains...] -- 0:50:51

      Average standard deviation of split frequencies: 0.035466

      110000 -- (-6067.030) [...7 remote chains...] -- 0:51:07

      Average standard deviation of split frequencies: 0.035082

      111000 -- (-6071.826) [...7 remote chains...] -- 0:51:23

      Average standard deviation of split frequencies: 0.036070

      112000 -- (-6042.363) [...7 remote chains...] -- 0:50:55

      Average standard deviation of split frequencies: 0.035931

      113000 -- (-6043.497) [...7 remote chains...] -- 0:51:10

      Average standard deviation of split frequencies: 0.035558

      114000 -- (-6010.654) [...7 remote chains...] -- 0:51:25

      Average standard deviation of split frequencies: 0.035940

      115000 -- (-6044.606) [...7 remote chains...] -- 0:50:58

      Average standard deviation of split frequencies: 0.035779

      116000 -- (-6045.558) [...7 remote chains...] -- 0:51:13

      Average standard deviation of split frequencies: 0.035651

      117000 -- (-6007.254) [...7 remote chains...] -- 0:50:46

      Average standard deviation of split frequencies: 0.035732

      118000 -- (-6019.829) [...7 remote chains...] -- 0:51:01

      Average standard deviation of split frequencies: 0.035496

      119000 -- (-6004.853) [...7 remote chains...] -- 0:51:16

      Average standard deviation of split frequencies: 0.035075

      120000 -- (-6022.507) [...7 remote chains...] -- 0:50:50

      Average standard deviation of split frequencies: 0.036046

      121000 -- (-6023.003) [...7 remote chains...] -- 0:51:04

      Average standard deviation of split frequencies: 0.036065

      122000 -- (-6014.589) [...7 remote chains...] -- 0:51:18

      Average standard deviation of split frequencies: 0.035981

      123000 -- (-5999.890) [...7 remote chains...] -- 0:50:53

      Average standard deviation of split frequencies: 0.035950

      124000 -- [-5993.137] [...7 remote chains...] -- 0:51:07

      Average standard deviation of split frequencies: 0.035762

      125000 -- [-6001.108] [...7 remote chains...] -- 0:50:42

      Average standard deviation of split frequencies: 0.035917

      126000 -- (-6010.538) [...7 remote chains...] -- 0:50:55

      Average standard deviation of split frequencies: 0.034968

      127000 -- (-6006.993) [...7 remote chains...] -- 0:51:09

      Average standard deviation of split frequencies: 0.035093

      128000 -- (-6003.488) [...7 remote chains...] -- 0:50:45

      Average standard deviation of split frequencies: 0.034522

      129000 -- [-5995.396] [...7 remote chains...] -- 0:50:58

      Average standard deviation of split frequencies: 0.034507

      130000 -- [-6001.701] [...7 remote chains...] -- 0:51:11

      Average standard deviation of split frequencies: 0.034461

      131000 -- (-5998.012) [...7 remote chains...] -- 0:50:47

      Average standard deviation of split frequencies: 0.033954

      132000 -- [-6011.253] [...7 remote chains...] -- 0:51:00

      Average standard deviation of split frequencies: 0.033848

      133000 -- (-6002.906) [...7 remote chains...] -- 0:50:37

      Average standard deviation of split frequencies: 0.034428

      134000 -- [-6000.329] [...7 remote chains...] -- 0:50:50

      Average standard deviation of split frequencies: 0.034927

      135000 -- (-6033.315) [...7 remote chains...] -- 0:51:03

      Average standard deviation of split frequencies: 0.035192

      136000 -- (-6006.500) [...7 remote chains...] -- 0:50:40

      Average standard deviation of split frequencies: 0.034771

      137000 -- (-6036.053) [...7 remote chains...] -- 0:50:52

      Average standard deviation of split frequencies: 0.034363

      138000 -- (-6033.165) [...7 remote chains...] -- 0:50:29

      Average standard deviation of split frequencies: 0.033889

      139000 -- (-6058.366) [...7 remote chains...] -- 0:50:42

      Average standard deviation of split frequencies: 0.033853

      140000 -- (-6027.269) [...7 remote chains...] -- 0:50:54

      Average standard deviation of split frequencies: 0.033211

      141000 -- (-6024.941) [...7 remote chains...] -- 0:50:32

      Average standard deviation of split frequencies: 0.032764

      142000 -- (-6034.579) [...7 remote chains...] -- 0:50:44

      Average standard deviation of split frequencies: 0.032254

      143000 -- (-6030.850) [...7 remote chains...] -- 0:50:56

      Average standard deviation of split frequencies: 0.032771

      144000 -- (-6038.261) [...7 remote chains...] -- 0:50:35

      Average standard deviation of split frequencies: 0.032678

      145000 -- (-6039.397) [...7 remote chains...] -- 0:50:46

      Average standard deviation of split frequencies: 0.032311

      146000 -- (-6012.683) [...7 remote chains...] -- 0:50:25

      Average standard deviation of split frequencies: 0.032832

      147000 -- [-5986.337] [...7 remote chains...] -- 0:50:37

      Average standard deviation of split frequencies: 0.032202

      148000 -- (-6017.498) [...7 remote chains...] -- 0:50:48

      Average standard deviation of split frequencies: 0.032192

      149000 -- (-6038.076) [...7 remote chains...] -- 0:50:27

      Average standard deviation of split frequencies: 0.031838

      150000 -- (-6007.624) [...7 remote chains...] -- 0:50:39

      Average standard deviation of split frequencies: 0.031553

      151000 -- [-6019.388] [...7 remote chains...] -- 0:50:18

      Average standard deviation of split frequencies: 0.031654

      152000 -- (-6027.428) [...7 remote chains...] -- 0:50:30

      Average standard deviation of split frequencies: 0.031479

      153000 -- (-6020.019) [...7 remote chains...] -- 0:50:41

      Average standard deviation of split frequencies: 0.031340

      154000 -- (-6001.099) [...7 remote chains...] -- 0:50:20

      Average standard deviation of split frequencies: 0.031296

      155000 -- [-5976.987] [...7 remote chains...] -- 0:50:32

      Average standard deviation of split frequencies: 0.031525

      156000 -- [-5984.065] [...7 remote chains...] -- 0:50:43

      Average standard deviation of split frequencies: 0.031180

      157000 -- [-5991.050] [...7 remote chains...] -- 0:50:23

      Average standard deviation of split frequencies: 0.030753

      158000 -- (-6003.158) [...7 remote chains...] -- 0:50:33

      Average standard deviation of split frequencies: 0.030305

      159000 -- (-6020.202) [...7 remote chains...] -- 0:50:14

      Average standard deviation of split frequencies: 0.030118

      160000 -- (-6031.300) [...7 remote chains...] -- 0:50:25

      Average standard deviation of split frequencies: 0.030193

      161000 -- (-6034.996) [...7 remote chains...] -- 0:50:35

      Average standard deviation of split frequencies: 0.029748

      162000 -- [-6010.066] [...7 remote chains...] -- 0:50:16

      Average standard deviation of split frequencies: 0.030064

      163000 -- [-6010.730] [...7 remote chains...] -- 0:50:26

      Average standard deviation of split frequencies: 0.030806

      164000 -- (-6028.714) [...7 remote chains...] -- 0:50:07

      Average standard deviation of split frequencies: 0.030689

      165000 -- (-6003.353) [...7 remote chains...] -- 0:50:18

      Average standard deviation of split frequencies: 0.030099

      166000 -- (-6009.225) [...7 remote chains...] -- 0:50:28

      Average standard deviation of split frequencies: 0.029911

      167000 -- (-5992.560) [...7 remote chains...] -- 0:50:09

      Average standard deviation of split frequencies: 0.030482

      168000 -- (-5995.452) [...7 remote chains...] -- 0:50:20

      Average standard deviation of split frequencies: 0.030851

      169000 -- [-5976.491] [...7 remote chains...] -- 0:50:30

      Average standard deviation of split frequencies: 0.030966

      170000 -- [-5975.393] [...7 remote chains...] -- 0:50:11

      Average standard deviation of split frequencies: 0.030429

      171000 -- (-5985.246) [...7 remote chains...] -- 0:50:21

      Average standard deviation of split frequencies: 0.030192

      172000 -- [-5989.288] [...7 remote chains...] -- 0:50:03

      Average standard deviation of split frequencies: 0.029945

      173000 -- [-5991.880] [...7 remote chains...] -- 0:50:13

      Average standard deviation of split frequencies: 0.030867

      174000 -- (-6003.283) [...7 remote chains...] -- 0:50:23

      Average standard deviation of split frequencies: 0.030840

      175000 -- [-6005.393] [...7 remote chains...] -- 0:50:05

      Average standard deviation of split frequencies: 0.030703

      176000 -- (-6003.406) [...7 remote chains...] -- 0:50:15

      Average standard deviation of split frequencies: 0.030570

      177000 -- [-5997.501] [...7 remote chains...] -- 0:50:24

      Average standard deviation of split frequencies: 0.029545

      178000 -- [-5995.076] [...7 remote chains...] -- 0:50:06

      Average standard deviation of split frequencies: 0.029267

      179000 -- [-5988.664] [...7 remote chains...] -- 0:50:16

      Average standard deviation of split frequencies: 0.028852

      180000 -- [-5977.682] [...7 remote chains...] -- 0:49:59

      Average standard deviation of split frequencies: 0.028640

      181000 -- [-5989.966] [...7 remote chains...] -- 0:50:08

      Average standard deviation of split frequencies: 0.028114

      182000 -- [-5989.992] [...7 remote chains...] -- 0:50:17

      Average standard deviation of split frequencies: 0.028309

      183000 -- [-5992.530] [...7 remote chains...] -- 0:50:00

      Average standard deviation of split frequencies: 0.028252

      184000 -- [-5988.090] [...7 remote chains...] -- 0:50:10

      Average standard deviation of split frequencies: 0.028283

      185000 -- [-5993.092] [...7 remote chains...] -- 0:50:19

      Average standard deviation of split frequencies: 0.028026

      186000 -- [-5986.076] [...7 remote chains...] -- 0:50:02

      Average standard deviation of split frequencies: 0.028084

      187000 -- (-6025.534) [...7 remote chains...] -- 0:50:11

      Average standard deviation of split frequencies: 0.027468

      188000 -- (-6002.506) [...7 remote chains...] -- 0:49:54

      Average standard deviation of split frequencies: 0.027303

      189000 -- (-6019.027) [...7 remote chains...] -- 0:50:03

      Average standard deviation of split frequencies: 0.027030

      190000 -- (-6001.735) [...7 remote chains...] -- 0:50:12

      Average standard deviation of split frequencies: 0.026939

      191000 -- (-6003.237) [...7 remote chains...] -- 0:49:56

      Average standard deviation of split frequencies: 0.026747

      192000 -- [-5997.557] [...7 remote chains...] -- 0:50:05

      Average standard deviation of split frequencies: 0.026171

      193000 -- (-6015.741) [...7 remote chains...] -- 0:49:48

      Average standard deviation of split frequencies: 0.026026

      194000 -- (-6009.910) [...7 remote chains...] -- 0:49:57

      Average standard deviation of split frequencies: 0.026075

      195000 -- (-6005.797) [...7 remote chains...] -- 0:50:06

      Average standard deviation of split frequencies: 0.025558

      196000 -- (-6043.613) [...7 remote chains...] -- 0:49:50

      Average standard deviation of split frequencies: 0.024985

      197000 -- (-6045.118) [...7 remote chains...] -- 0:49:58

      Average standard deviation of split frequencies: 0.024973

      198000 -- (-6024.555) [...7 remote chains...] -- 0:50:07

      Average standard deviation of split frequencies: 0.025125

      199000 -- (-6003.102) [...7 remote chains...] -- 0:49:51

      Average standard deviation of split frequencies: 0.024928

      200000 -- (-5998.636) [...7 remote chains...] -- 0:50:00

      Average standard deviation of split frequencies: 0.025056

      201000 -- [-5985.408] [...7 remote chains...] -- 0:49:44

      Average standard deviation of split frequencies: 0.024731

      202000 -- [-5989.978] [...7 remote chains...] -- 0:49:52

      Average standard deviation of split frequencies: 0.024772

      203000 -- [-5983.861] [...7 remote chains...] -- 0:50:01

      Average standard deviation of split frequencies: 0.024640

      204000 -- [-5998.244] [...7 remote chains...] -- 0:49:45

      Average standard deviation of split frequencies: 0.024716

      205000 -- (-5982.891) [...7 remote chains...] -- 0:49:53

      Average standard deviation of split frequencies: 0.024501

      206000 -- [-5983.969] [...7 remote chains...] -- 0:50:02

      Average standard deviation of split frequencies: 0.024013

      207000 -- [-5984.979] [...7 remote chains...] -- 0:49:46

      Average standard deviation of split frequencies: 0.023702

      208000 -- (-5987.542) [...7 remote chains...] -- 0:49:55

      Average standard deviation of split frequencies: 0.023720

      209000 -- [-5993.504] [...7 remote chains...] -- 0:49:40

      Average standard deviation of split frequencies: 0.023316

      210000 -- [-6002.230] [...7 remote chains...] -- 0:49:48

      Average standard deviation of split frequencies: 0.023022

      211000 -- [-5986.419] [...7 remote chains...] -- 0:49:55

      Average standard deviation of split frequencies: 0.023042

      212000 -- (-6012.840) [...7 remote chains...] -- 0:49:41

      Average standard deviation of split frequencies: 0.022966

      213000 -- (-6041.306) [...7 remote chains...] -- 0:49:49

      Average standard deviation of split frequencies: 0.022688

      214000 -- (-6034.301) [...7 remote chains...] -- 0:49:56

      Average standard deviation of split frequencies: 0.022972

      215000 -- (-6021.219) [...7 remote chains...] -- 0:49:42

      Average standard deviation of split frequencies: 0.022972

      216000 -- (-6017.473) [...7 remote chains...] -- 0:49:50

      Average standard deviation of split frequencies: 0.022732

      217000 -- (-6031.918) [...7 remote chains...] -- 0:49:35

      Average standard deviation of split frequencies: 0.022752

      218000 -- (-6024.274) [...7 remote chains...] -- 0:49:43

      Average standard deviation of split frequencies: 0.022590

      219000 -- (-6027.524) [...7 remote chains...] -- 0:49:50

      Average standard deviation of split frequencies: 0.022625

      220000 -- (-6015.094) [...7 remote chains...] -- 0:49:36

      Average standard deviation of split frequencies: 0.022411

      221000 -- (-5999.886) [...7 remote chains...] -- 0:49:44

      Average standard deviation of split frequencies: 0.022323

      222000 -- (-6009.033) [...7 remote chains...] -- 0:49:51

      Average standard deviation of split frequencies: 0.022525

      223000 -- (-6002.197) [...7 remote chains...] -- 0:49:37

      Average standard deviation of split frequencies: 0.023011

      224000 -- [-6000.583] [...7 remote chains...] -- 0:49:45

      Average standard deviation of split frequencies: 0.022671

      225000 -- (-6016.502) [...7 remote chains...] -- 0:49:31

      Average standard deviation of split frequencies: 0.022304

      226000 -- (-6022.416) [...7 remote chains...] -- 0:49:38

      Average standard deviation of split frequencies: 0.021968

      227000 -- (-6021.267) [...7 remote chains...] -- 0:49:45

      Average standard deviation of split frequencies: 0.022156

      228000 -- (-6028.861) [...7 remote chains...] -- 0:49:32

      Average standard deviation of split frequencies: 0.022097

      229000 -- (-6019.796) [...7 remote chains...] -- 0:49:39

      Average standard deviation of split frequencies: 0.022561

      230000 -- [-6018.014] [...7 remote chains...] -- 0:49:25

      Average standard deviation of split frequencies: 0.022442

      231000 -- (-6006.572) [...7 remote chains...] -- 0:49:32

      Average standard deviation of split frequencies: 0.022569

      232000 -- (-6028.311) [...7 remote chains...] -- 0:49:40

      Average standard deviation of split frequencies: 0.022223

      233000 -- [-6013.003] [...7 remote chains...] -- 0:49:26

      Average standard deviation of split frequencies: 0.021984

      234000 -- (-6025.081) [...7 remote chains...] -- 0:49:33

      Average standard deviation of split frequencies: 0.021972

      235000 -- (-6026.720) [...7 remote chains...] -- 0:49:40

      Average standard deviation of split frequencies: 0.021284

      236000 -- (-6012.028) [...7 remote chains...] -- 0:49:27

      Average standard deviation of split frequencies: 0.021509

      237000 -- (-6022.497) [...7 remote chains...] -- 0:49:34

      Average standard deviation of split frequencies: 0.021379

      238000 -- (-6026.341) [...7 remote chains...] -- 0:49:21

      Average standard deviation of split frequencies: 0.021218

      239000 -- [-6007.434] [...7 remote chains...] -- 0:49:28

      Average standard deviation of split frequencies: 0.021059

      240000 -- [-5995.864] [...7 remote chains...] -- 0:49:35

      Average standard deviation of split frequencies: 0.020627

      241000 -- (-6024.285) [...7 remote chains...] -- 0:49:22

      Average standard deviation of split frequencies: 0.020669

      242000 -- (-6005.617) [...7 remote chains...] -- 0:49:28

      Average standard deviation of split frequencies: 0.020440

      243000 -- (-6009.769) [...7 remote chains...] -- 0:49:15

      Average standard deviation of split frequencies: 0.020324

      244000 -- (-6015.359) [...7 remote chains...] -- 0:49:22

      Average standard deviation of split frequencies: 0.020100

      245000 -- (-6015.309) [...7 remote chains...] -- 0:49:29

      Average standard deviation of split frequencies: 0.020271

      246000 -- (-6015.408) [...7 remote chains...] -- 0:49:16

      Average standard deviation of split frequencies: 0.020339

      247000 -- (-6035.644) [...7 remote chains...] -- 0:49:23

      Average standard deviation of split frequencies: 0.020478

      248000 -- (-6045.847) [...7 remote chains...] -- 0:49:30

      Average standard deviation of split frequencies: 0.020557

      249000 -- (-6054.671) [...7 remote chains...] -- 0:49:17

      Average standard deviation of split frequencies: 0.020468

      250000 -- [-6024.079] [...7 remote chains...] -- 0:49:24

      Average standard deviation of split frequencies: 0.020753

      251000 -- (-6052.104) [...7 remote chains...] -- 0:49:11

      Average standard deviation of split frequencies: 0.020868

      252000 -- (-6022.970) [...7 remote chains...] -- 0:49:18

      Average standard deviation of split frequencies: 0.020903

      253000 -- (-6015.373) [...7 remote chains...] -- 0:49:24

      Average standard deviation of split frequencies: 0.020499

      254000 -- (-6015.111) [...7 remote chains...] -- 0:49:12

      Average standard deviation of split frequencies: 0.020203

      255000 -- (-6026.766) [...7 remote chains...] -- 0:49:18

      Average standard deviation of split frequencies: 0.020213

      256000 -- (-6018.744) [...7 remote chains...] -- 0:49:06

      Average standard deviation of split frequencies: 0.020319

      257000 -- (-6023.705) [...7 remote chains...] -- 0:49:12

      Average standard deviation of split frequencies: 0.020361

      258000 -- (-6024.096) [...7 remote chains...] -- 0:49:19

      Average standard deviation of split frequencies: 0.020286

      259000 -- (-6035.772) [...7 remote chains...] -- 0:49:07

      Average standard deviation of split frequencies: 0.020377

      260000 -- (-6031.020) [...7 remote chains...] -- 0:49:13

      Average standard deviation of split frequencies: 0.020375

      261000 -- (-6031.276) [...7 remote chains...] -- 0:49:01

      Average standard deviation of split frequencies: 0.020387

      262000 -- (-6036.689) [...7 remote chains...] -- 0:49:07

      Average standard deviation of split frequencies: 0.020749

      263000 -- (-6020.472) [...7 remote chains...] -- 0:49:13

      Average standard deviation of split frequencies: 0.020665

      264000 -- (-6016.522) [...7 remote chains...] -- 0:49:02

      Average standard deviation of split frequencies: 0.020621

      265000 -- (-6032.408) [...7 remote chains...] -- 0:49:08

      Average standard deviation of split frequencies: 0.020737

      266000 -- (-6048.789) [...7 remote chains...] -- 0:49:14

      Average standard deviation of split frequencies: 0.020766

      267000 -- (-6070.975) [...7 remote chains...] -- 0:49:02

      Average standard deviation of split frequencies: 0.020588

      268000 -- (-6059.673) [...7 remote chains...] -- 0:49:08

      Average standard deviation of split frequencies: 0.020446

      269000 -- (-6063.346) [...7 remote chains...] -- 0:48:57

      Average standard deviation of split frequencies: 0.020266

      270000 -- (-6052.989) [...7 remote chains...] -- 0:49:03

      Average standard deviation of split frequencies: 0.020246

      271000 -- (-6050.849) [...7 remote chains...] -- 0:49:09

      Average standard deviation of split frequencies: 0.020325

      272000 -- (-6062.223) [...7 remote chains...] -- 0:48:57

      Average standard deviation of split frequencies: 0.020793

      273000 -- (-6047.615) [...7 remote chains...] -- 0:49:03

      Average standard deviation of split frequencies: 0.020979

      274000 -- (-6040.113) [...7 remote chains...] -- 0:49:09

      Average standard deviation of split frequencies: 0.021202

      275000 -- (-6027.230) [...7 remote chains...] -- 0:48:58

      Average standard deviation of split frequencies: 0.021526

      276000 -- (-6008.242) [...7 remote chains...] -- 0:49:03

      Average standard deviation of split frequencies: 0.021474

      277000 -- (-6004.986) [...7 remote chains...] -- 0:48:52

      Average standard deviation of split frequencies: 0.021365

      278000 -- [-5999.235] [...7 remote chains...] -- 0:48:58

      Average standard deviation of split frequencies: 0.021665

      279000 -- [-5985.100] [...7 remote chains...] -- 0:49:04

      Average standard deviation of split frequencies: 0.021406

      280000 -- [-5980.933] [...7 remote chains...] -- 0:48:53

      Average standard deviation of split frequencies: 0.021399

      281000 -- [-5993.296] [...7 remote chains...] -- 0:48:58

      Average standard deviation of split frequencies: 0.021168

      282000 -- [-5997.937] [...7 remote chains...] -- 0:49:04

      Average standard deviation of split frequencies: 0.020896

      283000 -- [-5998.501] [...7 remote chains...] -- 0:48:53

      Average standard deviation of split frequencies: 0.020475

      284000 -- (-6036.172) [...7 remote chains...] -- 0:48:59

      Average standard deviation of split frequencies: 0.020545

      285000 -- (-6008.859) [...7 remote chains...] -- 0:48:48

      Average standard deviation of split frequencies: 0.020193

      286000 -- [-5995.725] [...7 remote chains...] -- 0:48:53

      Average standard deviation of split frequencies: 0.020026

      287000 -- [-6000.797] [...7 remote chains...] -- 0:48:59

      Average standard deviation of split frequencies: 0.020117

      288000 -- (-5996.417) [...7 remote chains...] -- 0:48:48

      Average standard deviation of split frequencies: 0.020022

      289000 -- [-6004.878] [...7 remote chains...] -- 0:48:54

      Average standard deviation of split frequencies: 0.020074

      290000 -- (-6016.280) [...7 remote chains...] -- 0:48:43

      Average standard deviation of split frequencies: 0.020162

      291000 -- [-6016.549] [...7 remote chains...] -- 0:48:48

      Average standard deviation of split frequencies: 0.020166

      292000 -- [-6007.143] [...7 remote chains...] -- 0:48:54

      Average standard deviation of split frequencies: 0.020236

      293000 -- (-6050.363) [...7 remote chains...] -- 0:48:43

      Average standard deviation of split frequencies: 0.020393

      294000 -- (-6051.752) [...7 remote chains...] -- 0:48:49

      Average standard deviation of split frequencies: 0.020124

      295000 -- (-6048.196) [...7 remote chains...] -- 0:48:54

      Average standard deviation of split frequencies: 0.019651

      296000 -- (-6012.375) [...7 remote chains...] -- 0:48:44

      Average standard deviation of split frequencies: 0.019491

      297000 -- [-6018.419] [...7 remote chains...] -- 0:48:49

      Average standard deviation of split frequencies: 0.019511

      298000 -- (-6030.198) [...7 remote chains...] -- 0:48:39

      Average standard deviation of split frequencies: 0.019194

      299000 -- [-6015.079] [...7 remote chains...] -- 0:48:44

      Average standard deviation of split frequencies: 0.018927

      300000 -- (-6017.555) [...7 remote chains...] -- 0:48:49

      Average standard deviation of split frequencies: 0.018808

      301000 -- (-6037.834) [...7 remote chains...] -- 0:48:39

      Average standard deviation of split frequencies: 0.018603

      302000 -- (-6048.325) [...7 remote chains...] -- 0:48:44

      Average standard deviation of split frequencies: 0.018713

      303000 -- (-6029.802) [...7 remote chains...] -- 0:48:34

      Average standard deviation of split frequencies: 0.018695

      304000 -- (-6030.564) [...7 remote chains...] -- 0:48:39

      Average standard deviation of split frequencies: 0.018770

      305000 -- (-6022.208) [...7 remote chains...] -- 0:48:44

      Average standard deviation of split frequencies: 0.018755

      306000 -- (-6043.515) [...7 remote chains...] -- 0:48:34

      Average standard deviation of split frequencies: 0.018996

      307000 -- (-6061.460) [...7 remote chains...] -- 0:48:39

      Average standard deviation of split frequencies: 0.018809

      308000 -- (-6035.982) [...7 remote chains...] -- 0:48:44

      Average standard deviation of split frequencies: 0.018865

      309000 -- (-6063.183) [...7 remote chains...] -- 0:48:34

      Average standard deviation of split frequencies: 0.018715

      310000 -- (-6042.815) [...7 remote chains...] -- 0:48:39

      Average standard deviation of split frequencies: 0.018635

      311000 -- (-6041.207) [...7 remote chains...] -- 0:48:29

      Average standard deviation of split frequencies: 0.018826

      312000 -- (-6035.467) [...7 remote chains...] -- 0:48:34

      Average standard deviation of split frequencies: 0.018988

      313000 -- (-6008.343) [...7 remote chains...] -- 0:48:40

      Average standard deviation of split frequencies: 0.018821

      314000 -- (-5992.298) [...7 remote chains...] -- 0:48:30

      Average standard deviation of split frequencies: 0.018788

      315000 -- (-6011.125) [...7 remote chains...] -- 0:48:35

      Average standard deviation of split frequencies: 0.018617

      316000 -- (-6002.117) [...7 remote chains...] -- 0:48:25

      Average standard deviation of split frequencies: 0.018383

      317000 -- [-5998.308] [...7 remote chains...] -- 0:48:30

      Average standard deviation of split frequencies: 0.018424

      318000 -- (-6004.756) [...7 remote chains...] -- 0:48:35

      Average standard deviation of split frequencies: 0.018414

      319000 -- (-6033.921) [...7 remote chains...] -- 0:48:25

      Average standard deviation of split frequencies: 0.018240

      320000 -- (-6016.656) [...7 remote chains...] -- 0:48:30

      Average standard deviation of split frequencies: 0.018741

      321000 -- (-6024.750) [...7 remote chains...] -- 0:48:35

      Average standard deviation of split frequencies: 0.018690

      322000 -- (-6022.667) [...7 remote chains...] -- 0:48:25

      Average standard deviation of split frequencies: 0.018690

      323000 -- (-6029.439) [...7 remote chains...] -- 0:48:30

      Average standard deviation of split frequencies: 0.018633

      324000 -- (-6034.588) [...7 remote chains...] -- 0:48:20

      Average standard deviation of split frequencies: 0.018425

      325000 -- (-6048.923) [...7 remote chains...] -- 0:48:25

      Average standard deviation of split frequencies: 0.018214

      326000 -- (-6054.600) [...7 remote chains...] -- 0:48:30

      Average standard deviation of split frequencies: 0.017844

      327000 -- (-6038.825) [...7 remote chains...] -- 0:48:20

      Average standard deviation of split frequencies: 0.018102

      328000 -- (-6022.954) [...7 remote chains...] -- 0:48:25

      Average standard deviation of split frequencies: 0.018152

      329000 -- (-6033.785) [...7 remote chains...] -- 0:48:30

      Average standard deviation of split frequencies: 0.018143

      330000 -- (-6034.336) [...7 remote chains...] -- 0:48:21

      Average standard deviation of split frequencies: 0.018276

      331000 -- (-6041.891) [...7 remote chains...] -- 0:48:25

      Average standard deviation of split frequencies: 0.017902

      332000 -- (-6048.087) [...7 remote chains...] -- 0:48:16

      Average standard deviation of split frequencies: 0.018033

      333000 -- (-6043.208) [...7 remote chains...] -- 0:48:21

      Average standard deviation of split frequencies: 0.018360

      334000 -- (-6067.236) [...7 remote chains...] -- 0:48:25

      Average standard deviation of split frequencies: 0.018382

      335000 -- (-6028.982) [...7 remote chains...] -- 0:48:16

      Average standard deviation of split frequencies: 0.018526

      336000 -- (-6049.155) [...7 remote chains...] -- 0:48:21

      Average standard deviation of split frequencies: 0.018427

      337000 -- (-6062.203) [...7 remote chains...] -- 0:48:25

      Average standard deviation of split frequencies: 0.018606

      338000 -- (-6034.652) [...7 remote chains...] -- 0:48:16

      Average standard deviation of split frequencies: 0.018580

      339000 -- (-6074.670) [...7 remote chains...] -- 0:48:21

      Average standard deviation of split frequencies: 0.018706

      340000 -- (-6074.492) [...7 remote chains...] -- 0:48:11

      Average standard deviation of split frequencies: 0.018695

      341000 -- (-6036.778) [...7 remote chains...] -- 0:48:16

      Average standard deviation of split frequencies: 0.018622

      342000 -- (-6036.264) [...7 remote chains...] -- 0:48:21

      Average standard deviation of split frequencies: 0.018597

      343000 -- (-6056.508) [...7 remote chains...] -- 0:48:11

      Average standard deviation of split frequencies: 0.018446

      344000 -- (-6006.406) [...7 remote chains...] -- 0:48:16

      Average standard deviation of split frequencies: 0.018375

      345000 -- (-6026.383) [...7 remote chains...] -- 0:48:07

      Average standard deviation of split frequencies: 0.018365

      346000 -- (-6055.504) [...7 remote chains...] -- 0:48:11

      Average standard deviation of split frequencies: 0.018743

      347000 -- (-6046.460) [...7 remote chains...] -- 0:48:16

      Average standard deviation of split frequencies: 0.018516

      348000 -- (-6007.183) [...7 remote chains...] -- 0:48:07

      Average standard deviation of split frequencies: 0.018432

      349000 -- (-5999.835) [...7 remote chains...] -- 0:48:11

      Average standard deviation of split frequencies: 0.018474

      350000 -- [-6013.338] [...7 remote chains...] -- 0:48:16

      Average standard deviation of split frequencies: 0.018577

      351000 -- (-6022.426) [...7 remote chains...] -- 0:48:07

      Average standard deviation of split frequencies: 0.018404

      352000 -- (-6043.933) [...7 remote chains...] -- 0:48:11

      Average standard deviation of split frequencies: 0.018027

      353000 -- (-6019.605) [...7 remote chains...] -- 0:48:02

      Average standard deviation of split frequencies: 0.017963

      354000 -- [-6001.106] [...7 remote chains...] -- 0:48:07

      Average standard deviation of split frequencies: 0.017957

      355000 -- (-6020.695) [...7 remote chains...] -- 0:48:11

      Average standard deviation of split frequencies: 0.017911

      356000 -- (-6031.654) [...7 remote chains...] -- 0:48:02

      Average standard deviation of split frequencies: 0.017923

      357000 -- (-6030.678) [...7 remote chains...] -- 0:48:07

      Average standard deviation of split frequencies: 0.018115

      358000 -- (-6005.338) [...7 remote chains...] -- 0:48:11

      Average standard deviation of split frequencies: 0.017898

      359000 -- [-6003.353] [...7 remote chains...] -- 0:48:02

      Average standard deviation of split frequencies: 0.017903

      360000 -- (-6018.289) [...7 remote chains...] -- 0:48:07

      Average standard deviation of split frequencies: 0.017792

      361000 -- (-6060.078) [...7 remote chains...] -- 0:47:58

      Average standard deviation of split frequencies: 0.017666

      362000 -- (-6059.503) [...7 remote chains...] -- 0:48:02

      Average standard deviation of split frequencies: 0.017739

      363000 -- (-6042.287) [...7 remote chains...] -- 0:48:06

      Average standard deviation of split frequencies: 0.017949

      364000 -- (-6050.730) [...7 remote chains...] -- 0:47:58

      Average standard deviation of split frequencies: 0.018215

      365000 -- (-6035.598) [...7 remote chains...] -- 0:48:02

      Average standard deviation of split frequencies: 0.018193

      366000 -- (-6041.430) [...7 remote chains...] -- 0:48:06

      Average standard deviation of split frequencies: 0.018172

      367000 -- (-6050.239) [...7 remote chains...] -- 0:47:58

      Average standard deviation of split frequencies: 0.018172

      368000 -- (-6044.536) [...7 remote chains...] -- 0:48:02

      Average standard deviation of split frequencies: 0.018225

      369000 -- (-6019.316) [...7 remote chains...] -- 0:47:53

      Average standard deviation of split frequencies: 0.017953

      370000 -- (-6019.926) [...7 remote chains...] -- 0:47:58

      Average standard deviation of split frequencies: 0.017873

      371000 -- (-6010.738) [...7 remote chains...] -- 0:48:02

      Average standard deviation of split frequencies: 0.017902

      372000 -- (-6003.449) [...7 remote chains...] -- 0:47:53

      Average standard deviation of split frequencies: 0.017794

      373000 -- [-5996.798] [...7 remote chains...] -- 0:47:57

      Average standard deviation of split frequencies: 0.017913

      374000 -- (-6006.066) [...7 remote chains...] -- 0:47:49

      Average standard deviation of split frequencies: 0.017729

      375000 -- (-6004.547) [...7 remote chains...] -- 0:47:53

      Average standard deviation of split frequencies: 0.017980

      376000 -- (-5997.503) [...7 remote chains...] -- 0:47:57

      Average standard deviation of split frequencies: 0.017926

      377000 -- (-6023.560) [...7 remote chains...] -- 0:47:49

      Average standard deviation of split frequencies: 0.017817

      378000 -- (-5991.452) [...7 remote chains...] -- 0:47:53

      Average standard deviation of split frequencies: 0.017884

      379000 -- [-5992.183] [...7 remote chains...] -- 0:47:57

      Average standard deviation of split frequencies: 0.017654

      380000 -- [-5997.888] [...7 remote chains...] -- 0:47:49

      Average standard deviation of split frequencies: 0.017450

      381000 -- (-6012.716) [...7 remote chains...] -- 0:47:53

      Average standard deviation of split frequencies: 0.017389

      382000 -- (-6021.923) [...7 remote chains...] -- 0:47:45

      Average standard deviation of split frequencies: 0.017116

      383000 -- (-6026.121) [...7 remote chains...] -- 0:47:49

      Average standard deviation of split frequencies: 0.017058

      384000 -- (-6035.760) [...7 remote chains...] -- 0:47:52

      Average standard deviation of split frequencies: 0.016814

      385000 -- [-6010.204] [...7 remote chains...] -- 0:47:44

      Average standard deviation of split frequencies: 0.016841

      386000 -- (-6011.738) [...7 remote chains...] -- 0:47:48

      Average standard deviation of split frequencies: 0.016909

      387000 -- (-6022.291) [...7 remote chains...] -- 0:47:52

      Average standard deviation of split frequencies: 0.016953

      388000 -- (-6035.222) [...7 remote chains...] -- 0:47:44

      Average standard deviation of split frequencies: 0.017036

      389000 -- (-6020.218) [...7 remote chains...] -- 0:47:48

      Average standard deviation of split frequencies: 0.016837

      390000 -- (-5999.085) [...7 remote chains...] -- 0:47:40

      Average standard deviation of split frequencies: 0.016696

      391000 -- (-5994.508) [...7 remote chains...] -- 0:47:44

      Average standard deviation of split frequencies: 0.016470

      392000 -- (-6002.030) [...7 remote chains...] -- 0:47:48

      Average standard deviation of split frequencies: 0.016319

      393000 -- (-6007.856) [...7 remote chains...] -- 0:47:40

      Average standard deviation of split frequencies: 0.016250

      394000 -- (-6007.898) [...7 remote chains...] -- 0:47:44

      Average standard deviation of split frequencies: 0.016322

      395000 -- [-6000.053] [...7 remote chains...] -- 0:47:36

      Average standard deviation of split frequencies: 0.016181

      396000 -- [-5999.419] [...7 remote chains...] -- 0:47:40

      Average standard deviation of split frequencies: 0.016127

      397000 -- (-6029.467) [...7 remote chains...] -- 0:47:43

      Average standard deviation of split frequencies: 0.016004

      398000 -- (-6017.628) [...7 remote chains...] -- 0:47:36

      Average standard deviation of split frequencies: 0.016047

      399000 -- (-6029.349) [...7 remote chains...] -- 0:47:39

      Average standard deviation of split frequencies: 0.015882

      400000 -- (-6025.526) [...7 remote chains...] -- 0:47:43

      Average standard deviation of split frequencies: 0.015861

      401000 -- (-6041.864) [...7 remote chains...] -- 0:47:35

      Average standard deviation of split frequencies: 0.015711

      402000 -- (-6039.288) [...7 remote chains...] -- 0:47:39

      Average standard deviation of split frequencies: 0.015714

      403000 -- (-6042.756) [...7 remote chains...] -- 0:47:31

      Average standard deviation of split frequencies: 0.015756

      404000 -- (-6029.039) [...7 remote chains...] -- 0:47:35

      Average standard deviation of split frequencies: 0.015759

      405000 -- (-6030.862) [...7 remote chains...] -- 0:47:39

      Average standard deviation of split frequencies: 0.015611

      406000 -- (-6038.627) [...7 remote chains...] -- 0:47:31

      Average standard deviation of split frequencies: 0.015615

      407000 -- (-6014.547) [...7 remote chains...] -- 0:47:35

      Average standard deviation of split frequencies: 0.015432

      408000 -- (-6008.315) [...7 remote chains...] -- 0:47:38

      Average standard deviation of split frequencies: 0.015453

      409000 -- [-5990.372] [...7 remote chains...] -- 0:47:31

      Average standard deviation of split frequencies: 0.015630

      410000 -- [-5979.166] [...7 remote chains...] -- 0:47:34

      Average standard deviation of split frequencies: 0.015686

      411000 -- [-5985.936] [...7 remote chains...] -- 0:47:27

      Average standard deviation of split frequencies: 0.015566

      412000 -- (-6008.236) [...7 remote chains...] -- 0:47:30

      Average standard deviation of split frequencies: 0.015426

      413000 -- [-6009.238] [...7 remote chains...] -- 0:47:34

      Average standard deviation of split frequencies: 0.015474

      414000 -- [-5995.684] [...7 remote chains...] -- 0:47:26

      Average standard deviation of split frequencies: 0.015692

      415000 -- [-6013.906] [...7 remote chains...] -- 0:47:30

      Average standard deviation of split frequencies: 0.015865

      416000 -- (-6043.471) [...7 remote chains...] -- 0:47:33

      Average standard deviation of split frequencies: 0.015761

      417000 -- (-6024.739) [...7 remote chains...] -- 0:47:26

      Average standard deviation of split frequencies: 0.015816

      418000 -- (-6024.624) [...7 remote chains...] -- 0:47:30

      Average standard deviation of split frequencies: 0.015557

      419000 -- (-6018.600) [...7 remote chains...] -- 0:47:22

      Average standard deviation of split frequencies: 0.015479

      420000 -- (-6019.397) [...7 remote chains...] -- 0:47:26

      Average standard deviation of split frequencies: 0.015599

      421000 -- (-6005.961) [...7 remote chains...] -- 0:47:29

      Average standard deviation of split frequencies: 0.015666

      422000 -- [-6004.300] [...7 remote chains...] -- 0:47:22

      Average standard deviation of split frequencies: 0.015655

      423000 -- (-6004.749) [...7 remote chains...] -- 0:47:25

      Average standard deviation of split frequencies: 0.015630

      424000 -- (-6012.137) [...7 remote chains...] -- 0:47:29

      Average standard deviation of split frequencies: 0.015683

      425000 -- (-6021.458) [...7 remote chains...] -- 0:47:21

      Average standard deviation of split frequencies: 0.015672

      426000 -- (-6015.618) [...7 remote chains...] -- 0:47:25

      Average standard deviation of split frequencies: 0.015667

      427000 -- (-5996.965) [...7 remote chains...] -- 0:47:18

      Average standard deviation of split frequencies: 0.015733

      428000 -- [-5999.259] [...7 remote chains...] -- 0:47:21

      Average standard deviation of split frequencies: 0.015721

      429000 -- [-5994.269] [...7 remote chains...] -- 0:47:24

      Average standard deviation of split frequencies: 0.015760

      430000 -- [-5988.237] [...7 remote chains...] -- 0:47:17

      Average standard deviation of split frequencies: 0.015851

      431000 -- (-5994.607) [...7 remote chains...] -- 0:47:21

      Average standard deviation of split frequencies: 0.015711

      432000 -- (-6005.567) [...7 remote chains...] -- 0:47:24

      Average standard deviation of split frequencies: 0.015752

      433000 -- (-6029.034) [...7 remote chains...] -- 0:47:17

      Average standard deviation of split frequencies: 0.015589

      434000 -- (-6015.658) [...7 remote chains...] -- 0:47:20

      Average standard deviation of split frequencies: 0.015617

      435000 -- (-6043.056) [...7 remote chains...] -- 0:47:13

      Average standard deviation of split frequencies: 0.015668

      436000 -- (-6027.331) [...7 remote chains...] -- 0:47:16

      Average standard deviation of split frequencies: 0.015570

      437000 -- (-6039.801) [...7 remote chains...] -- 0:47:20

      Average standard deviation of split frequencies: 0.015648

      438000 -- (-6010.627) [...7 remote chains...] -- 0:47:13

      Average standard deviation of split frequencies: 0.015814

      439000 -- (-6021.292) [...7 remote chains...] -- 0:47:16

      Average standard deviation of split frequencies: 0.015734

      440000 -- (-6032.643) [...7 remote chains...] -- 0:47:19

      Average standard deviation of split frequencies: 0.015895

      441000 -- (-6015.893) [...7 remote chains...] -- 0:47:12

      Average standard deviation of split frequencies: 0.015910

      442000 -- (-6005.822) [...7 remote chains...] -- 0:47:15

      Average standard deviation of split frequencies: 0.016027

      443000 -- (-5982.299) [...7 remote chains...] -- 0:47:08

      Average standard deviation of split frequencies: 0.015837

      444000 -- [-5983.897] [...7 remote chains...] -- 0:47:12

      Average standard deviation of split frequencies: 0.015815

      445000 -- [-5984.912] [...7 remote chains...] -- 0:47:15

      Average standard deviation of split frequencies: 0.015605

      446000 -- [-5984.468] [...7 remote chains...] -- 0:47:08

      Average standard deviation of split frequencies: 0.015558

      447000 -- (-6004.262) [...7 remote chains...] -- 0:47:11

      Average standard deviation of split frequencies: 0.015740

      448000 -- (-5993.452) [...7 remote chains...] -- 0:47:14

      Average standard deviation of split frequencies: 0.015818

      449000 -- (-5984.115) [...7 remote chains...] -- 0:47:07

      Average standard deviation of split frequencies: 0.015964

      450000 -- [-6000.917] [...7 remote chains...] -- 0:47:11

      Average standard deviation of split frequencies: 0.015768

      451000 -- [-5993.307] [...7 remote chains...] -- 0:47:04

      Average standard deviation of split frequencies: 0.015569

      452000 -- [-5992.730] [...7 remote chains...] -- 0:47:07

      Average standard deviation of split frequencies: 0.015561

      453000 -- [-5983.722] [...7 remote chains...] -- 0:47:10

      Average standard deviation of split frequencies: 0.015645

      454000 -- [-6004.095] [...7 remote chains...] -- 0:47:03

      Average standard deviation of split frequencies: 0.015531

      455000 -- (-6024.893) [...7 remote chains...] -- 0:47:06

      Average standard deviation of split frequencies: 0.015334

      456000 -- (-6017.385) [...7 remote chains...] -- 0:47:10

      Average standard deviation of split frequencies: 0.015339

      457000 -- (-6014.320) [...7 remote chains...] -- 0:47:03

      Average standard deviation of split frequencies: 0.015306

      458000 -- [-6027.366] [...7 remote chains...] -- 0:47:06

      Average standard deviation of split frequencies: 0.015311

      459000 -- (-6034.488) [...7 remote chains...] -- 0:46:59

      Average standard deviation of split frequencies: 0.015342

      460000 -- (-6011.208) [...7 remote chains...] -- 0:47:02

      Average standard deviation of split frequencies: 0.015309

      461000 -- (-6005.384) [...7 remote chains...] -- 0:47:05

      Average standard deviation of split frequencies: 0.015229

      462000 -- (-5982.964) [...7 remote chains...] -- 0:46:59

      Average standard deviation of split frequencies: 0.015029

      463000 -- [-6012.624] [...7 remote chains...] -- 0:47:02

      Average standard deviation of split frequencies: 0.015125

      464000 -- (-6021.125) [...7 remote chains...] -- 0:47:05

      Average standard deviation of split frequencies: 0.015106

      465000 -- (-6029.205) [...7 remote chains...] -- 0:46:58

      Average standard deviation of split frequencies: 0.015122

      466000 -- (-6042.182) [...7 remote chains...] -- 0:47:01

      Average standard deviation of split frequencies: 0.015262

      467000 -- (-6063.952) [...7 remote chains...] -- 0:46:54

      Average standard deviation of split frequencies: 0.015182

      468000 -- (-6039.609) [...7 remote chains...] -- 0:46:57

      Average standard deviation of split frequencies: 0.015163

      469000 -- (-6058.246) [...7 remote chains...] -- 0:47:01

      Average standard deviation of split frequencies: 0.015257

      470000 -- (-6048.494) [...7 remote chains...] -- 0:46:54

      Average standard deviation of split frequencies: 0.015119

      471000 -- (-6022.093) [...7 remote chains...] -- 0:46:57

      Average standard deviation of split frequencies: 0.015119

      472000 -- (-6023.539) [...7 remote chains...] -- 0:46:50

      Average standard deviation of split frequencies: 0.015148

      473000 -- (-6023.039) [...7 remote chains...] -- 0:46:53

      Average standard deviation of split frequencies: 0.015098

      474000 -- [-6017.533] [...7 remote chains...] -- 0:46:56

      Average standard deviation of split frequencies: 0.015268

      475000 -- (-5996.360) [...7 remote chains...] -- 0:46:50

      Average standard deviation of split frequencies: 0.015280

      476000 -- (-6009.582) [...7 remote chains...] -- 0:46:53

      Average standard deviation of split frequencies: 0.015284

      477000 -- (-6008.461) [...7 remote chains...] -- 0:46:56

      Average standard deviation of split frequencies: 0.015300

      478000 -- (-6010.024) [...7 remote chains...] -- 0:46:49

      Average standard deviation of split frequencies: 0.015342

      479000 -- (-6033.072) [...7 remote chains...] -- 0:46:52

      Average standard deviation of split frequencies: 0.015318

      480000 -- (-6030.676) [...7 remote chains...] -- 0:46:46

      Average standard deviation of split frequencies: 0.015718

      481000 -- (-6050.225) [...7 remote chains...] -- 0:46:49

      Average standard deviation of split frequencies: 0.015780

      482000 -- (-6013.542) [...7 remote chains...] -- 0:46:52

      Average standard deviation of split frequencies: 0.015619

      483000 -- (-6027.068) [...7 remote chains...] -- 0:46:45

      Average standard deviation of split frequencies: 0.015795

      484000 -- (-6005.813) [...7 remote chains...] -- 0:46:48

      Average standard deviation of split frequencies: 0.015845

      485000 -- (-6024.025) [...7 remote chains...] -- 0:46:42

      Average standard deviation of split frequencies: 0.015638

      486000 -- (-6008.970) [...7 remote chains...] -- 0:46:44

      Average standard deviation of split frequencies: 0.015514

      487000 -- (-6031.294) [...7 remote chains...] -- 0:46:47

      Average standard deviation of split frequencies: 0.015374

      488000 -- (-6070.691) [...7 remote chains...] -- 0:46:41

      Average standard deviation of split frequencies: 0.015390

      489000 -- (-6037.515) [...7 remote chains...] -- 0:46:44

      Average standard deviation of split frequencies: 0.015244

      490000 -- (-6025.344) [...7 remote chains...] -- 0:46:47

      Average standard deviation of split frequencies: 0.015180

      491000 -- (-6010.536) [...7 remote chains...] -- 0:46:40

      Average standard deviation of split frequencies: 0.015192

      492000 -- (-5993.875) [...7 remote chains...] -- 0:46:43

      Average standard deviation of split frequencies: 0.015162

      493000 -- [-5987.667] [...7 remote chains...] -- 0:46:37

      Average standard deviation of split frequencies: 0.015074

      494000 -- (-6007.610) [...7 remote chains...] -- 0:46:40

      Average standard deviation of split frequencies: 0.015068

      495000 -- (-6002.165) [...7 remote chains...] -- 0:46:43

      Average standard deviation of split frequencies: 0.015058

      496000 -- (-6024.038) [...7 remote chains...] -- 0:46:36

      Average standard deviation of split frequencies: 0.015029

      497000 -- (-6026.467) [...7 remote chains...] -- 0:46:39

      Average standard deviation of split frequencies: 0.015193

      498000 -- (-6068.491) [...7 remote chains...] -- 0:46:42

      Average standard deviation of split frequencies: 0.015254

      499000 -- (-6034.210) [...7 remote chains...] -- 0:46:36

      Average standard deviation of split frequencies: 0.015390

      500000 -- (-6038.409) [...7 remote chains...] -- 0:46:39

      Average standard deviation of split frequencies: 0.015484

      501000 -- (-6015.139) [...7 remote chains...] -- 0:46:32

      Average standard deviation of split frequencies: 0.015518

      502000 -- (-6009.366) [...7 remote chains...] -- 0:46:35

      Average standard deviation of split frequencies: 0.015444

      503000 -- (-6030.132) [...7 remote chains...] -- 0:46:38

      Average standard deviation of split frequencies: 0.015326

      504000 -- (-5995.117) [...7 remote chains...] -- 0:46:32

      Average standard deviation of split frequencies: 0.015207

      505000 -- [-5989.695] [...7 remote chains...] -- 0:46:34

      Average standard deviation of split frequencies: 0.015144

      506000 -- [-5998.305] [...7 remote chains...] -- 0:46:37

      Average standard deviation of split frequencies: 0.015172

      507000 -- [-5987.610] [...7 remote chains...] -- 0:46:31

      Average standard deviation of split frequencies: 0.015362

      508000 -- [-6008.477] [...7 remote chains...] -- 0:46:34

      Average standard deviation of split frequencies: 0.015485

      509000 -- (-6025.051) [...7 remote chains...] -- 0:46:28

      Average standard deviation of split frequencies: 0.015555

      510000 -- (-6034.914) [...7 remote chains...] -- 0:46:30

      Average standard deviation of split frequencies: 0.015669

      511000 -- (-6039.362) [...7 remote chains...] -- 0:46:33

      Average standard deviation of split frequencies: 0.016069

      512000 -- (-6039.886) [...7 remote chains...] -- 0:46:27

      Average standard deviation of split frequencies: 0.016149

      513000 -- (-6046.852) [...7 remote chains...] -- 0:46:30

      Average standard deviation of split frequencies: 0.016216

      514000 -- (-6043.130) [...7 remote chains...] -- 0:46:32

      Average standard deviation of split frequencies: 0.016315

      515000 -- (-6063.319) [...7 remote chains...] -- 0:46:26

      Average standard deviation of split frequencies: 0.016455

      516000 -- (-6043.487) [...7 remote chains...] -- 0:46:29

      Average standard deviation of split frequencies: 0.016456

      517000 -- (-6034.426) [...7 remote chains...] -- 0:46:23

      Average standard deviation of split frequencies: 0.016542

      518000 -- (-6041.405) [...7 remote chains...] -- 0:46:26

      Average standard deviation of split frequencies: 0.016563

      519000 -- (-6023.792) [...7 remote chains...] -- 0:46:28

      Average standard deviation of split frequencies: 0.016862

      520000 -- (-6021.645) [...7 remote chains...] -- 0:46:22

      Average standard deviation of split frequencies: 0.016836

      521000 -- (-6012.513) [...7 remote chains...] -- 0:46:25

      Average standard deviation of split frequencies: 0.016911

      522000 -- (-6001.805) [...7 remote chains...] -- 0:46:28

      Average standard deviation of split frequencies: 0.016900

      523000 -- (-5994.123) [...7 remote chains...] -- 0:46:22

      Average standard deviation of split frequencies: 0.017125

      524000 -- (-5995.595) [...7 remote chains...] -- 0:46:24

      Average standard deviation of split frequencies: 0.017124

      525000 -- (-6013.767) [...7 remote chains...] -- 0:46:18

      Average standard deviation of split frequencies: 0.017177

      526000 -- (-6019.155) [...7 remote chains...] -- 0:46:21

      Average standard deviation of split frequencies: 0.017219

      527000 -- [-6005.462] [...7 remote chains...] -- 0:46:23

      Average standard deviation of split frequencies: 0.017123

      528000 -- (-6013.651) [...7 remote chains...] -- 0:46:18

      Average standard deviation of split frequencies: 0.017143

      529000 -- (-6018.914) [...7 remote chains...] -- 0:46:20

      Average standard deviation of split frequencies: 0.017199

      530000 -- (-6027.603) [...7 remote chains...] -- 0:46:23

      Average standard deviation of split frequencies: 0.017198

      531000 -- (-6028.273) [...7 remote chains...] -- 0:46:17

      Average standard deviation of split frequencies: 0.017292

      532000 -- (-6012.471) [...7 remote chains...] -- 0:46:19

      Average standard deviation of split frequencies: 0.017280

      533000 -- (-6033.012) [...7 remote chains...] -- 0:46:14

      Average standard deviation of split frequencies: 0.017258

      534000 -- (-6011.623) [...7 remote chains...] -- 0:46:16

      Average standard deviation of split frequencies: 0.017225

      535000 -- (-6007.111) [...7 remote chains...] -- 0:46:19

      Average standard deviation of split frequencies: 0.017215

      536000 -- (-6015.267) [...7 remote chains...] -- 0:46:13

      Average standard deviation of split frequencies: 0.017100

      537000 -- (-6014.954) [...7 remote chains...] -- 0:46:15

      Average standard deviation of split frequencies: 0.016936

      538000 -- (-6035.106) [...7 remote chains...] -- 0:46:10

      Average standard deviation of split frequencies: 0.017008

      539000 -- (-6026.173) [...7 remote chains...] -- 0:46:12

      Average standard deviation of split frequencies: 0.016977

      540000 -- (-6036.555) [...7 remote chains...] -- 0:46:15

      Average standard deviation of split frequencies: 0.016771

      541000 -- [-6008.445] [...7 remote chains...] -- 0:46:09

      Average standard deviation of split frequencies: 0.016689

      542000 -- (-6036.069) [...7 remote chains...] -- 0:46:11

      Average standard deviation of split frequencies: 0.016719

      543000 -- (-6030.106) [...7 remote chains...] -- 0:46:14

      Average standard deviation of split frequencies: 0.016587

      544000 -- [-6015.933] [...7 remote chains...] -- 0:46:08

      Average standard deviation of split frequencies: 0.016556

      545000 -- (-6036.117) [...7 remote chains...] -- 0:46:11

      Average standard deviation of split frequencies: 0.016536

      546000 -- (-6037.911) [...7 remote chains...] -- 0:46:05

      Average standard deviation of split frequencies: 0.016580

      547000 -- (-6043.570) [...7 remote chains...] -- 0:46:07

      Average standard deviation of split frequencies: 0.016483

      548000 -- (-6052.959) [...7 remote chains...] -- 0:46:10

      Average standard deviation of split frequencies: 0.016341

      549000 -- (-6041.067) [...7 remote chains...] -- 0:46:04

      Average standard deviation of split frequencies: 0.016240

      550000 -- (-6013.806) [...7 remote chains...] -- 0:46:07

      Average standard deviation of split frequencies: 0.016037

      551000 -- [-6005.633] [...7 remote chains...] -- 0:46:09

      Average standard deviation of split frequencies: 0.016108

      552000 -- [-6001.563] [...7 remote chains...] -- 0:46:03

      Average standard deviation of split frequencies: 0.015994

      553000 -- [-5987.774] [...7 remote chains...] -- 0:46:06

      Average standard deviation of split frequencies: 0.016002

      554000 -- (-5989.119) [...7 remote chains...] -- 0:46:00

      Average standard deviation of split frequencies: 0.015944

      555000 -- [-5994.358] [...7 remote chains...] -- 0:46:03

      Average standard deviation of split frequencies: 0.016034

      556000 -- [-6002.071] [...7 remote chains...] -- 0:46:05

      Average standard deviation of split frequencies: 0.016036

      557000 -- [-5996.743] [...7 remote chains...] -- 0:45:59

      Average standard deviation of split frequencies: 0.015947

      558000 -- (-5997.496) [...7 remote chains...] -- 0:46:02

      Average standard deviation of split frequencies: 0.015860

      559000 -- (-6015.240) [...7 remote chains...] -- 0:45:56

      Average standard deviation of split frequencies: 0.015618

      560000 -- [-6003.008] [...7 remote chains...] -- 0:45:59

      Average standard deviation of split frequencies: 0.015710

      561000 -- (-6038.510) [...7 remote chains...] -- 0:46:01

      Average standard deviation of split frequencies: 0.015552

      562000 -- (-6017.868) [...7 remote chains...] -- 0:45:55

      Average standard deviation of split frequencies: 0.015385

      563000 -- (-6026.602) [...7 remote chains...] -- 0:45:58

      Average standard deviation of split frequencies: 0.015405

      564000 -- (-6044.508) [...7 remote chains...] -- 0:46:00

      Average standard deviation of split frequencies: 0.015309

      565000 -- (-6034.994) [...7 remote chains...] -- 0:45:55

      Average standard deviation of split frequencies: 0.015263

      566000 -- (-6027.459) [...7 remote chains...] -- 0:45:57

      Average standard deviation of split frequencies: 0.015237

      567000 -- [-6011.317] [...7 remote chains...] -- 0:45:52

      Average standard deviation of split frequencies: 0.015197

      568000 -- (-6007.817) [...7 remote chains...] -- 0:45:54

      Average standard deviation of split frequencies: 0.015162

      569000 -- [-6009.376] [...7 remote chains...] -- 0:45:56

      Average standard deviation of split frequencies: 0.015097

      570000 -- [-5998.102] [...7 remote chains...] -- 0:45:51

      Average standard deviation of split frequencies: 0.014962

      571000 -- (-5997.115) [...7 remote chains...] -- 0:45:53

      Average standard deviation of split frequencies: 0.014893

      572000 -- (-6012.251) [...7 remote chains...] -- 0:45:55

      Average standard deviation of split frequencies: 0.014819

      573000 -- (-6008.400) [...7 remote chains...] -- 0:45:50

      Average standard deviation of split frequencies: 0.014815

      574000 -- (-6027.713) [...7 remote chains...] -- 0:45:52

      Average standard deviation of split frequencies: 0.014919

      575000 -- (-6008.241) [...7 remote chains...] -- 0:45:47

      Average standard deviation of split frequencies: 0.014998

      576000 -- [-6008.339] [...7 remote chains...] -- 0:45:49

      Average standard deviation of split frequencies: 0.014766

      577000 -- (-6007.260) [...7 remote chains...] -- 0:45:51

      Average standard deviation of split frequencies: 0.014614

      578000 -- (-6025.398) [...7 remote chains...] -- 0:45:46

      Average standard deviation of split frequencies: 0.014385

      579000 -- (-6051.063) [...7 remote chains...] -- 0:45:48

      Average standard deviation of split frequencies: 0.014336

      580000 -- (-6019.482) [...7 remote chains...] -- 0:45:51

      Average standard deviation of split frequencies: 0.014411

      581000 -- (-6022.352) [...7 remote chains...] -- 0:45:45

      Average standard deviation of split frequencies: 0.014387

      582000 -- (-6005.408) [...7 remote chains...] -- 0:45:47

      Average standard deviation of split frequencies: 0.014423

      583000 -- (-6013.586) [...7 remote chains...] -- 0:45:42

      Average standard deviation of split frequencies: 0.014267

      584000 -- [-5989.448] [...7 remote chains...] -- 0:45:44

      Average standard deviation of split frequencies: 0.014293

      585000 -- [-5987.246] [...7 remote chains...] -- 0:45:47

      Average standard deviation of split frequencies: 0.014202

      586000 -- (-6000.570) [...7 remote chains...] -- 0:45:41

      Average standard deviation of split frequencies: 0.014102

      587000 -- (-6012.790) [...7 remote chains...] -- 0:45:44

      Average standard deviation of split frequencies: 0.014170

      588000 -- (-6018.212) [...7 remote chains...] -- 0:45:38

      Average standard deviation of split frequencies: 0.014128

      589000 -- (-6026.127) [...7 remote chains...] -- 0:45:40

      Average standard deviation of split frequencies: 0.014068

      590000 -- (-5999.734) [...7 remote chains...] -- 0:45:43

      Average standard deviation of split frequencies: 0.014007

      591000 -- (-6016.672) [...7 remote chains...] -- 0:45:37

      Average standard deviation of split frequencies: 0.014053

      592000 -- [-5996.866] [...7 remote chains...] -- 0:45:40

      Average standard deviation of split frequencies: 0.014089

      593000 -- (-6016.274) [...7 remote chains...] -- 0:45:42

      Average standard deviation of split frequencies: 0.014163

      594000 -- (-6022.924) [...7 remote chains...] -- 0:45:37

      Average standard deviation of split frequencies: 0.014285

      595000 -- (-6015.358) [...7 remote chains...] -- 0:45:39

      Average standard deviation of split frequencies: 0.014563

      596000 -- (-6022.511) [...7 remote chains...] -- 0:45:34

      Average standard deviation of split frequencies: 0.014636

      597000 -- (-6033.892) [...7 remote chains...] -- 0:45:36

      Average standard deviation of split frequencies: 0.014705

      598000 -- (-6025.388) [...7 remote chains...] -- 0:45:38

      Average standard deviation of split frequencies: 0.014615

      599000 -- (-6039.684) [...7 remote chains...] -- 0:45:33

      Average standard deviation of split frequencies: 0.014537

      600000 -- (-6019.381) [...7 remote chains...] -- 0:45:35

      Average standard deviation of split frequencies: 0.014548

      601000 -- (-6030.779) [...7 remote chains...] -- 0:45:37

      Average standard deviation of split frequencies: 0.014592

      602000 -- (-6033.941) [...7 remote chains...] -- 0:45:32

      Average standard deviation of split frequencies: 0.014607

      603000 -- (-6011.245) [...7 remote chains...] -- 0:45:34

      Average standard deviation of split frequencies: 0.014777

      604000 -- (-6018.007) [...7 remote chains...] -- 0:45:29

      Average standard deviation of split frequencies: 0.014773

      605000 -- (-6000.479) [...7 remote chains...] -- 0:45:31

      Average standard deviation of split frequencies: 0.014844

      606000 -- (-6004.608) [...7 remote chains...] -- 0:45:33

      Average standard deviation of split frequencies: 0.014792

      607000 -- (-6019.308) [...7 remote chains...] -- 0:45:28

      Average standard deviation of split frequencies: 0.014905

      608000 -- (-6020.805) [...7 remote chains...] -- 0:45:30

      Average standard deviation of split frequencies: 0.014957

      609000 -- (-6028.677) [...7 remote chains...] -- 0:45:32

      Average standard deviation of split frequencies: 0.014971

      610000 -- (-6028.675) [...7 remote chains...] -- 0:45:27

      Average standard deviation of split frequencies: 0.014883

      611000 -- (-6008.928) [...7 remote chains...] -- 0:45:29

      Average standard deviation of split frequencies: 0.014960

      612000 -- [-5995.644] [...7 remote chains...] -- 0:45:24

      Average standard deviation of split frequencies: 0.015048

      613000 -- [-6008.986] [...7 remote chains...] -- 0:45:26

      Average standard deviation of split frequencies: 0.015254

      614000 -- [-6008.663] [...7 remote chains...] -- 0:45:28

      Average standard deviation of split frequencies: 0.015352

      615000 -- (-5998.586) [...7 remote chains...] -- 0:45:23

      Average standard deviation of split frequencies: 0.015278

      616000 -- [-5994.846] [...7 remote chains...] -- 0:45:25

      Average standard deviation of split frequencies: 0.015217

      617000 -- (-6008.656) [...7 remote chains...] -- 0:45:20

      Average standard deviation of split frequencies: 0.015175

      618000 -- (-6004.993) [...7 remote chains...] -- 0:45:22

      Average standard deviation of split frequencies: 0.015197

      619000 -- (-6014.032) [...7 remote chains...] -- 0:45:24

      Average standard deviation of split frequencies: 0.015262

      620000 -- [-6008.930] [...7 remote chains...] -- 0:45:19

      Average standard deviation of split frequencies: 0.015266

      621000 -- (-6033.014) [...7 remote chains...] -- 0:45:21

      Average standard deviation of split frequencies: 0.015169

      622000 -- (-6085.730) [...7 remote chains...] -- 0:45:23

      Average standard deviation of split frequencies: 0.014973

      623000 -- (-6047.650) [...7 remote chains...] -- 0:45:18

      Average standard deviation of split frequencies: 0.014700

      624000 -- (-6061.536) [...7 remote chains...] -- 0:45:20

      Average standard deviation of split frequencies: 0.014723

      625000 -- (-6034.541) [...7 remote chains...] -- 0:45:16

      Average standard deviation of split frequencies: 0.014737

      626000 -- (-6051.745) [...7 remote chains...] -- 0:45:18

      Average standard deviation of split frequencies: 0.014651

      627000 -- (-6028.363) [...7 remote chains...] -- 0:45:20

      Average standard deviation of split frequencies: 0.014705

      628000 -- (-6056.690) [...7 remote chains...] -- 0:45:15

      Average standard deviation of split frequencies: 0.014764

      629000 -- (-6046.601) [...7 remote chains...] -- 0:45:17

      Average standard deviation of split frequencies: 0.014805

      630000 -- (-6036.594) [...7 remote chains...] -- 0:45:19

      Average standard deviation of split frequencies: 0.014693

      631000 -- (-6022.831) [...7 remote chains...] -- 0:45:14

      Average standard deviation of split frequencies: 0.014657

      632000 -- (-6017.851) [...7 remote chains...] -- 0:45:16

      Average standard deviation of split frequencies: 0.014707

      633000 -- [-5996.552] [...7 remote chains...] -- 0:45:11

      Average standard deviation of split frequencies: 0.014631

      634000 -- (-5997.472) [...7 remote chains...] -- 0:45:13

      Average standard deviation of split frequencies: 0.014538

      635000 -- (-6004.054) [...7 remote chains...] -- 0:45:15

      Average standard deviation of split frequencies: 0.014620

      636000 -- (-6006.647) [...7 remote chains...] -- 0:45:10

      Average standard deviation of split frequencies: 0.014511

      637000 -- [-5992.314] [...7 remote chains...] -- 0:45:12

      Average standard deviation of split frequencies: 0.014499

      638000 -- [-6009.511] [...7 remote chains...] -- 0:45:07

      Average standard deviation of split frequencies: 0.014538

      639000 -- (-6012.030) [...7 remote chains...] -- 0:45:09

      Average standard deviation of split frequencies: 0.014400

      640000 -- [-5994.992] [...7 remote chains...] -- 0:45:11

      Average standard deviation of split frequencies: 0.014534

      641000 -- [-5995.258] [...7 remote chains...] -- 0:45:06

      Average standard deviation of split frequencies: 0.014644

      642000 -- [-5989.502] [...7 remote chains...] -- 0:45:08

      Average standard deviation of split frequencies: 0.014728

      643000 -- [-6018.430] [...7 remote chains...] -- 0:45:10

      Average standard deviation of split frequencies: 0.014903

      644000 -- [-6024.541] [...7 remote chains...] -- 0:45:05

      Average standard deviation of split frequencies: 0.014986

      645000 -- (-6011.335) [...7 remote chains...] -- 0:45:07

      Average standard deviation of split frequencies: 0.014955

      646000 -- [-6004.123] [...7 remote chains...] -- 0:45:02

      Average standard deviation of split frequencies: 0.014994

      647000 -- [-6003.863] [...7 remote chains...] -- 0:45:04

      Average standard deviation of split frequencies: 0.015029

      648000 -- (-6017.015) [...7 remote chains...] -- 0:45:06

      Average standard deviation of split frequencies: 0.014876

      649000 -- (-6007.000) [...7 remote chains...] -- 0:45:01

      Average standard deviation of split frequencies: 0.014714

      650000 -- [-5998.790] [...7 remote chains...] -- 0:45:03

      Average standard deviation of split frequencies: 0.014787

      651000 -- [-6011.999] [...7 remote chains...] -- 0:44:58

      Average standard deviation of split frequencies: 0.014830

      652000 -- (-5991.378) [...7 remote chains...] -- 0:45:00

      Average standard deviation of split frequencies: 0.014826

      653000 -- (-6003.814) [...7 remote chains...] -- 0:45:02

      Average standard deviation of split frequencies: 0.014905

      654000 -- [-5993.526] [...7 remote chains...] -- 0:44:57

      Average standard deviation of split frequencies: 0.014978

      655000 -- (-6000.221) [...7 remote chains...] -- 0:44:59

      Average standard deviation of split frequencies: 0.014940

      656000 -- (-6024.909) [...7 remote chains...] -- 0:45:01

      Average standard deviation of split frequencies: 0.014847

      657000 -- (-6010.925) [...7 remote chains...] -- 0:44:57

      Average standard deviation of split frequencies: 0.014859

      658000 -- (-6008.550) [...7 remote chains...] -- 0:44:58

      Average standard deviation of split frequencies: 0.014821

      659000 -- (-6007.454) [...7 remote chains...] -- 0:44:54

      Average standard deviation of split frequencies: 0.014761

      660000 -- (-6024.312) [...7 remote chains...] -- 0:44:56

      Average standard deviation of split frequencies: 0.014808

      661000 -- [-6015.419] [...7 remote chains...] -- 0:44:57

      Average standard deviation of split frequencies: 0.014719

      662000 -- (-6016.053) [...7 remote chains...] -- 0:44:53

      Average standard deviation of split frequencies: 0.014850

      663000 -- (-6036.086) [...7 remote chains...] -- 0:44:55

      Average standard deviation of split frequencies: 0.014867

      664000 -- (-6030.686) [...7 remote chains...] -- 0:44:50

      Average standard deviation of split frequencies: 0.014845

      665000 -- (-6048.575) [...7 remote chains...] -- 0:44:52

      Average standard deviation of split frequencies: 0.014925

      666000 -- (-6029.735) [...7 remote chains...] -- 0:44:54

      Average standard deviation of split frequencies: 0.015015

      667000 -- (-6053.460) [...7 remote chains...] -- 0:44:49

      Average standard deviation of split frequencies: 0.015260

      668000 -- (-6026.456) [...7 remote chains...] -- 0:44:51

      Average standard deviation of split frequencies: 0.015298

      669000 -- (-6011.865) [...7 remote chains...] -- 0:44:53

      Average standard deviation of split frequencies: 0.015268

      670000 -- (-6028.464) [...7 remote chains...] -- 0:44:48

      Average standard deviation of split frequencies: 0.015314

      671000 -- (-6034.406) [...7 remote chains...] -- 0:44:50

      Average standard deviation of split frequencies: 0.015509

      672000 -- (-6044.369) [...7 remote chains...] -- 0:44:45

      Average standard deviation of split frequencies: 0.015402

      673000 -- (-6031.097) [...7 remote chains...] -- 0:44:47

      Average standard deviation of split frequencies: 0.015397

      674000 -- (-6028.151) [...7 remote chains...] -- 0:44:49

      Average standard deviation of split frequencies: 0.015266

      675000 -- (-6018.837) [...7 remote chains...] -- 0:44:44

      Average standard deviation of split frequencies: 0.015267

      676000 -- (-6051.932) [...7 remote chains...] -- 0:44:46

      Average standard deviation of split frequencies: 0.015270

      677000 -- (-6038.241) [...7 remote chains...] -- 0:44:48

      Average standard deviation of split frequencies: 0.015273

      678000 -- (-6025.700) [...7 remote chains...] -- 0:44:43

      Average standard deviation of split frequencies: 0.015342

      679000 -- (-6062.889) [...7 remote chains...] -- 0:44:45

      Average standard deviation of split frequencies: 0.015391

      680000 -- (-6061.417) [...7 remote chains...] -- 0:44:40

      Average standard deviation of split frequencies: 0.015522

      681000 -- (-6026.875) [...7 remote chains...] -- 0:44:42

      Average standard deviation of split frequencies: 0.015483

      682000 -- (-6039.088) [...7 remote chains...] -- 0:44:44

      Average standard deviation of split frequencies: 0.015544

      683000 -- (-6041.133) [...7 remote chains...] -- 0:44:39

      Average standard deviation of split frequencies: 0.015536

      684000 -- (-6040.344) [...7 remote chains...] -- 0:44:41

      Average standard deviation of split frequencies: 0.015396

      685000 -- (-6022.930) [...7 remote chains...] -- 0:44:37

      Average standard deviation of split frequencies: 0.015404

      686000 -- (-6015.159) [...7 remote chains...] -- 0:44:38

      Average standard deviation of split frequencies: 0.015380

      687000 -- (-6016.772) [...7 remote chains...] -- 0:44:40

      Average standard deviation of split frequencies: 0.015622

      688000 -- (-6023.440) [...7 remote chains...] -- 0:44:36

      Average standard deviation of split frequencies: 0.015592

      689000 -- (-5997.508) [...7 remote chains...] -- 0:44:37

      Average standard deviation of split frequencies: 0.015465

      690000 -- [-6009.306] [...7 remote chains...] -- 0:44:39

      Average standard deviation of split frequencies: 0.015396

      691000 -- (-6030.828) [...7 remote chains...] -- 0:44:35

      Average standard deviation of split frequencies: 0.015210

      692000 -- [-6013.105] [...7 remote chains...] -- 0:44:36

      Average standard deviation of split frequencies: 0.015205

      693000 -- (-6008.723) [...7 remote chains...] -- 0:44:32

      Average standard deviation of split frequencies: 0.015616

      694000 -- (-6012.550) [...7 remote chains...] -- 0:44:34

      Average standard deviation of split frequencies: 0.015582

      695000 -- (-6030.206) [...7 remote chains...] -- 0:44:35

      Average standard deviation of split frequencies: 0.015627

      696000 -- (-6010.920) [...7 remote chains...] -- 0:44:31

      Average standard deviation of split frequencies: 0.015722

      697000 -- [-6003.552] [...7 remote chains...] -- 0:44:33

      Average standard deviation of split frequencies: 0.015717

      698000 -- (-6023.912) [...7 remote chains...] -- 0:44:28

      Average standard deviation of split frequencies: 0.015735

      699000 -- (-6032.169) [...7 remote chains...] -- 0:44:30

      Average standard deviation of split frequencies: 0.015681

      700000 -- (-6013.318) [...7 remote chains...] -- 0:44:32

      Average standard deviation of split frequencies: 0.015692

      701000 -- (-6021.093) [...7 remote chains...] -- 0:44:27

      Average standard deviation of split frequencies: 0.015662

      702000 -- (-6013.805) [...7 remote chains...] -- 0:44:29

      Average standard deviation of split frequencies: 0.015656

      703000 -- (-6024.126) [...7 remote chains...] -- 0:44:31

      Average standard deviation of split frequencies: 0.015712

      704000 -- (-6017.745) [...7 remote chains...] -- 0:44:26

      Average standard deviation of split frequencies: 0.015779

      705000 -- [-6001.796] [...7 remote chains...] -- 0:44:28

      Average standard deviation of split frequencies: 0.015876

      706000 -- (-6032.506) [...7 remote chains...] -- 0:44:23

      Average standard deviation of split frequencies: 0.015972

      707000 -- (-6024.403) [...7 remote chains...] -- 0:44:25

      Average standard deviation of split frequencies: 0.016052

      708000 -- [-5998.290] [...7 remote chains...] -- 0:44:27

      Average standard deviation of split frequencies: 0.015966

      709000 -- [-5987.897] [...7 remote chains...] -- 0:44:22

      Average standard deviation of split frequencies: 0.015928

      710000 -- [-5987.951] [...7 remote chains...] -- 0:44:24

      Average standard deviation of split frequencies: 0.015843

      711000 -- (-6001.854) [...7 remote chains...] -- 0:44:20

      Average standard deviation of split frequencies: 0.015835

      712000 -- [-5994.934] [...7 remote chains...] -- 0:44:21

      Average standard deviation of split frequencies: 0.015607

      713000 -- [-5995.071] [...7 remote chains...] -- 0:44:23

      Average standard deviation of split frequencies: 0.015523

      714000 -- [-5995.194] [...7 remote chains...] -- 0:44:19

      Average standard deviation of split frequencies: 0.015407

      715000 -- [-5985.347] [...7 remote chains...] -- 0:44:20

      Average standard deviation of split frequencies: 0.015159

      716000 -- [-5990.276] [...7 remote chains...] -- 0:44:22

      Average standard deviation of split frequencies: 0.015013

      717000 -- [-5989.311] [...7 remote chains...] -- 0:44:18

      Average standard deviation of split frequencies: 0.014938

      718000 -- [-5990.087] [...7 remote chains...] -- 0:44:19

      Average standard deviation of split frequencies: 0.014864

      719000 -- [-5987.872] [...7 remote chains...] -- 0:44:15

      Average standard deviation of split frequencies: 0.014848

      720000 -- [-5984.729] [...7 remote chains...] -- 0:44:17

      Average standard deviation of split frequencies: 0.014889

      721000 -- [-5986.230] [...7 remote chains...] -- 0:44:18

      Average standard deviation of split frequencies: 0.014862

      722000 -- [-5983.242] [...7 remote chains...] -- 0:44:14

      Average standard deviation of split frequencies: 0.014764

      723000 -- [-6003.452] [...7 remote chains...] -- 0:44:16

      Average standard deviation of split frequencies: 0.014831

      724000 -- [-6005.347] [...7 remote chains...] -- 0:44:17

      Average standard deviation of split frequencies: 0.014757

      725000 -- [-6016.485] [...7 remote chains...] -- 0:44:13

      Average standard deviation of split frequencies: 0.014645

      726000 -- [-5986.490] [...7 remote chains...] -- 0:44:15

      Average standard deviation of split frequencies: 0.014657

      727000 -- [-5983.773] [...7 remote chains...] -- 0:44:10

      Average standard deviation of split frequencies: 0.014701

      728000 -- [-5981.109] [...7 remote chains...] -- 0:44:12

      Average standard deviation of split frequencies: 0.014681

      729000 -- (-5989.260) [...7 remote chains...] -- 0:44:13

      Average standard deviation of split frequencies: 0.014609

      730000 -- (-6000.609) [...7 remote chains...] -- 0:44:09

      Average standard deviation of split frequencies: 0.014528

      731000 -- [-5988.880] [...7 remote chains...] -- 0:44:11

      Average standard deviation of split frequencies: 0.014587

      732000 -- [-5990.521] [...7 remote chains...] -- 0:44:07

      Average standard deviation of split frequencies: 0.014538

      733000 -- [-6013.427] [...7 remote chains...] -- 0:44:08

      Average standard deviation of split frequencies: 0.014601

      734000 -- [-6009.089] [...7 remote chains...] -- 0:44:10

      Average standard deviation of split frequencies: 0.014666

      735000 -- (-6027.105) [...7 remote chains...] -- 0:44:06

      Average standard deviation of split frequencies: 0.014666

      736000 -- (-6017.712) [...7 remote chains...] -- 0:44:07

      Average standard deviation of split frequencies: 0.014697

      737000 -- (-6028.754) [...7 remote chains...] -- 0:44:09

      Average standard deviation of split frequencies: 0.014655

      738000 -- (-6003.707) [...7 remote chains...] -- 0:44:04

      Average standard deviation of split frequencies: 0.014652

      739000 -- (-6026.055) [...7 remote chains...] -- 0:44:06

      Average standard deviation of split frequencies: 0.014667

      740000 -- (-6025.292) [...7 remote chains...] -- 0:44:02

      Average standard deviation of split frequencies: 0.014535

      741000 -- (-6006.974) [...7 remote chains...] -- 0:44:03

      Average standard deviation of split frequencies: 0.014463

      742000 -- (-6016.392) [...7 remote chains...] -- 0:44:05

      Average standard deviation of split frequencies: 0.014400

      743000 -- [-5999.003] [...7 remote chains...] -- 0:44:01

      Average standard deviation of split frequencies: 0.014482

      744000 -- [-5999.879] [...7 remote chains...] -- 0:44:02

      Average standard deviation of split frequencies: 0.014487

      745000 -- (-6042.270) [...7 remote chains...] -- 0:44:04

      Average standard deviation of split frequencies: 0.014416

      746000 -- (-6006.085) [...7 remote chains...] -- 0:44:00

      Average standard deviation of split frequencies: 0.014416

      747000 -- [-5986.671] [...7 remote chains...] -- 0:44:01

      Average standard deviation of split frequencies: 0.014465

      748000 -- [-5999.014] [...7 remote chains...] -- 0:43:57

      Average standard deviation of split frequencies: 0.014409

      749000 -- [-5989.611] [...7 remote chains...] -- 0:43:59

      Average standard deviation of split frequencies: 0.014346

      750000 -- [-5997.294] [...7 remote chains...] -- 0:44:00

      Average standard deviation of split frequencies: 0.014313

      751000 -- [-6005.506] [...7 remote chains...] -- 0:43:56

      Average standard deviation of split frequencies: 0.014299

      752000 -- (-6018.503) [...7 remote chains...] -- 0:43:58

      Average standard deviation of split frequencies: 0.014340

      753000 -- (-6030.057) [...7 remote chains...] -- 0:43:59

      Average standard deviation of split frequencies: 0.014233

      754000 -- (-6036.859) [...7 remote chains...] -- 0:43:55

      Average standard deviation of split frequencies: 0.014112

      755000 -- (-6019.621) [...7 remote chains...] -- 0:43:56

      Average standard deviation of split frequencies: 0.014067

      756000 -- (-6028.679) [...7 remote chains...] -- 0:43:52

      Average standard deviation of split frequencies: 0.014042

      757000 -- (-6025.118) [...7 remote chains...] -- 0:43:54

      Average standard deviation of split frequencies: 0.014055

      758000 -- (-6020.359) [...7 remote chains...] -- 0:43:55

      Average standard deviation of split frequencies: 0.013986

      759000 -- (-6018.710) [...7 remote chains...] -- 0:43:51

      Average standard deviation of split frequencies: 0.013949

      760000 -- (-6032.196) [...7 remote chains...] -- 0:43:53

      Average standard deviation of split frequencies: 0.013930

      761000 -- (-6008.568) [...7 remote chains...] -- 0:43:49

      Average standard deviation of split frequencies: 0.013807

      762000 -- (-6014.216) [...7 remote chains...] -- 0:43:50

      Average standard deviation of split frequencies: 0.013797

      763000 -- (-6026.335) [...7 remote chains...] -- 0:43:52

      Average standard deviation of split frequencies: 0.013753

      764000 -- (-6023.020) [...7 remote chains...] -- 0:43:48

      Average standard deviation of split frequencies: 0.013625

      765000 -- (-6011.824) [...7 remote chains...] -- 0:43:49

      Average standard deviation of split frequencies: 0.013593

      766000 -- (-5993.275) [...7 remote chains...] -- 0:43:51

      Average standard deviation of split frequencies: 0.013533

      767000 -- (-5997.337) [...7 remote chains...] -- 0:43:46

      Average standard deviation of split frequencies: 0.013489

      768000 -- (-6011.127) [...7 remote chains...] -- 0:43:48

      Average standard deviation of split frequencies: 0.013473

      769000 -- [-6011.312] [...7 remote chains...] -- 0:43:44

      Average standard deviation of split frequencies: 0.013435

      770000 -- (-6015.421) [...7 remote chains...] -- 0:43:45

      Average standard deviation of split frequencies: 0.013397

      771000 -- (-6020.670) [...7 remote chains...] -- 0:43:47

      Average standard deviation of split frequencies: 0.013419

      772000 -- (-5996.228) [...7 remote chains...] -- 0:43:43

      Average standard deviation of split frequencies: 0.013425

      773000 -- (-6006.908) [...7 remote chains...] -- 0:43:44

      Average standard deviation of split frequencies: 0.013587

      774000 -- [-6019.889] [...7 remote chains...] -- 0:43:40

      Average standard deviation of split frequencies: 0.013533

      775000 -- [-5997.059] [...7 remote chains...] -- 0:43:42

      Average standard deviation of split frequencies: 0.013687

      776000 -- [-5991.852] [...7 remote chains...] -- 0:43:43

      Average standard deviation of split frequencies: 0.013612

      777000 -- (-5992.320) [...7 remote chains...] -- 0:43:39

      Average standard deviation of split frequencies: 0.013559

      778000 -- [-6001.009] [...7 remote chains...] -- 0:43:41

      Average standard deviation of split frequencies: 0.013529

      779000 -- (-6035.489) [...7 remote chains...] -- 0:43:42

      Average standard deviation of split frequencies: 0.013660

      780000 -- (-6038.274) [...7 remote chains...] -- 0:43:38

      Average standard deviation of split frequencies: 0.013613

      781000 -- (-6002.415) [...7 remote chains...] -- 0:43:39

      Average standard deviation of split frequencies: 0.013662

      782000 -- (-6006.718) [...7 remote chains...] -- 0:43:36

      Average standard deviation of split frequencies: 0.013629

      783000 -- [-6006.661] [...7 remote chains...] -- 0:43:37

      Average standard deviation of split frequencies: 0.013608

      784000 -- [-6000.851] [...7 remote chains...] -- 0:43:38

      Average standard deviation of split frequencies: 0.013613

      785000 -- (-6014.129) [...7 remote chains...] -- 0:43:34

      Average standard deviation of split frequencies: 0.013690

      786000 -- [-5987.780] [...7 remote chains...] -- 0:43:36

      Average standard deviation of split frequencies: 0.013694

      787000 -- (-6011.827) [...7 remote chains...] -- 0:43:37

      Average standard deviation of split frequencies: 0.013824

      788000 -- (-6051.435) [...7 remote chains...] -- 0:43:33

      Average standard deviation of split frequencies: 0.013822

      789000 -- (-6052.256) [...7 remote chains...] -- 0:43:35

      Average standard deviation of split frequencies: 0.013849

      790000 -- (-6061.928) [...7 remote chains...] -- 0:43:36

      Average standard deviation of split frequencies: 0.013783

      791000 -- (-6074.185) [...7 remote chains...] -- 0:43:37

      Average standard deviation of split frequencies: 0.013668

      792000 -- (-6032.101) [...7 remote chains...] -- 0:43:34

      Average standard deviation of split frequencies: 0.013638

      793000 -- (-6038.635) [...7 remote chains...] -- 0:43:35

      Average standard deviation of split frequencies: 0.013601

      794000 -- (-6006.057) [...7 remote chains...] -- 0:43:36

      Average standard deviation of split frequencies: 0.013628

      795000 -- [-6008.689] [...7 remote chains...] -- 0:43:38

      Average standard deviation of split frequencies: 0.013692

      796000 -- (-6009.036) [...7 remote chains...] -- 0:43:39

      Average standard deviation of split frequencies: 0.013648

      797000 -- [-5999.245] [...7 remote chains...] -- 0:43:35

      Average standard deviation of split frequencies: 0.013640

      798000 -- [-5997.922] [...7 remote chains...] -- 0:43:37

      Average standard deviation of split frequencies: 0.013631

      799000 -- [-6014.538] [...7 remote chains...] -- 0:43:38

      Average standard deviation of split frequencies: 0.013599

      800000 -- [-6011.508] [...7 remote chains...] -- 0:43:39

      Average standard deviation of split frequencies: 0.013591

      801000 -- (-6012.619) [...7 remote chains...] -- 0:43:41

      Average standard deviation of split frequencies: 0.013480

      802000 -- (-6007.024) [...7 remote chains...] -- 0:43:37

      Average standard deviation of split frequencies: 0.013528

      803000 -- (-6017.706) [...7 remote chains...] -- 0:43:38

      Average standard deviation of split frequencies: 0.013493

      804000 -- (-6029.365) [...7 remote chains...] -- 0:43:39

      Average standard deviation of split frequencies: 0.013534

      805000 -- (-6008.677) [...7 remote chains...] -- 0:43:41

      Average standard deviation of split frequencies: 0.013532

      806000 -- (-6030.720) [...7 remote chains...] -- 0:43:42

      Average standard deviation of split frequencies: 0.013587

      807000 -- (-6024.990) [...7 remote chains...] -- 0:43:38

      Average standard deviation of split frequencies: 0.013517

      808000 -- [-5997.607] [...7 remote chains...] -- 0:43:40

      Average standard deviation of split frequencies: 0.013467

      809000 -- (-5997.067) [...7 remote chains...] -- 0:43:41

      Average standard deviation of split frequencies: 0.013469

      810000 -- (-6007.904) [...7 remote chains...] -- 0:43:42

      Average standard deviation of split frequencies: 0.013387

      811000 -- (-6039.305) [...7 remote chains...] -- 0:43:43

      Average standard deviation of split frequencies: 0.013366

      812000 -- (-6020.514) [...7 remote chains...] -- 0:43:45

      Average standard deviation of split frequencies: 0.013286

      813000 -- (-6026.619) [...7 remote chains...] -- 0:43:41

      Average standard deviation of split frequencies: 0.013233

      814000 -- (-6013.323) [...7 remote chains...] -- 0:43:42

      Average standard deviation of split frequencies: 0.013184

      815000 -- (-6002.643) [...7 remote chains...] -- 0:43:43

      Average standard deviation of split frequencies: 0.012978

      816000 -- [-5999.887] [...7 remote chains...] -- 0:43:45

      Average standard deviation of split frequencies: 0.012991

      817000 -- (-6020.936) [...7 remote chains...] -- 0:43:46

      Average standard deviation of split frequencies: 0.012935

      818000 -- (-6023.525) [...7 remote chains...] -- 0:43:42

      Average standard deviation of split frequencies: 0.012894

      819000 -- [-6015.527] [...7 remote chains...] -- 0:43:43

      Average standard deviation of split frequencies: 0.012908

      820000 -- (-6019.322) [...7 remote chains...] -- 0:43:45

      Average standard deviation of split frequencies: 0.012839

      821000 -- (-6027.815) [...7 remote chains...] -- 0:43:46

      Average standard deviation of split frequencies: 0.012770

      822000 -- (-6014.746) [...7 remote chains...] -- 0:43:47

      Average standard deviation of split frequencies: 0.012702

      823000 -- (-6035.950) [...7 remote chains...] -- 0:43:43

      Average standard deviation of split frequencies: 0.012681

      824000 -- (-6021.307) [...7 remote chains...] -- 0:43:45

      Average standard deviation of split frequencies: 0.012702

      825000 -- (-6045.878) [...7 remote chains...] -- 0:43:46

      Average standard deviation of split frequencies: 0.012640

      826000 -- (-6041.860) [...7 remote chains...] -- 0:43:47

      Average standard deviation of split frequencies: 0.012621

      827000 -- (-6052.473) [...7 remote chains...] -- 0:43:48

      Average standard deviation of split frequencies: 0.012642

      828000 -- (-6038.800) [...7 remote chains...] -- 0:43:50

      Average standard deviation of split frequencies: 0.012622

      829000 -- (-6041.155) [...7 remote chains...] -- 0:43:51

      Average standard deviation of split frequencies: 0.012642

      830000 -- (-6042.953) [...7 remote chains...] -- 0:43:47

      Average standard deviation of split frequencies: 0.012656

      831000 -- (-6024.335) [...7 remote chains...] -- 0:43:48

      Average standard deviation of split frequencies: 0.012533

      832000 -- [-6000.268] [...7 remote chains...] -- 0:43:50

      Average standard deviation of split frequencies: 0.012520

      833000 -- [-5998.260] [...7 remote chains...] -- 0:43:51

      Average standard deviation of split frequencies: 0.012514

      834000 -- [-5997.215] [...7 remote chains...] -- 0:43:52

      Average standard deviation of split frequencies: 0.012439

      835000 -- [-5993.111] [...7 remote chains...] -- 0:43:53

      Average standard deviation of split frequencies: 0.012487

      836000 -- [-5993.608] [...7 remote chains...] -- 0:43:54

      Average standard deviation of split frequencies: 0.012535

      837000 -- (-6013.321) [...7 remote chains...] -- 0:43:56

      Average standard deviation of split frequencies: 0.012541

      838000 -- (-6014.892) [...7 remote chains...] -- 0:43:57

      Average standard deviation of split frequencies: 0.012602

      839000 -- (-6031.059) [...7 remote chains...] -- 0:43:58

      Average standard deviation of split frequencies: 0.012696

      840000 -- (-5989.647) [...7 remote chains...] -- 0:43:59

      Average standard deviation of split frequencies: 0.012744

      841000 -- [-5984.730] [...7 remote chains...] -- 0:43:55

      Average standard deviation of split frequencies: 0.012778

      842000 -- [-5990.553] [...7 remote chains...] -- 0:43:57

      Average standard deviation of split frequencies: 0.012846

      843000 -- (-6000.488) [...7 remote chains...] -- 0:43:58

      Average standard deviation of split frequencies: 0.012863

      844000 -- (-6001.533) [...7 remote chains...] -- 0:43:59

      Average standard deviation of split frequencies: 0.012836

      845000 -- [-6017.945] [...7 remote chains...] -- 0:44:00

      Average standard deviation of split frequencies: 0.012850

      846000 -- (-6012.509) [...7 remote chains...] -- 0:44:01

      Average standard deviation of split frequencies: 0.012877

      847000 -- (-6019.156) [...7 remote chains...] -- 0:44:02

      Average standard deviation of split frequencies: 0.012951

      848000 -- (-6009.321) [...7 remote chains...] -- 0:44:03

      Average standard deviation of split frequencies: 0.012924

      849000 -- (-6010.354) [...7 remote chains...] -- 0:44:05

      Average standard deviation of split frequencies: 0.012897

      850000 -- (-6020.413) [...7 remote chains...] -- 0:44:06

      Average standard deviation of split frequencies: 0.012932

      851000 -- (-6012.343) [...7 remote chains...] -- 0:44:07

      Average standard deviation of split frequencies: 0.012881

      852000 -- (-6024.322) [...7 remote chains...] -- 0:44:03

      Average standard deviation of split frequencies: 0.012824

      853000 -- (-6004.139) [...7 remote chains...] -- 0:44:04

      Average standard deviation of split frequencies: 0.012960

      854000 -- [-6008.234] [...7 remote chains...] -- 0:44:05

      Average standard deviation of split frequencies: 0.012874

      855000 -- [-5979.999] [...7 remote chains...] -- 0:44:06

      Average standard deviation of split frequencies: 0.012895

      856000 -- [-6000.575] [...7 remote chains...] -- 0:44:08

      Average standard deviation of split frequencies: 0.012875

      857000 -- (-6001.094) [...7 remote chains...] -- 0:44:09

      Average standard deviation of split frequencies: 0.012828

      858000 -- (-6027.054) [...7 remote chains...] -- 0:44:10

      Average standard deviation of split frequencies: 0.012674

      859000 -- (-6079.234) [...7 remote chains...] -- 0:44:06

      Average standard deviation of split frequencies: 0.012667

      860000 -- (-6057.695) [...7 remote chains...] -- 0:44:07

      Average standard deviation of split frequencies: 0.012601

      861000 -- (-6020.067) [...7 remote chains...] -- 0:44:08

      Average standard deviation of split frequencies: 0.012704

      862000 -- (-6038.163) [...7 remote chains...] -- 0:44:05

      Average standard deviation of split frequencies: 0.012632

      863000 -- (-6024.446) [...7 remote chains...] -- 0:44:06

      Average standard deviation of split frequencies: 0.012605

      864000 -- (-6026.729) [...7 remote chains...] -- 0:44:02

      Average standard deviation of split frequencies: 0.012628

      865000 -- (-6023.332) [...7 remote chains...] -- 0:44:03

      Average standard deviation of split frequencies: 0.012700

      866000 -- (-6025.867) [...7 remote chains...] -- 0:44:04

      Average standard deviation of split frequencies: 0.012705

      867000 -- [-5994.010] [...7 remote chains...] -- 0:44:00

      Average standard deviation of split frequencies: 0.012797

      868000 -- [-6003.677] [...7 remote chains...] -- 0:44:02

      Average standard deviation of split frequencies: 0.012792

      869000 -- [-6004.546] [...7 remote chains...] -- 0:43:58

      Average standard deviation of split frequencies: 0.012792

      870000 -- (-6020.540) [...7 remote chains...] -- 0:43:59

      Average standard deviation of split frequencies: 0.012812

      871000 -- (-6010.236) [...7 remote chains...] -- 0:44:00

      Average standard deviation of split frequencies: 0.012877

      872000 -- [-5988.572] [...7 remote chains...] -- 0:43:56

      Average standard deviation of split frequencies: 0.012935

      873000 -- [-5996.233] [...7 remote chains...] -- 0:43:57

      Average standard deviation of split frequencies: 0.012850

      874000 -- (-6005.977) [...7 remote chains...] -- 0:43:58

      Average standard deviation of split frequencies: 0.012883

      875000 -- [-6002.279] [...7 remote chains...] -- 0:43:55

      Average standard deviation of split frequencies: 0.012909

      876000 -- [-5999.651] [...7 remote chains...] -- 0:43:56

      Average standard deviation of split frequencies: 0.012902

      877000 -- [-6010.721] [...7 remote chains...] -- 0:43:52

      Average standard deviation of split frequencies: 0.012876

      878000 -- [-5995.771] [...7 remote chains...] -- 0:43:53

      Average standard deviation of split frequencies: 0.012812

      879000 -- (-6009.574) [...7 remote chains...] -- 0:43:54

      Average standard deviation of split frequencies: 0.012786

      880000 -- [-6002.227] [...7 remote chains...] -- 0:43:51

      Average standard deviation of split frequencies: 0.012831

      881000 -- [-5990.721] [...7 remote chains...] -- 0:43:52

      Average standard deviation of split frequencies: 0.012831

      882000 -- [-5990.319] [...7 remote chains...] -- 0:43:53

      Average standard deviation of split frequencies: 0.012831

      883000 -- [-5995.359] [...7 remote chains...] -- 0:43:49

      Average standard deviation of split frequencies: 0.012837

      884000 -- [-5985.872] [...7 remote chains...] -- 0:43:50

      Average standard deviation of split frequencies: 0.012779

      885000 -- (-5992.870) [...7 remote chains...] -- 0:43:47

      Average standard deviation of split frequencies: 0.012747

      886000 -- [-5995.472] [...7 remote chains...] -- 0:43:48

      Average standard deviation of split frequencies: 0.012703

      887000 -- [-5997.661] [...7 remote chains...] -- 0:43:49

      Average standard deviation of split frequencies: 0.012652

      888000 -- (-6014.233) [...7 remote chains...] -- 0:43:45

      Average standard deviation of split frequencies: 0.012741

      889000 -- [-5991.251] [...7 remote chains...] -- 0:43:46

      Average standard deviation of split frequencies: 0.012703

      890000 -- [-5989.696] [...7 remote chains...] -- 0:43:47

      Average standard deviation of split frequencies: 0.012602

      891000 -- (-6000.553) [...7 remote chains...] -- 0:43:44

      Average standard deviation of split frequencies: 0.012652

      892000 -- (-5991.768) [...7 remote chains...] -- 0:43:45

      Average standard deviation of split frequencies: 0.012690

      893000 -- (-6003.281) [...7 remote chains...] -- 0:43:41

      Average standard deviation of split frequencies: 0.012822

      894000 -- (-6005.162) [...7 remote chains...] -- 0:43:42

      Average standard deviation of split frequencies: 0.012783

      895000 -- (-5993.689) [...7 remote chains...] -- 0:43:43

      Average standard deviation of split frequencies: 0.012890

      896000 -- (-6008.897) [...7 remote chains...] -- 0:43:39

      Average standard deviation of split frequencies: 0.012921

      897000 -- (-6014.514) [...7 remote chains...] -- 0:43:40

      Average standard deviation of split frequencies: 0.012895

      898000 -- (-6031.998) [...7 remote chains...] -- 0:43:37

      Average standard deviation of split frequencies: 0.012839

      899000 -- (-6008.331) [...7 remote chains...] -- 0:43:38

      Average standard deviation of split frequencies: 0.012815

      900000 -- [-6005.499] [...7 remote chains...] -- 0:43:39

      Average standard deviation of split frequencies: 0.012728

      901000 -- [-5983.702] [...7 remote chains...] -- 0:43:35

      Average standard deviation of split frequencies: 0.012646

      902000 -- (-5996.243) [...7 remote chains...] -- 0:43:36

      Average standard deviation of split frequencies: 0.012596

      903000 -- [-5986.818] [...7 remote chains...] -- 0:43:37

      Average standard deviation of split frequencies: 0.012609

      904000 -- (-6002.605) [...7 remote chains...] -- 0:43:34

      Average standard deviation of split frequencies: 0.012572

      905000 -- [-5990.457] [...7 remote chains...] -- 0:43:35

      Average standard deviation of split frequencies: 0.012553

      906000 -- (-5990.307) [...7 remote chains...] -- 0:43:31

      Average standard deviation of split frequencies: 0.012553

      907000 -- [-5998.457] [...7 remote chains...] -- 0:43:32

      Average standard deviation of split frequencies: 0.012491

      908000 -- (-6005.599) [...7 remote chains...] -- 0:43:33

      Average standard deviation of split frequencies: 0.012460

      909000 -- [-6001.202] [...7 remote chains...] -- 0:43:30

      Average standard deviation of split frequencies: 0.012510

      910000 -- (-6018.141) [...7 remote chains...] -- 0:43:31

      Average standard deviation of split frequencies: 0.012455

      911000 -- [-5988.329] [...7 remote chains...] -- 0:43:32

      Average standard deviation of split frequencies: 0.012430

      912000 -- [-6000.896] [...7 remote chains...] -- 0:43:28

      Average standard deviation of split frequencies: 0.012461

      913000 -- [-6006.573] [...7 remote chains...] -- 0:43:29

      Average standard deviation of split frequencies: 0.012510

      914000 -- [-6025.807] [...7 remote chains...] -- 0:43:26

      Average standard deviation of split frequencies: 0.012485

      915000 -- (-6037.570) [...7 remote chains...] -- 0:43:27

      Average standard deviation of split frequencies: 0.012540

      916000 -- (-6022.385) [...7 remote chains...] -- 0:43:28

      Average standard deviation of split frequencies: 0.012682

      917000 -- (-6033.282) [...7 remote chains...] -- 0:43:24

      Average standard deviation of split frequencies: 0.012759

      918000 -- [-6001.947] [...7 remote chains...] -- 0:43:25

      Average standard deviation of split frequencies: 0.012789

      919000 -- [-6013.773] [...7 remote chains...] -- 0:43:22

      Average standard deviation of split frequencies: 0.012861

      920000 -- [-6001.296] [...7 remote chains...] -- 0:43:23

      Average standard deviation of split frequencies: 0.012843

      921000 -- [-5996.351] [...7 remote chains...] -- 0:43:24

      Average standard deviation of split frequencies: 0.012776

      922000 -- [-5999.681] [...7 remote chains...] -- 0:43:20

      Average standard deviation of split frequencies: 0.012690

      923000 -- [-6023.382] [...7 remote chains...] -- 0:43:21

      Average standard deviation of split frequencies: 0.012599

      924000 -- [-6005.200] [...7 remote chains...] -- 0:43:18

      Average standard deviation of split frequencies: 0.012574

      925000 -- [-5992.329] [...7 remote chains...] -- 0:43:19

      Average standard deviation of split frequencies: 0.012477

      926000 -- [-6001.718] [...7 remote chains...] -- 0:43:20

      Average standard deviation of split frequencies: 0.012325

      927000 -- [-6007.119] [...7 remote chains...] -- 0:43:16

      Average standard deviation of split frequencies: 0.012264

      928000 -- [-6000.573] [...7 remote chains...] -- 0:43:17

      Average standard deviation of split frequencies: 0.012162

      929000 -- [-5990.294] [...7 remote chains...] -- 0:43:18

      Average standard deviation of split frequencies: 0.012078

      930000 -- [-6000.955] [...7 remote chains...] -- 0:43:15

      Average standard deviation of split frequencies: 0.011977

      931000 -- [-5992.039] [...7 remote chains...] -- 0:43:16

      Average standard deviation of split frequencies: 0.011971

      932000 -- [-5994.001] [...7 remote chains...] -- 0:43:12

      Average standard deviation of split frequencies: 0.011953

      933000 -- [-6004.447] [...7 remote chains...] -- 0:43:13

      Average standard deviation of split frequencies: 0.011846

      934000 -- (-6012.021) [...7 remote chains...] -- 0:43:14

      Average standard deviation of split frequencies: 0.012063

      935000 -- (-6028.136) [...7 remote chains...] -- 0:43:11

      Average standard deviation of split frequencies: 0.012165

      936000 -- (-6031.868) [...7 remote chains...] -- 0:43:12

      Average standard deviation of split frequencies: 0.012226

      937000 -- (-6024.760) [...7 remote chains...] -- 0:43:08

      Average standard deviation of split frequencies: 0.012256

      938000 -- (-6004.516) [...7 remote chains...] -- 0:43:09

      Average standard deviation of split frequencies: 0.012293

      939000 -- (-6012.375) [...7 remote chains...] -- 0:43:10

      Average standard deviation of split frequencies: 0.012197

      940000 -- (-6021.243) [...7 remote chains...] -- 0:43:07

      Average standard deviation of split frequencies: 0.012275

      941000 -- (-6011.547) [...7 remote chains...] -- 0:43:08

      Average standard deviation of split frequencies: 0.012299

      942000 -- (-6007.220) [...7 remote chains...] -- 0:43:09

      Average standard deviation of split frequencies: 0.012336

      943000 -- [-5988.939] [...7 remote chains...] -- 0:43:05

      Average standard deviation of split frequencies: 0.012318

      944000 -- [-6008.573] [...7 remote chains...] -- 0:43:06

      Average standard deviation of split frequencies: 0.012283

      945000 -- [-6002.867] [...7 remote chains...] -- 0:43:03

      Average standard deviation of split frequencies: 0.012348

      946000 -- [-5988.745] [...7 remote chains...] -- 0:43:04

      Average standard deviation of split frequencies: 0.012402

      947000 -- [-5985.511] [...7 remote chains...] -- 0:43:05

      Average standard deviation of split frequencies: 0.012461

      948000 -- [-5985.696] [...7 remote chains...] -- 0:43:01

      Average standard deviation of split frequencies: 0.012450

      949000 -- (-6011.805) [...7 remote chains...] -- 0:43:02

      Average standard deviation of split frequencies: 0.012456

      950000 -- [-6010.601] [...7 remote chains...] -- 0:42:59

      Average standard deviation of split frequencies: 0.012491

      951000 -- [-5999.599] [...7 remote chains...] -- 0:43:00

      Average standard deviation of split frequencies: 0.012515

      952000 -- [-5994.790] [...7 remote chains...] -- 0:43:01

      Average standard deviation of split frequencies: 0.012539

      953000 -- (-5998.793) [...7 remote chains...] -- 0:42:57

      Average standard deviation of split frequencies: 0.012515

      954000 -- (-6012.657) [...7 remote chains...] -- 0:42:58

      Average standard deviation of split frequencies: 0.012451

      955000 -- [-6007.635] [...7 remote chains...] -- 0:42:59

      Average standard deviation of split frequencies: 0.012410

      956000 -- [-6002.555] [...7 remote chains...] -- 0:42:56

      Average standard deviation of split frequencies: 0.012316

      957000 -- [-5993.519] [...7 remote chains...] -- 0:42:57

      Average standard deviation of split frequencies: 0.012255

      958000 -- (-6006.044) [...7 remote chains...] -- 0:42:53

      Average standard deviation of split frequencies: 0.012256

      959000 -- (-6004.603) [...7 remote chains...] -- 0:42:54

      Average standard deviation of split frequencies: 0.012136

      960000 -- (-6008.075) [...7 remote chains...] -- 0:42:55

      Average standard deviation of split frequencies: 0.012195

      961000 -- (-6008.633) [...7 remote chains...] -- 0:42:52

      Average standard deviation of split frequencies: 0.012225

      962000 -- (-6014.129) [...7 remote chains...] -- 0:42:53

      Average standard deviation of split frequencies: 0.012202

      963000 -- [-5995.945] [...7 remote chains...] -- 0:42:49

      Average standard deviation of split frequencies: 0.012167

      964000 -- [-5988.391] [...7 remote chains...] -- 0:42:50

      Average standard deviation of split frequencies: 0.012237

      965000 -- [-5986.115] [...7 remote chains...] -- 0:42:51

      Average standard deviation of split frequencies: 0.012226

      966000 -- [-5975.852] [...7 remote chains...] -- 0:42:48

      Average standard deviation of split frequencies: 0.012198

      967000 -- [-5976.412] [...7 remote chains...] -- 0:42:49

      Average standard deviation of split frequencies: 0.012076

      968000 -- [-5979.326] [...7 remote chains...] -- 0:42:45

      Average standard deviation of split frequencies: 0.012019

      969000 -- [-5971.346] [...7 remote chains...] -- 0:42:46

      Average standard deviation of split frequencies: 0.012008

      970000 -- [-5967.356] [...7 remote chains...] -- 0:42:47

      Average standard deviation of split frequencies: 0.012003

      971000 -- (-5982.437) [...7 remote chains...] -- 0:42:44

      Average standard deviation of split frequencies: 0.011894

      972000 -- [-5986.884] [...7 remote chains...] -- 0:42:45

      Average standard deviation of split frequencies: 0.011912

      973000 -- [-5991.062] [...7 remote chains...] -- 0:42:46

      Average standard deviation of split frequencies: 0.011942

      974000 -- (-6017.267) [...7 remote chains...] -- 0:42:42

      Average standard deviation of split frequencies: 0.011977

      975000 -- (-5991.103) [...7 remote chains...] -- 0:42:43

      Average standard deviation of split frequencies: 0.012058

      976000 -- (-6040.016) [...7 remote chains...] -- 0:42:40

      Average standard deviation of split frequencies: 0.012035

      977000 -- (-6038.372) [...7 remote chains...] -- 0:42:41

      Average standard deviation of split frequencies: 0.011990

      978000 -- (-6047.052) [...7 remote chains...] -- 0:42:42

      Average standard deviation of split frequencies: 0.011997

      979000 -- (-6033.418) [...7 remote chains...] -- 0:42:38

      Average standard deviation of split frequencies: 0.011940

      980000 -- (-6034.116) [...7 remote chains...] -- 0:42:39

      Average standard deviation of split frequencies: 0.011929

      981000 -- (-6019.325) [...7 remote chains...] -- 0:42:36

      Average standard deviation of split frequencies: 0.011879

      982000 -- [-6000.361] [...7 remote chains...] -- 0:42:37

      Average standard deviation of split frequencies: 0.011868

      983000 -- (-6045.626) [...7 remote chains...] -- 0:42:38

      Average standard deviation of split frequencies: 0.011794

      984000 -- (-6061.869) [...7 remote chains...] -- 0:42:34

      Average standard deviation of split frequencies: 0.011716

      985000 -- (-6054.050) [...7 remote chains...] -- 0:42:35

      Average standard deviation of split frequencies: 0.011677

      986000 -- (-6058.881) [...7 remote chains...] -- 0:42:36

      Average standard deviation of split frequencies: 0.011737

      987000 -- (-6060.456) [...7 remote chains...] -- 0:42:33

      Average standard deviation of split frequencies: 0.011748

      988000 -- (-6055.598) [...7 remote chains...] -- 0:42:34

      Average standard deviation of split frequencies: 0.011750

      989000 -- (-6043.956) [...7 remote chains...] -- 0:42:30

      Average standard deviation of split frequencies: 0.011728

      990000 -- (-6019.546) [...7 remote chains...] -- 0:42:31

      Average standard deviation of split frequencies: 0.011678

      991000 -- (-6032.620) [...7 remote chains...] -- 0:42:32

      Average standard deviation of split frequencies: 0.011524

      992000 -- (-6037.097) [...7 remote chains...] -- 0:42:29

      Average standard deviation of split frequencies: 0.011498

      993000 -- (-6037.538) [...7 remote chains...] -- 0:42:30

      Average standard deviation of split frequencies: 0.011522

      994000 -- (-6029.044) [...7 remote chains...] -- 0:42:27

      Average standard deviation of split frequencies: 0.011461

      995000 -- (-6022.963) [...7 remote chains...] -- 0:42:27

      Average standard deviation of split frequencies: 0.011416

      996000 -- (-6018.220) [...7 remote chains...] -- 0:42:28

      Average standard deviation of split frequencies: 0.011468

      997000 -- (-6028.779) [...7 remote chains...] -- 0:42:25

      Average standard deviation of split frequencies: 0.011408

      998000 -- (-6038.923) [...7 remote chains...] -- 0:42:26

      Average standard deviation of split frequencies: 0.011432

      999000 -- (-6020.607) [...7 remote chains...] -- 0:42:27

      Average standard deviation of split frequencies: 0.011342

      1000000 -- (-6034.447) [...7 remote chains...] -- 0:42:24

      Average standard deviation of split frequencies: 0.011265

      1001000 -- (-6036.455) [...7 remote chains...] -- 0:42:24

      Average standard deviation of split frequencies: 0.011148

      1002000 -- (-6054.814) [...7 remote chains...] -- 0:42:21

      Average standard deviation of split frequencies: 0.011190

      1003000 -- (-6031.281) [...7 remote chains...] -- 0:42:22

      Average standard deviation of split frequencies: 0.011252

      1004000 -- (-6023.301) [...7 remote chains...] -- 0:42:23

      Average standard deviation of split frequencies: 0.011254

      1005000 -- (-6005.915) [...7 remote chains...] -- 0:42:20

      Average standard deviation of split frequencies: 0.011233

      1006000 -- (-6022.050) [...7 remote chains...] -- 0:42:20

      Average standard deviation of split frequencies: 0.011202

      1007000 -- (-6024.429) [...7 remote chains...] -- 0:42:21

      Average standard deviation of split frequencies: 0.011162

      1008000 -- (-6045.893) [...7 remote chains...] -- 0:42:18

      Average standard deviation of split frequencies: 0.011153

      1009000 -- (-6040.594) [...7 remote chains...] -- 0:42:19

      Average standard deviation of split frequencies: 0.011094

      1010000 -- (-6032.795) [...7 remote chains...] -- 0:42:16

      Average standard deviation of split frequencies: 0.011074

      1011000 -- (-6021.103) [...7 remote chains...] -- 0:42:17

      Average standard deviation of split frequencies: 0.011112

      1012000 -- (-6036.351) [...7 remote chains...] -- 0:42:17

      Average standard deviation of split frequencies: 0.010975

      1013000 -- (-6019.904) [...7 remote chains...] -- 0:42:14

      Average standard deviation of split frequencies: 0.010999

      1014000 -- (-6028.783) [...7 remote chains...] -- 0:42:15

      Average standard deviation of split frequencies: 0.011041

      1015000 -- (-6038.242) [...7 remote chains...] -- 0:42:12

      Average standard deviation of split frequencies: 0.011163

      1016000 -- (-6029.891) [...7 remote chains...] -- 0:42:13

      Average standard deviation of split frequencies: 0.011166

      1017000 -- (-6032.004) [...7 remote chains...] -- 0:42:13

      Average standard deviation of split frequencies: 0.011235

      1018000 -- (-6007.221) [...7 remote chains...] -- 0:42:10

      Average standard deviation of split frequencies: 0.011276

      1019000 -- (-6017.819) [...7 remote chains...] -- 0:42:11

      Average standard deviation of split frequencies: 0.011376

      1020000 -- (-6017.072) [...7 remote chains...] -- 0:42:12

      Average standard deviation of split frequencies: 0.011361

      1021000 -- (-6013.658) [...7 remote chains...] -- 0:42:09

      Average standard deviation of split frequencies: 0.011330

      1022000 -- [-5994.128] [...7 remote chains...] -- 0:42:10

      Average standard deviation of split frequencies: 0.011370

      1023000 -- [-5980.078] [...7 remote chains...] -- 0:42:06

      Average standard deviation of split frequencies: 0.011331

      1024000 -- (-6001.242) [...7 remote chains...] -- 0:42:07

      Average standard deviation of split frequencies: 0.011304

      1025000 -- (-6003.493) [...7 remote chains...] -- 0:42:08

      Average standard deviation of split frequencies: 0.011256

      1026000 -- [-5988.786] [...7 remote chains...] -- 0:42:05

      Average standard deviation of split frequencies: 0.011265

      1027000 -- (-5995.061) [...7 remote chains...] -- 0:42:06

      Average standard deviation of split frequencies: 0.011264

      1028000 -- [-6007.351] [...7 remote chains...] -- 0:42:06

      Average standard deviation of split frequencies: 0.011320

      1029000 -- [-6021.946] [...7 remote chains...] -- 0:42:03

      Average standard deviation of split frequencies: 0.011355

      1030000 -- [-6008.956] [...7 remote chains...] -- 0:42:04

      Average standard deviation of split frequencies: 0.011406

      1031000 -- [-6003.550] [...7 remote chains...] -- 0:42:01

      Average standard deviation of split frequencies: 0.011401

      1032000 -- (-6013.264) [...7 remote chains...] -- 0:42:02

      Average standard deviation of split frequencies: 0.011320

      1033000 -- [-6013.024] [...7 remote chains...] -- 0:42:03

      Average standard deviation of split frequencies: 0.011360

      1034000 -- (-6019.857) [...7 remote chains...] -- 0:41:59

      Average standard deviation of split frequencies: 0.011411

      1035000 -- (-6022.330) [...7 remote chains...] -- 0:42:00

      Average standard deviation of split frequencies: 0.011449

      1036000 -- [-6013.345] [...7 remote chains...] -- 0:41:57

      Average standard deviation of split frequencies: 0.011440

      1037000 -- [-5997.047] [...7 remote chains...] -- 0:41:58

      Average standard deviation of split frequencies: 0.011420

      1038000 -- [-6008.614] [...7 remote chains...] -- 0:41:59

      Average standard deviation of split frequencies: 0.011394

      1039000 -- (-6014.737) [...7 remote chains...] -- 0:41:56

      Average standard deviation of split frequencies: 0.011291

      1040000 -- (-6010.438) [...7 remote chains...] -- 0:41:56

      Average standard deviation of split frequencies: 0.011334

      1041000 -- [-6009.914] [...7 remote chains...] -- 0:41:57

      Average standard deviation of split frequencies: 0.011316

      1042000 -- (-6031.264) [...7 remote chains...] -- 0:41:54

      Average standard deviation of split frequencies: 0.011329

      1043000 -- (-6023.948) [...7 remote chains...] -- 0:41:55

      Average standard deviation of split frequencies: 0.011294

      1044000 -- (-6010.456) [...7 remote chains...] -- 0:41:52

      Average standard deviation of split frequencies: 0.011296

      1045000 -- (-6035.938) [...7 remote chains...] -- 0:41:53

      Average standard deviation of split frequencies: 0.011298

      1046000 -- (-6038.174) [...7 remote chains...] -- 0:41:53

      Average standard deviation of split frequencies: 0.011332

      1047000 -- (-6015.071) [...7 remote chains...] -- 0:41:50

      Average standard deviation of split frequencies: 0.011245

      1048000 -- (-6038.111) [...7 remote chains...] -- 0:41:51

      Average standard deviation of split frequencies: 0.011296

      1049000 -- (-6037.367) [...7 remote chains...] -- 0:41:52

      Average standard deviation of split frequencies: 0.011357

      1050000 -- (-6030.870) [...7 remote chains...] -- 0:41:49

      Average standard deviation of split frequencies: 0.011307

      1051000 -- (-6029.016) [...7 remote chains...] -- 0:41:49

      Average standard deviation of split frequencies: 0.011372

      1052000 -- (-6034.971) [...7 remote chains...] -- 0:41:46

      Average standard deviation of split frequencies: 0.011422

      1053000 -- (-6008.313) [...7 remote chains...] -- 0:41:47

      Average standard deviation of split frequencies: 0.011395

      1054000 -- (-6000.348) [...7 remote chains...] -- 0:41:48

      Average standard deviation of split frequencies: 0.011408

      1055000 -- [-5989.492] [...7 remote chains...] -- 0:41:45

      Average standard deviation of split frequencies: 0.011305

      1056000 -- [-5998.553] [...7 remote chains...] -- 0:41:46

      Average standard deviation of split frequencies: 0.011356

      1057000 -- (-6010.166) [...7 remote chains...] -- 0:41:43

      Average standard deviation of split frequencies: 0.011336

      1058000 -- [-6009.033] [...7 remote chains...] -- 0:41:43

      Average standard deviation of split frequencies: 0.011322

      1059000 -- [-6001.346] [...7 remote chains...] -- 0:41:44

      Average standard deviation of split frequencies: 0.011348

      1060000 -- (-6016.303) [...7 remote chains...] -- 0:41:41

      Average standard deviation of split frequencies: 0.011356

      1061000 -- [-5990.106] [...7 remote chains...] -- 0:41:42

      Average standard deviation of split frequencies: 0.011357

      1062000 -- (-5995.207) [...7 remote chains...] -- 0:41:42

      Average standard deviation of split frequencies: 0.011402

      1063000 -- (-6011.159) [...7 remote chains...] -- 0:41:39

      Average standard deviation of split frequencies: 0.011327

      1064000 -- (-6004.577) [...7 remote chains...] -- 0:41:40

      Average standard deviation of split frequencies: 0.011277

      1065000 -- (-6013.097) [...7 remote chains...] -- 0:41:37

      Average standard deviation of split frequencies: 0.011295

      1066000 -- (-6018.396) [...7 remote chains...] -- 0:41:38

      Average standard deviation of split frequencies: 0.011232

      1067000 -- (-6011.276) [...7 remote chains...] -- 0:41:39

      Average standard deviation of split frequencies: 0.011216

      1068000 -- [-5996.823] [...7 remote chains...] -- 0:41:36

      Average standard deviation of split frequencies: 0.011228

      1069000 -- [-5978.858] [...7 remote chains...] -- 0:41:36

      Average standard deviation of split frequencies: 0.011246

      1070000 -- [-5993.376] [...7 remote chains...] -- 0:41:37

      Average standard deviation of split frequencies: 0.011205

      1071000 -- (-5996.898) [...7 remote chains...] -- 0:41:34

      Average standard deviation of split frequencies: 0.011285

      1072000 -- (-5990.199) [...7 remote chains...] -- 0:41:35

      Average standard deviation of split frequencies: 0.011287

      1073000 -- (-6012.861) [...7 remote chains...] -- 0:41:32

      Average standard deviation of split frequencies: 0.011273

      1074000 -- (-6014.966) [...7 remote chains...] -- 0:41:33

      Average standard deviation of split frequencies: 0.011232

      1075000 -- (-6006.365) [...7 remote chains...] -- 0:41:33

      Average standard deviation of split frequencies: 0.011137

      1076000 -- [-6007.918] [...7 remote chains...] -- 0:41:30

      Average standard deviation of split frequencies: 0.011213

      1077000 -- (-6044.267) [...7 remote chains...] -- 0:41:31

      Average standard deviation of split frequencies: 0.011120

      1078000 -- (-6039.502) [...7 remote chains...] -- 0:41:32

      Average standard deviation of split frequencies: 0.011091

      1079000 -- (-6045.598) [...7 remote chains...] -- 0:41:29

      Average standard deviation of split frequencies: 0.011096

      1080000 -- (-6038.298) [...7 remote chains...] -- 0:41:29

      Average standard deviation of split frequencies: 0.011062

      1081000 -- (-6036.666) [...7 remote chains...] -- 0:41:26

      Average standard deviation of split frequencies: 0.011074

      1082000 -- (-6022.708) [...7 remote chains...] -- 0:41:27

      Average standard deviation of split frequencies: 0.011052

      1083000 -- (-6047.346) [...7 remote chains...] -- 0:41:28

      Average standard deviation of split frequencies: 0.011187

      1084000 -- (-6063.422) [...7 remote chains...] -- 0:41:25

      Average standard deviation of split frequencies: 0.011204

      1085000 -- (-6049.227) [...7 remote chains...] -- 0:41:26

      Average standard deviation of split frequencies: 0.011165

      1086000 -- (-6060.462) [...7 remote chains...] -- 0:41:26

      Average standard deviation of split frequencies: 0.011198

      1087000 -- (-6046.450) [...7 remote chains...] -- 0:41:27

      Average standard deviation of split frequencies: 0.011151

      1088000 -- (-6043.305) [...7 remote chains...] -- 0:41:28

      Average standard deviation of split frequencies: 0.011137

      1089000 -- (-6033.168) [...7 remote chains...] -- 0:41:25

      Average standard deviation of split frequencies: 0.011217

      1090000 -- (-6049.923) [...7 remote chains...] -- 0:41:25

      Average standard deviation of split frequencies: 0.011245

      1091000 -- (-6037.174) [...7 remote chains...] -- 0:41:26

      Average standard deviation of split frequencies: 0.011307

      1092000 -- (-6058.780) [...7 remote chains...] -- 0:41:27

      Average standard deviation of split frequencies: 0.011267

      1093000 -- (-6052.528) [...7 remote chains...] -- 0:41:24

      Average standard deviation of split frequencies: 0.011310

      1094000 -- (-6018.356) [...7 remote chains...] -- 0:41:24

      Average standard deviation of split frequencies: 0.011276

      1095000 -- [-6017.957] [...7 remote chains...] -- 0:41:25

      Average standard deviation of split frequencies: 0.011214

      1096000 -- (-6007.533) [...7 remote chains...] -- 0:41:26

      Average standard deviation of split frequencies: 0.011252

      1097000 -- [-6006.839] [...7 remote chains...] -- 0:41:26

      Average standard deviation of split frequencies: 0.011207

      1098000 -- (-6014.050) [...7 remote chains...] -- 0:41:27

      Average standard deviation of split frequencies: 0.011291

      1099000 -- [-6009.558] [...7 remote chains...] -- 0:41:28

      Average standard deviation of split frequencies: 0.011358

      1100000 -- (-6005.902) [...7 remote chains...] -- 0:41:25

      Average standard deviation of split frequencies: 0.011390

      1101000 -- (-6023.646) [...7 remote chains...] -- 0:41:26

      Average standard deviation of split frequencies: 0.011351

      1102000 -- [-6004.639] [...7 remote chains...] -- 0:41:26

      Average standard deviation of split frequencies: 0.011383

      1103000 -- [-5993.868] [...7 remote chains...] -- 0:41:27

      Average standard deviation of split frequencies: 0.011434

      1104000 -- (-6007.183) [...7 remote chains...] -- 0:41:24

      Average standard deviation of split frequencies: 0.011359

      1105000 -- (-6021.501) [...7 remote chains...] -- 0:41:25

      Average standard deviation of split frequencies: 0.011407

      1106000 -- [-6009.738] [...7 remote chains...] -- 0:41:25

      Average standard deviation of split frequencies: 0.011508

      1107000 -- (-6008.646) [...7 remote chains...] -- 0:41:26

      Average standard deviation of split frequencies: 0.011426

      1108000 -- (-6005.527) [...7 remote chains...] -- 0:41:26

      Average standard deviation of split frequencies: 0.011356

      1109000 -- (-6007.491) [...7 remote chains...] -- 0:41:24

      Average standard deviation of split frequencies: 0.011289

      1110000 -- (-6007.850) [...7 remote chains...] -- 0:41:24

      Average standard deviation of split frequencies: 0.011251

      1111000 -- [-5994.884] [...7 remote chains...] -- 0:41:25

      Average standard deviation of split frequencies: 0.011083

      1112000 -- (-6005.292) [...7 remote chains...] -- 0:41:25

      Average standard deviation of split frequencies: 0.011075

      1113000 -- (-6022.716) [...7 remote chains...] -- 0:41:26

      Average standard deviation of split frequencies: 0.011026

      1114000 -- (-6009.383) [...7 remote chains...] -- 0:41:27

      Average standard deviation of split frequencies: 0.011089

      1115000 -- (-6015.193) [...7 remote chains...] -- 0:41:27

      Average standard deviation of split frequencies: 0.011200

      1116000 -- (-6016.154) [...7 remote chains...] -- 0:41:28

      Average standard deviation of split frequencies: 0.011212

      1117000 -- (-6012.255) [...7 remote chains...] -- 0:41:29

      Average standard deviation of split frequencies: 0.011204

      1118000 -- (-6001.170) [...7 remote chains...] -- 0:41:29

      Average standard deviation of split frequencies: 0.011190

      1119000 -- [-5993.361] [...7 remote chains...] -- 0:41:26

      Average standard deviation of split frequencies: 0.011189

      1120000 -- (-6006.416) [...7 remote chains...] -- 0:41:27

      Average standard deviation of split frequencies: 0.011241

      1121000 -- (-6005.808) [...7 remote chains...] -- 0:41:27

      Average standard deviation of split frequencies: 0.011237

      1122000 -- (-5995.699) [...7 remote chains...] -- 0:41:28

      Average standard deviation of split frequencies: 0.011154

      1123000 -- (-6000.958) [...7 remote chains...] -- 0:41:29

      Average standard deviation of split frequencies: 0.011104

      1124000 -- (-6005.114) [...7 remote chains...] -- 0:41:29

      Average standard deviation of split frequencies: 0.011116

      1125000 -- [-5987.496] [...7 remote chains...] -- 0:41:30

      Average standard deviation of split frequencies: 0.011078

      1126000 -- [-5989.930] [...7 remote chains...] -- 0:41:30

      Average standard deviation of split frequencies: 0.011119

      1127000 -- [-6012.354] [...7 remote chains...] -- 0:41:31

      Average standard deviation of split frequencies: 0.011124

      1128000 -- [-5992.718] [...7 remote chains...] -- 0:41:32

      Average standard deviation of split frequencies: 0.011096

      1129000 -- [-5997.480] [...7 remote chains...] -- 0:41:32

      Average standard deviation of split frequencies: 0.011118

      1130000 -- [-5997.820] [...7 remote chains...] -- 0:41:29

      Average standard deviation of split frequencies: 0.011204

      1131000 -- [-5997.176] [...7 remote chains...] -- 0:41:30

      Average standard deviation of split frequencies: 0.011358

      1132000 -- (-5993.925) [...7 remote chains...] -- 0:41:30

      Average standard deviation of split frequencies: 0.011335

      1133000 -- (-6011.089) [...7 remote chains...] -- 0:41:31

      Average standard deviation of split frequencies: 0.011354

      1134000 -- (-6021.317) [...7 remote chains...] -- 0:41:32

      Average standard deviation of split frequencies: 0.011296

      1135000 -- (-6035.004) [...7 remote chains...] -- 0:41:32

      Average standard deviation of split frequencies: 0.011356

      1136000 -- (-6021.263) [...7 remote chains...] -- 0:41:33

      Average standard deviation of split frequencies: 0.011248

      1137000 -- (-6022.964) [...7 remote chains...] -- 0:41:33

      Average standard deviation of split frequencies: 0.011200

      1138000 -- (-6023.202) [...7 remote chains...] -- 0:41:34

      Average standard deviation of split frequencies: 0.011143

      1139000 -- (-6052.794) [...7 remote chains...] -- 0:41:34

      Average standard deviation of split frequencies: 0.011088

      1140000 -- (-6017.639) [...7 remote chains...] -- 0:41:35

      Average standard deviation of split frequencies: 0.011130

      1141000 -- (-6020.464) [...7 remote chains...] -- 0:41:36

      Average standard deviation of split frequencies: 0.011166

      1142000 -- (-5997.000) [...7 remote chains...] -- 0:41:36

      Average standard deviation of split frequencies: 0.011222

      1143000 -- [-5995.208] [...7 remote chains...] -- 0:41:33

      Average standard deviation of split frequencies: 0.011291

      1144000 -- (-6005.410) [...7 remote chains...] -- 0:41:34

      Average standard deviation of split frequencies: 0.011243

      1145000 -- [-6007.030] [...7 remote chains...] -- 0:41:34

      Average standard deviation of split frequencies: 0.011237

      1146000 -- (-6018.192) [...7 remote chains...] -- 0:41:35

      Average standard deviation of split frequencies: 0.011276

      1147000 -- (-6051.474) [...7 remote chains...] -- 0:41:35

      Average standard deviation of split frequencies: 0.011271

      1148000 -- (-6019.764) [...7 remote chains...] -- 0:41:36

      Average standard deviation of split frequencies: 0.011244

      1149000 -- (-6016.232) [...7 remote chains...] -- 0:41:36

      Average standard deviation of split frequencies: 0.011240

      1150000 -- (-6063.406) [...7 remote chains...] -- 0:41:37

      Average standard deviation of split frequencies: 0.011262

      1151000 -- (-6052.996) [...7 remote chains...] -- 0:41:38

      Average standard deviation of split frequencies: 0.011256

      1152000 -- (-6027.019) [...7 remote chains...] -- 0:41:38

      Average standard deviation of split frequencies: 0.011288

      1153000 -- (-6039.754) [...7 remote chains...] -- 0:41:39

      Average standard deviation of split frequencies: 0.011260

      1154000 -- (-6035.884) [...7 remote chains...] -- 0:41:39

      Average standard deviation of split frequencies: 0.011242

      1155000 -- (-6039.968) [...7 remote chains...] -- 0:41:36

      Average standard deviation of split frequencies: 0.011320

      1156000 -- (-6021.326) [...7 remote chains...] -- 0:41:37

      Average standard deviation of split frequencies: 0.011337

      1157000 -- (-6003.259) [...7 remote chains...] -- 0:41:37

      Average standard deviation of split frequencies: 0.011266

      1158000 -- (-5991.688) [...7 remote chains...] -- 0:41:38

      Average standard deviation of split frequencies: 0.011369

      1159000 -- (-6025.101) [...7 remote chains...] -- 0:41:38

      Average standard deviation of split frequencies: 0.011268

      1160000 -- (-6036.079) [...7 remote chains...] -- 0:41:39

      Average standard deviation of split frequencies: 0.011443

      1161000 -- (-6054.265) [...7 remote chains...] -- 0:41:39

      Average standard deviation of split frequencies: 0.011391

      1162000 -- (-6050.143) [...7 remote chains...] -- 0:41:40

      Average standard deviation of split frequencies: 0.011403

      1163000 -- (-6040.125) [...7 remote chains...] -- 0:41:40

      Average standard deviation of split frequencies: 0.011388

      1164000 -- (-6010.893) [...7 remote chains...] -- 0:41:41

      Average standard deviation of split frequencies: 0.011399

      1165000 -- [-5987.624] [...7 remote chains...] -- 0:41:38

      Average standard deviation of split frequencies: 0.011343

      1166000 -- (-6031.271) [...7 remote chains...] -- 0:41:39

      Average standard deviation of split frequencies: 0.011320

      1167000 -- (-6017.298) [...7 remote chains...] -- 0:41:39

      Average standard deviation of split frequencies: 0.011281

      1168000 -- (-6015.744) [...7 remote chains...] -- 0:41:39

      Average standard deviation of split frequencies: 0.011211

      1169000 -- (-6034.705) [...7 remote chains...] -- 0:41:40

      Average standard deviation of split frequencies: 0.011127

      1170000 -- (-6019.071) [...7 remote chains...] -- 0:41:40

      Average standard deviation of split frequencies: 0.011130

      1171000 -- (-6019.388) [...7 remote chains...] -- 0:41:41

      Average standard deviation of split frequencies: 0.011167

      1172000 -- (-6028.214) [...7 remote chains...] -- 0:41:41

      Average standard deviation of split frequencies: 0.011135

      1173000 -- (-6026.030) [...7 remote chains...] -- 0:41:42

      Average standard deviation of split frequencies: 0.011174

      1174000 -- (-6032.857) [...7 remote chains...] -- 0:41:42

      Average standard deviation of split frequencies: 0.011214

      1175000 -- (-6035.852) [...7 remote chains...] -- 0:41:43

      Average standard deviation of split frequencies: 0.011167

      1176000 -- (-6050.952) [...7 remote chains...] -- 0:41:40

      Average standard deviation of split frequencies: 0.011135

      1177000 -- (-6050.855) [...7 remote chains...] -- 0:41:41

      Average standard deviation of split frequencies: 0.011108

      1178000 -- (-6053.246) [...7 remote chains...] -- 0:41:41

      Average standard deviation of split frequencies: 0.011025

      1179000 -- (-6026.374) [...7 remote chains...] -- 0:41:41

      Average standard deviation of split frequencies: 0.011025

      1180000 -- (-6017.160) [...7 remote chains...] -- 0:41:42

      Average standard deviation of split frequencies: 0.011022

      1181000 -- (-6022.591) [...7 remote chains...] -- 0:41:42

      Average standard deviation of split frequencies: 0.011114

      1182000 -- [-6011.144] [...7 remote chains...] -- 0:41:43

      Average standard deviation of split frequencies: 0.011087

      1183000 -- [-6013.871] [...7 remote chains...] -- 0:41:43

      Average standard deviation of split frequencies: 0.011040

      1184000 -- (-6019.893) [...7 remote chains...] -- 0:41:44

      Average standard deviation of split frequencies: 0.011056

      1185000 -- (-6008.306) [...7 remote chains...] -- 0:41:44

      Average standard deviation of split frequencies: 0.011085

      1186000 -- (-6001.778) [...7 remote chains...] -- 0:41:45

      Average standard deviation of split frequencies: 0.011204

      1187000 -- [-6011.356] [...7 remote chains...] -- 0:41:45

      Average standard deviation of split frequencies: 0.011228

      1188000 -- (-6024.886) [...7 remote chains...] -- 0:41:42

      Average standard deviation of split frequencies: 0.011183

      1189000 -- [-5991.769] [...7 remote chains...] -- 0:41:43

      Average standard deviation of split frequencies: 0.011189

      1190000 -- [-5978.485] [...7 remote chains...] -- 0:41:43

      Average standard deviation of split frequencies: 0.011167

      1191000 -- [-5993.767] [...7 remote chains...] -- 0:41:44

      Average standard deviation of split frequencies: 0.011218

      1192000 -- (-5999.382) [...7 remote chains...] -- 0:41:44

      Average standard deviation of split frequencies: 0.011150

      1193000 -- (-6000.753) [...7 remote chains...] -- 0:41:45

      Average standard deviation of split frequencies: 0.011095

      1194000 -- (-6008.014) [...7 remote chains...] -- 0:41:45

      Average standard deviation of split frequencies: 0.011022

      1195000 -- [-6012.873] [...7 remote chains...] -- 0:41:45

      Average standard deviation of split frequencies: 0.011102

      1196000 -- (-6007.324) [...7 remote chains...] -- 0:41:46

      Average standard deviation of split frequencies: 0.011094

      1197000 -- [-6004.466] [...7 remote chains...] -- 0:41:46

      Average standard deviation of split frequencies: 0.011105

      1198000 -- (-6001.517) [...7 remote chains...] -- 0:41:47

      Average standard deviation of split frequencies: 0.011050

      1199000 -- (-5992.664) [...7 remote chains...] -- 0:41:44

      Average standard deviation of split frequencies: 0.011027

      1200000 -- (-6013.713) [...7 remote chains...] -- 0:41:44

      Average standard deviation of split frequencies: 0.011057

      1201000 -- (-6001.322) [...7 remote chains...] -- 0:41:45

      Average standard deviation of split frequencies: 0.011035

      1202000 -- (-6012.512) [...7 remote chains...] -- 0:41:45

      Average standard deviation of split frequencies: 0.011056

      1203000 -- (-6005.642) [...7 remote chains...] -- 0:41:46

      Average standard deviation of split frequencies: 0.011060

      1204000 -- (-6023.714) [...7 remote chains...] -- 0:41:46

      Average standard deviation of split frequencies: 0.011104

      1205000 -- (-6031.066) [...7 remote chains...] -- 0:41:46

      Average standard deviation of split frequencies: 0.011124

      1206000 -- (-6013.809) [...7 remote chains...] -- 0:41:47

      Average standard deviation of split frequencies: 0.011158

      1207000 -- (-5997.098) [...7 remote chains...] -- 0:41:47

      Average standard deviation of split frequencies: 0.011139

      1208000 -- (-6000.806) [...7 remote chains...] -- 0:41:48

      Average standard deviation of split frequencies: 0.011191

      1209000 -- [-5991.613] [...7 remote chains...] -- 0:41:45

      Average standard deviation of split frequencies: 0.011119

      1210000 -- [-5987.513] [...7 remote chains...] -- 0:41:45

      Average standard deviation of split frequencies: 0.011102

      1211000 -- (-5998.185) [...7 remote chains...] -- 0:41:46

      Average standard deviation of split frequencies: 0.011111

      1212000 -- [-6006.874] [...7 remote chains...] -- 0:41:46

      Average standard deviation of split frequencies: 0.011125

      1213000 -- (-6005.323) [...7 remote chains...] -- 0:41:46

      Average standard deviation of split frequencies: 0.011156

      1214000 -- [-5997.532] [...7 remote chains...] -- 0:41:47

      Average standard deviation of split frequencies: 0.011125

      1215000 -- (-6029.876) [...7 remote chains...] -- 0:41:47

      Average standard deviation of split frequencies: 0.011188

      1216000 -- [-5999.195] [...7 remote chains...] -- 0:41:48

      Average standard deviation of split frequencies: 0.011157

      1217000 -- (-6003.784) [...7 remote chains...] -- 0:41:48

      Average standard deviation of split frequencies: 0.011140

      1218000 -- (-6012.501) [...7 remote chains...] -- 0:41:45

      Average standard deviation of split frequencies: 0.011133

      1219000 -- [-6001.431] [...7 remote chains...] -- 0:41:46

      Average standard deviation of split frequencies: 0.011217

      1220000 -- (-6013.695) [...7 remote chains...] -- 0:41:46

      Average standard deviation of split frequencies: 0.011250

      1221000 -- (-6030.127) [...7 remote chains...] -- 0:41:46

      Average standard deviation of split frequencies: 0.011210

      1222000 -- (-6030.258) [...7 remote chains...] -- 0:41:47

      Average standard deviation of split frequencies: 0.011270

      1223000 -- (-6039.312) [...7 remote chains...] -- 0:41:47

      Average standard deviation of split frequencies: 0.011266

      1224000 -- (-6004.491) [...7 remote chains...] -- 0:41:48

      Average standard deviation of split frequencies: 0.011321

      1225000 -- (-6028.331) [...7 remote chains...] -- 0:41:48

      Average standard deviation of split frequencies: 0.011286

      1226000 -- (-6037.709) [...7 remote chains...] -- 0:41:48

      Average standard deviation of split frequencies: 0.011254

      1227000 -- (-6070.882) [...7 remote chains...] -- 0:41:46

      Average standard deviation of split frequencies: 0.011307

      1228000 -- (-6021.262) [...7 remote chains...] -- 0:41:46

      Average standard deviation of split frequencies: 0.011295

      1229000 -- (-6043.073) [...7 remote chains...] -- 0:41:46

      Average standard deviation of split frequencies: 0.011278

      1230000 -- (-6037.963) [...7 remote chains...] -- 0:41:47

      Average standard deviation of split frequencies: 0.011230

      1231000 -- (-6037.214) [...7 remote chains...] -- 0:41:47

      Average standard deviation of split frequencies: 0.011230

      1232000 -- (-5997.608) [...7 remote chains...] -- 0:41:47

      Average standard deviation of split frequencies: 0.011227

      1233000 -- (-6001.883) [...7 remote chains...] -- 0:41:48

      Average standard deviation of split frequencies: 0.011283

      1234000 -- (-5998.926) [...7 remote chains...] -- 0:41:48

      Average standard deviation of split frequencies: 0.011239

      1235000 -- (-6011.008) [...7 remote chains...] -- 0:41:48

      Average standard deviation of split frequencies: 0.011248

      1236000 -- (-6013.257) [...7 remote chains...] -- 0:41:49

      Average standard deviation of split frequencies: 0.011281

      1237000 -- (-6016.219) [...7 remote chains...] -- 0:41:49

      Average standard deviation of split frequencies: 0.011305

      1238000 -- (-6032.877) [...7 remote chains...] -- 0:41:46

      Average standard deviation of split frequencies: 0.011346

      1239000 -- (-6033.524) [...7 remote chains...] -- 0:41:47

      Average standard deviation of split frequencies: 0.011347

      1240000 -- (-6036.601) [...7 remote chains...] -- 0:41:47

      Average standard deviation of split frequencies: 0.011307

      1241000 -- (-6046.961) [...7 remote chains...] -- 0:41:48

      Average standard deviation of split frequencies: 0.011313

      1242000 -- (-6035.594) [...7 remote chains...] -- 0:41:48

      Average standard deviation of split frequencies: 0.011346

      1243000 -- (-6022.978) [...7 remote chains...] -- 0:41:48

      Average standard deviation of split frequencies: 0.011346

      1244000 -- [-5997.135] [...7 remote chains...] -- 0:41:49

      Average standard deviation of split frequencies: 0.011293

      1245000 -- [-5999.188] [...7 remote chains...] -- 0:41:49

      Average standard deviation of split frequencies: 0.011223

      1246000 -- (-5997.795) [...7 remote chains...] -- 0:41:49

      Average standard deviation of split frequencies: 0.011193

      1247000 -- [-5986.928] [...7 remote chains...] -- 0:41:50

      Average standard deviation of split frequencies: 0.011207

      1248000 -- [-5983.278] [...7 remote chains...] -- 0:41:50

      Average standard deviation of split frequencies: 0.011190

      1249000 -- (-5995.224) [...7 remote chains...] -- 0:41:47

      Average standard deviation of split frequencies: 0.011086

      1250000 -- [-5978.868] [...7 remote chains...] -- 0:41:48

      Average standard deviation of split frequencies: 0.011056

      1251000 -- [-5993.584] [...7 remote chains...] -- 0:41:48

      Average standard deviation of split frequencies: 0.011158

      1252000 -- [-5988.457] [...7 remote chains...] -- 0:41:48

      Average standard deviation of split frequencies: 0.011138

      1253000 -- [-5988.981] [...7 remote chains...] -- 0:41:48

      Average standard deviation of split frequencies: 0.011178

      1254000 -- [-5987.799] [...7 remote chains...] -- 0:41:49

      Average standard deviation of split frequencies: 0.011162

      1255000 -- [-5984.219] [...7 remote chains...] -- 0:41:49

      Average standard deviation of split frequencies: 0.011104

      1256000 -- [-5987.445] [...7 remote chains...] -- 0:41:49

      Average standard deviation of split frequencies: 0.011023

      1257000 -- (-6001.633) [...7 remote chains...] -- 0:41:50

      Average standard deviation of split frequencies: 0.011002

      1258000 -- (-6014.022) [...7 remote chains...] -- 0:41:50

      Average standard deviation of split frequencies: 0.010982

      1259000 -- (-6029.918) [...7 remote chains...] -- 0:41:50

      Average standard deviation of split frequencies: 0.010955

      1260000 -- (-6038.369) [...7 remote chains...] -- 0:41:48

      Average standard deviation of split frequencies: 0.010948

      1261000 -- (-6026.107) [...7 remote chains...] -- 0:41:48

      Average standard deviation of split frequencies: 0.010875

      1262000 -- (-6029.894) [...7 remote chains...] -- 0:41:48

      Average standard deviation of split frequencies: 0.010798

      1263000 -- (-6013.685) [...7 remote chains...] -- 0:41:49

      Average standard deviation of split frequencies: 0.010780

      1264000 -- (-6005.726) [...7 remote chains...] -- 0:41:49

      Average standard deviation of split frequencies: 0.010721

      1265000 -- (-6014.415) [...7 remote chains...] -- 0:41:49

      Average standard deviation of split frequencies: 0.010683

      1266000 -- [-5994.096] [...7 remote chains...] -- 0:41:49

      Average standard deviation of split frequencies: 0.010650

      1267000 -- [-6011.143] [...7 remote chains...] -- 0:41:50

      Average standard deviation of split frequencies: 0.010606

      1268000 -- (-6034.637) [...7 remote chains...] -- 0:41:50

      Average standard deviation of split frequencies: 0.010600

      1269000 -- (-6031.663) [...7 remote chains...] -- 0:41:50

      Average standard deviation of split frequencies: 0.010567

      1270000 -- (-6013.617) [...7 remote chains...] -- 0:41:48

      Average standard deviation of split frequencies: 0.010582

      1271000 -- (-5991.110) [...7 remote chains...] -- 0:41:48

      Average standard deviation of split frequencies: 0.010573

      1272000 -- (-5980.815) [...7 remote chains...] -- 0:41:48

      Average standard deviation of split frequencies: 0.010614

      1273000 -- [-5991.402] [...7 remote chains...] -- 0:41:49

      Average standard deviation of split frequencies: 0.010564

      1274000 -- [-5985.802] [...7 remote chains...] -- 0:41:49

      Average standard deviation of split frequencies: 0.010596

      1275000 -- [-5978.798] [...7 remote chains...] -- 0:41:49

      Average standard deviation of split frequencies: 0.010576

      1276000 -- (-5996.197) [...7 remote chains...] -- 0:41:49

      Average standard deviation of split frequencies: 0.010617

      1277000 -- [-6006.299] [...7 remote chains...] -- 0:41:50

      Average standard deviation of split frequencies: 0.010641

      1278000 -- [-5988.326] [...7 remote chains...] -- 0:41:50

      Average standard deviation of split frequencies: 0.010687

      1279000 -- (-6026.527) [...7 remote chains...] -- 0:41:50

      Average standard deviation of split frequencies: 0.010700

      1280000 -- (-6009.699) [...7 remote chains...] -- 0:41:48

      Average standard deviation of split frequencies: 0.010744

      1281000 -- (-6023.153) [...7 remote chains...] -- 0:41:48

      Average standard deviation of split frequencies: 0.010754

      1282000 -- (-6020.193) [...7 remote chains...] -- 0:41:48

      Average standard deviation of split frequencies: 0.010748

      1283000 -- (-6023.143) [...7 remote chains...] -- 0:41:48

      Average standard deviation of split frequencies: 0.010847

      1284000 -- [-6002.088] [...7 remote chains...] -- 0:41:49

      Average standard deviation of split frequencies: 0.010862

      1285000 -- (-6022.774) [...7 remote chains...] -- 0:41:49

      Average standard deviation of split frequencies: 0.010908

      1286000 -- (-6027.418) [...7 remote chains...] -- 0:41:49

      Average standard deviation of split frequencies: 0.010910

      1287000 -- (-6029.141) [...7 remote chains...] -- 0:41:49

      Average standard deviation of split frequencies: 0.010850

      1288000 -- [-5989.833] [...7 remote chains...] -- 0:41:50

      Average standard deviation of split frequencies: 0.010852

      1289000 -- [-5992.116] [...7 remote chains...] -- 0:41:50

      Average standard deviation of split frequencies: 0.010845

      1290000 -- [-5997.026] [...7 remote chains...] -- 0:41:50

      Average standard deviation of split frequencies: 0.010855

      1291000 -- [-6003.091] [...7 remote chains...] -- 0:41:48

      Average standard deviation of split frequencies: 0.010809

      1292000 -- (-6001.346) [...7 remote chains...] -- 0:41:48

      Average standard deviation of split frequencies: 0.010781

      1293000 -- (-6010.834) [...7 remote chains...] -- 0:41:48

      Average standard deviation of split frequencies: 0.010752

      1294000 -- (-6037.388) [...7 remote chains...] -- 0:41:48

      Average standard deviation of split frequencies: 0.010779

      1295000 -- (-6054.829) [...7 remote chains...] -- 0:41:49

      Average standard deviation of split frequencies: 0.010861

      1296000 -- (-6035.071) [...7 remote chains...] -- 0:41:49

      Average standard deviation of split frequencies: 0.010871

      1297000 -- (-6008.416) [...7 remote chains...] -- 0:41:49

      Average standard deviation of split frequencies: 0.010915

      1298000 -- (-6014.051) [...7 remote chains...] -- 0:41:49

      Average standard deviation of split frequencies: 0.010934

      1299000 -- [-6009.639] [...7 remote chains...] -- 0:41:50

      Average standard deviation of split frequencies: 0.010930

      1300000 -- [-5990.342] [...7 remote chains...] -- 0:41:50

      Average standard deviation of split frequencies: 0.010910

      1301000 -- (-5993.404) [...7 remote chains...] -- 0:41:50

      Average standard deviation of split frequencies: 0.010873

      1302000 -- (-6026.858) [...7 remote chains...] -- 0:41:50

      Average standard deviation of split frequencies: 0.010837

      1303000 -- (-6024.721) [...7 remote chains...] -- 0:41:51

      Average standard deviation of split frequencies: 0.010730

      1304000 -- (-6012.318) [...7 remote chains...] -- 0:41:51

      Average standard deviation of split frequencies: 0.010707

      1305000 -- (-6018.190) [...7 remote chains...] -- 0:41:51

      Average standard deviation of split frequencies: 0.010683

      1306000 -- (-6020.237) [...7 remote chains...] -- 0:41:51

      Average standard deviation of split frequencies: 0.010706

      1307000 -- (-6025.887) [...7 remote chains...] -- 0:41:51

      Average standard deviation of split frequencies: 0.010689

      1308000 -- (-6037.042) [...7 remote chains...] -- 0:41:52

      Average standard deviation of split frequencies: 0.010759

      1309000 -- (-6011.395) [...7 remote chains...] -- 0:41:52

      Average standard deviation of split frequencies: 0.010769

      1310000 -- (-6009.435) [...7 remote chains...] -- 0:41:52

      Average standard deviation of split frequencies: 0.010800

      1311000 -- (-6020.278) [...7 remote chains...] -- 0:41:52

      Average standard deviation of split frequencies: 0.010758

      1312000 -- (-6019.048) [...7 remote chains...] -- 0:41:53

      Average standard deviation of split frequencies: 0.010781

      1313000 -- (-6008.956) [...7 remote chains...] -- 0:41:53

      Average standard deviation of split frequencies: 0.010732

      1314000 -- [-5989.548] [...7 remote chains...] -- 0:41:53

      Average standard deviation of split frequencies: 0.010730

      1315000 -- [-5982.593] [...7 remote chains...] -- 0:41:53

      Average standard deviation of split frequencies: 0.010696

      1316000 -- [-5967.595] [...7 remote chains...] -- 0:41:53

      Average standard deviation of split frequencies: 0.010694

      1317000 -- [-5981.327] [...7 remote chains...] -- 0:41:54

      Average standard deviation of split frequencies: 0.010624

      1318000 -- [-5989.194] [...7 remote chains...] -- 0:41:54

      Average standard deviation of split frequencies: 0.010580

      1319000 -- (-5994.056) [...7 remote chains...] -- 0:41:54

      Average standard deviation of split frequencies: 0.010546

      1320000 -- (-6037.048) [...7 remote chains...] -- 0:41:54

      Average standard deviation of split frequencies: 0.010531

      1321000 -- (-6025.011) [...7 remote chains...] -- 0:41:57

      Average standard deviation of split frequencies: 0.010466

      1322000 -- (-6047.813) [...7 remote chains...] -- 0:41:57

      Average standard deviation of split frequencies: 0.010464

      1323000 -- (-6033.718) [...7 remote chains...] -- 0:41:58

      Average standard deviation of split frequencies: 0.010447

      1324000 -- (-6037.660) [...7 remote chains...] -- 0:41:58

      Average standard deviation of split frequencies: 0.010399

      1325000 -- (-6021.716) [...7 remote chains...] -- 0:41:58

      Average standard deviation of split frequencies: 0.010355

      1326000 -- (-6008.584) [...7 remote chains...] -- 0:41:58

      Average standard deviation of split frequencies: 0.010365

      1327000 -- [-6008.469] [...7 remote chains...] -- 0:41:58

      Average standard deviation of split frequencies: 0.010282

      1328000 -- [-6005.777] [...7 remote chains...] -- 0:41:58

      Average standard deviation of split frequencies: 0.010255

      1329000 -- (-6012.097) [...7 remote chains...] -- 0:41:59

      Average standard deviation of split frequencies: 0.010315

      1330000 -- [-6020.309] [...7 remote chains...] -- 0:41:59

      Average standard deviation of split frequencies: 0.010292

      1331000 -- (-6008.688) [...7 remote chains...] -- 0:41:59

      Average standard deviation of split frequencies: 0.010284

      1332000 -- (-6017.561) [...7 remote chains...] -- 0:41:59

      Average standard deviation of split frequencies: 0.010332

      1333000 -- (-6019.511) [...7 remote chains...] -- 0:41:59

      Average standard deviation of split frequencies: 0.010403

      1334000 -- (-6044.030) [...7 remote chains...] -- 0:42:00

      Average standard deviation of split frequencies: 0.010375

      1335000 -- (-6023.431) [...7 remote chains...] -- 0:42:00

      Average standard deviation of split frequencies: 0.010321

      1336000 -- [-5989.769] [...7 remote chains...] -- 0:42:00

      Average standard deviation of split frequencies: 0.010256

      1337000 -- (-6019.183) [...7 remote chains...] -- 0:41:57

      Average standard deviation of split frequencies: 0.010181

      1338000 -- (-6031.598) [...7 remote chains...] -- 0:41:57

      Average standard deviation of split frequencies: 0.010150

      1339000 -- (-6032.637) [...7 remote chains...] -- 0:41:58

      Average standard deviation of split frequencies: 0.010138

      1340000 -- (-6020.936) [...7 remote chains...] -- 0:41:58

      Average standard deviation of split frequencies: 0.010140

      1341000 -- (-6011.812) [...7 remote chains...] -- 0:41:58

      Average standard deviation of split frequencies: 0.010159

      1342000 -- (-6012.596) [...7 remote chains...] -- 0:41:58

      Average standard deviation of split frequencies: 0.010145

      1343000 -- (-6013.953) [...7 remote chains...] -- 0:41:58

      Average standard deviation of split frequencies: 0.010007

      1344000 -- (-6020.340) [...7 remote chains...] -- 0:41:58

      Average standard deviation of split frequencies: 0.009980

      1345000 -- (-6032.877) [...7 remote chains...] -- 0:41:59

      Average standard deviation of split frequencies: 0.009987

      1346000 -- (-6041.300) [...7 remote chains...] -- 0:41:59

      Average standard deviation of split frequencies: 0.010028

      1347000 -- (-6026.277) [...7 remote chains...] -- 0:41:56

      Average standard deviation of split frequencies: 0.010032

      1348000 -- (-6010.055) [...7 remote chains...] -- 0:41:56

      Average standard deviation of split frequencies: 0.009959

      1349000 -- (-6016.252) [...7 remote chains...] -- 0:41:56

      Average standard deviation of split frequencies: 0.009970

      1350000 -- (-6027.336) [...7 remote chains...] -- 0:41:57

      Average standard deviation of split frequencies: 0.010001

      1351000 -- (-6035.752) [...7 remote chains...] -- 0:41:57

      Average standard deviation of split frequencies: 0.009964

      1352000 -- (-6046.973) [...7 remote chains...] -- 0:41:57

      Average standard deviation of split frequencies: 0.009999

      1353000 -- (-6033.562) [...7 remote chains...] -- 0:41:57

      Average standard deviation of split frequencies: 0.009936

      1354000 -- (-5997.407) [...7 remote chains...] -- 0:41:57

      Average standard deviation of split frequencies: 0.009865

      1355000 -- [-5996.727] [...7 remote chains...] -- 0:41:57

      Average standard deviation of split frequencies: 0.009898

      1356000 -- (-6008.499) [...7 remote chains...] -- 0:41:58

      Average standard deviation of split frequencies: 0.009900

      1357000 -- [-5977.225] [...7 remote chains...] -- 0:41:55

      Average standard deviation of split frequencies: 0.009882

      1358000 -- (-6006.885) [...7 remote chains...] -- 0:41:55

      Average standard deviation of split frequencies: 0.009832

      1359000 -- [-6000.283] [...7 remote chains...] -- 0:41:55

      Average standard deviation of split frequencies: 0.009775

      1360000 -- (-6018.267) [...7 remote chains...] -- 0:41:55

      Average standard deviation of split frequencies: 0.009777

      1361000 -- (-6022.909) [...7 remote chains...] -- 0:41:56

      Average standard deviation of split frequencies: 0.009772

      1362000 -- (-6026.844) [...7 remote chains...] -- 0:41:56

      Average standard deviation of split frequencies: 0.009795

      1363000 -- (-6035.814) [...7 remote chains...] -- 0:41:56

      Average standard deviation of split frequencies: 0.009762

      1364000 -- (-6030.638) [...7 remote chains...] -- 0:41:56

      Average standard deviation of split frequencies: 0.009741

      1365000 -- (-6001.058) [...7 remote chains...] -- 0:41:56

      Average standard deviation of split frequencies: 0.009723

      1366000 -- (-6023.304) [...7 remote chains...] -- 0:41:56

      Average standard deviation of split frequencies: 0.009701

      1367000 -- (-6028.718) [...7 remote chains...] -- 0:41:56

      Average standard deviation of split frequencies: 0.009705

      1368000 -- (-6020.782) [...7 remote chains...] -- 0:41:56

      Average standard deviation of split frequencies: 0.009700

      1369000 -- (-6034.391) [...7 remote chains...] -- 0:41:57

      Average standard deviation of split frequencies: 0.009707

      1370000 -- (-6036.139) [...7 remote chains...] -- 0:41:54

      Average standard deviation of split frequencies: 0.009693

      1371000 -- (-6020.427) [...7 remote chains...] -- 0:41:54

      Average standard deviation of split frequencies: 0.009669

      1372000 -- (-6032.515) [...7 remote chains...] -- 0:41:54

      Average standard deviation of split frequencies: 0.009631

      1373000 -- (-6031.682) [...7 remote chains...] -- 0:41:54

      Average standard deviation of split frequencies: 0.009582

      1374000 -- (-6012.389) [...7 remote chains...] -- 0:41:54

      Average standard deviation of split frequencies: 0.009556

      1375000 -- (-6020.587) [...7 remote chains...] -- 0:41:55

      Average standard deviation of split frequencies: 0.009528

      1376000 -- (-6044.453) [...7 remote chains...] -- 0:41:55

      Average standard deviation of split frequencies: 0.009547

      1377000 -- (-6028.319) [...7 remote chains...] -- 0:41:52

      Average standard deviation of split frequencies: 0.009518

      1378000 -- (-6034.580) [...7 remote chains...] -- 0:41:52

      Average standard deviation of split frequencies: 0.009508

      1379000 -- (-6044.780) [...7 remote chains...] -- 0:41:52

      Average standard deviation of split frequencies: 0.009517

      1380000 -- (-6029.918) [...7 remote chains...] -- 0:41:53

      Average standard deviation of split frequencies: 0.009520

      1381000 -- (-6015.868) [...7 remote chains...] -- 0:41:53

      Average standard deviation of split frequencies: 0.009522

      1382000 -- (-6026.771) [...7 remote chains...] -- 0:41:50

      Average standard deviation of split frequencies: 0.009505

      1383000 -- (-6017.024) [...7 remote chains...] -- 0:41:50

      Average standard deviation of split frequencies: 0.009501

      1384000 -- (-5992.094) [...7 remote chains...] -- 0:41:50

      Average standard deviation of split frequencies: 0.009484

      1385000 -- [-6003.154] [...7 remote chains...] -- 0:41:50

      Average standard deviation of split frequencies: 0.009447

      1386000 -- [-5989.318] [...7 remote chains...] -- 0:41:51

      Average standard deviation of split frequencies: 0.009410

      1387000 -- (-6008.253) [...7 remote chains...] -- 0:41:48

      Average standard deviation of split frequencies: 0.009382

      1388000 -- [-5984.238] [...7 remote chains...] -- 0:41:48

      Average standard deviation of split frequencies: 0.009401

      1389000 -- (-6003.616) [...7 remote chains...] -- 0:41:48

      Average standard deviation of split frequencies: 0.009400

      1390000 -- (-5998.600) [...7 remote chains...] -- 0:41:48

      Average standard deviation of split frequencies: 0.009407

      1391000 -- (-6017.150) [...7 remote chains...] -- 0:41:48

      Average standard deviation of split frequencies: 0.009395

      1392000 -- (-6018.112) [...7 remote chains...] -- 0:41:46

      Average standard deviation of split frequencies: 0.009370

      1393000 -- (-6055.540) [...7 remote chains...] -- 0:41:46

      Average standard deviation of split frequencies: 0.009381

      1394000 -- (-6033.683) [...7 remote chains...] -- 0:41:46

      Average standard deviation of split frequencies: 0.009380

      1395000 -- (-6013.532) [...7 remote chains...] -- 0:41:46

      Average standard deviation of split frequencies: 0.009356

      1396000 -- (-6035.372) [...7 remote chains...] -- 0:41:46

      Average standard deviation of split frequencies: 0.009316

      1397000 -- (-6032.653) [...7 remote chains...] -- 0:41:44

      Average standard deviation of split frequencies: 0.009279

      1398000 -- (-6035.531) [...7 remote chains...] -- 0:41:44

      Average standard deviation of split frequencies: 0.009235

      1399000 -- (-6025.359) [...7 remote chains...] -- 0:41:44

      Average standard deviation of split frequencies: 0.009219

      1400000 -- (-6005.480) [...7 remote chains...] -- 0:41:44

      Average standard deviation of split frequencies: 0.009230

      1401000 -- (-6020.011) [...7 remote chains...] -- 0:41:44

      Average standard deviation of split frequencies: 0.009241

      1402000 -- (-6039.870) [...7 remote chains...] -- 0:41:42

      Average standard deviation of split frequencies: 0.009260

      1403000 -- (-6076.809) [...7 remote chains...] -- 0:41:42

      Average standard deviation of split frequencies: 0.009252

      1404000 -- (-6031.636) [...7 remote chains...] -- 0:41:42

      Average standard deviation of split frequencies: 0.009255

      1405000 -- (-6046.763) [...7 remote chains...] -- 0:41:42

      Average standard deviation of split frequencies: 0.009266

      1406000 -- (-6041.977) [...7 remote chains...] -- 0:41:39

      Average standard deviation of split frequencies: 0.009249

      1407000 -- (-6032.229) [...7 remote chains...] -- 0:41:40

      Average standard deviation of split frequencies: 0.009300

      1408000 -- (-6053.001) [...7 remote chains...] -- 0:41:40

      Average standard deviation of split frequencies: 0.009307

      1409000 -- (-6029.049) [...7 remote chains...] -- 0:41:40

      Average standard deviation of split frequencies: 0.009251

      1410000 -- [-6019.820] [...7 remote chains...] -- 0:41:40

      Average standard deviation of split frequencies: 0.009215

      1411000 -- [-6004.464] [...7 remote chains...] -- 0:41:37

      Average standard deviation of split frequencies: 0.009258

      1412000 -- [-5992.211] [...7 remote chains...] -- 0:41:37

      Average standard deviation of split frequencies: 0.009261

      1413000 -- [-5994.035] [...7 remote chains...] -- 0:41:37

      Average standard deviation of split frequencies: 0.009198

      1414000 -- (-5997.489) [...7 remote chains...] -- 0:41:38

      Average standard deviation of split frequencies: 0.009193

      1415000 -- [-5981.123] [...7 remote chains...] -- 0:41:38

      Average standard deviation of split frequencies: 0.009248

      1416000 -- [-5975.446] [...7 remote chains...] -- 0:41:35

      Average standard deviation of split frequencies: 0.009223

      1417000 -- [-5990.075] [...7 remote chains...] -- 0:41:35

      Average standard deviation of split frequencies: 0.009261

      1418000 -- (-5991.882) [...7 remote chains...] -- 0:41:35

      Average standard deviation of split frequencies: 0.009276

      1419000 -- [-6007.451] [...7 remote chains...] -- 0:41:35

      Average standard deviation of split frequencies: 0.009307

      1420000 -- [-5989.645] [...7 remote chains...] -- 0:41:35

      Average standard deviation of split frequencies: 0.009318

      1421000 -- (-6000.868) [...7 remote chains...] -- 0:41:35

      Average standard deviation of split frequencies: 0.009266

      1422000 -- (-6024.823) [...7 remote chains...] -- 0:41:36

      Average standard deviation of split frequencies: 0.009250

      1423000 -- (-6046.887) [...7 remote chains...] -- 0:41:36

      Average standard deviation of split frequencies: 0.009238

      1424000 -- (-6043.680) [...7 remote chains...] -- 0:41:36

      Average standard deviation of split frequencies: 0.009276

      1425000 -- (-6056.475) [...7 remote chains...] -- 0:41:36

      Average standard deviation of split frequencies: 0.009283

      1426000 -- (-6042.720) [...7 remote chains...] -- 0:41:36

      Average standard deviation of split frequencies: 0.009325

      1427000 -- (-6069.459) [...7 remote chains...] -- 0:41:36

      Average standard deviation of split frequencies: 0.009418

      1428000 -- (-6012.894) [...7 remote chains...] -- 0:41:36

      Average standard deviation of split frequencies: 0.009432

      1429000 -- (-6023.418) [...7 remote chains...] -- 0:41:36

      Average standard deviation of split frequencies: 0.009443

      1430000 -- (-6037.647) [...7 remote chains...] -- 0:41:36

      Average standard deviation of split frequencies: 0.009473

      1431000 -- [-6001.988] [...7 remote chains...] -- 0:41:36

      Average standard deviation of split frequencies: 0.009481

      1432000 -- (-6040.225) [...7 remote chains...] -- 0:41:36

      Average standard deviation of split frequencies: 0.009449

      1433000 -- (-6071.596) [...7 remote chains...] -- 0:41:34

      Average standard deviation of split frequencies: 0.009444

      1434000 -- (-6059.541) [...7 remote chains...] -- 0:41:34

      Average standard deviation of split frequencies: 0.009443

      1435000 -- (-6051.022) [...7 remote chains...] -- 0:41:34

      Average standard deviation of split frequencies: 0.009427

      1436000 -- (-6040.152) [...7 remote chains...] -- 0:41:34

      Average standard deviation of split frequencies: 0.009407

      1437000 -- (-6036.861) [...7 remote chains...] -- 0:41:34

      Average standard deviation of split frequencies: 0.009379

      1438000 -- (-6021.346) [...7 remote chains...] -- 0:41:34

      Average standard deviation of split frequencies: 0.009366

      1439000 -- (-5998.768) [...7 remote chains...] -- 0:41:34

      Average standard deviation of split frequencies: 0.009405

      1440000 -- (-6014.003) [...7 remote chains...] -- 0:41:34

      Average standard deviation of split frequencies: 0.009367

      1441000 -- [-5990.200] [...7 remote chains...] -- 0:41:34

      Average standard deviation of split frequencies: 0.009346

      1442000 -- (-5993.756) [...7 remote chains...] -- 0:41:32

      Average standard deviation of split frequencies: 0.009380

      1443000 -- (-5994.754) [...7 remote chains...] -- 0:41:32

      Average standard deviation of split frequencies: 0.009465

      1444000 -- (-6003.397) [...7 remote chains...] -- 0:41:32

      Average standard deviation of split frequencies: 0.009464

      1445000 -- [-6008.544] [...7 remote chains...] -- 0:41:32

      Average standard deviation of split frequencies: 0.009432

      1446000 -- (-5999.340) [...7 remote chains...] -- 0:41:32

      Average standard deviation of split frequencies: 0.009439

      1447000 -- (-6003.693) [...7 remote chains...] -- 0:41:32

      Average standard deviation of split frequencies: 0.009478

      1448000 -- [-5979.903] [...7 remote chains...] -- 0:41:32

      Average standard deviation of split frequencies: 0.009465

      1449000 -- (-6006.616) [...7 remote chains...] -- 0:41:32

      Average standard deviation of split frequencies: 0.009495

      1450000 -- [-5987.201] [...7 remote chains...] -- 0:41:32

      Average standard deviation of split frequencies: 0.009455

      1451000 -- (-5983.592) [...7 remote chains...] -- 0:41:29

      Average standard deviation of split frequencies: 0.009471

      1452000 -- [-5982.715] [...7 remote chains...] -- 0:41:29

      Average standard deviation of split frequencies: 0.009497

      1453000 -- [-5989.816] [...7 remote chains...] -- 0:41:29

      Average standard deviation of split frequencies: 0.009515

      1454000 -- [-5996.403] [...7 remote chains...] -- 0:41:30

      Average standard deviation of split frequencies: 0.009525

      1455000 -- (-5992.722) [...7 remote chains...] -- 0:41:30

      Average standard deviation of split frequencies: 0.009472

      1456000 -- [-5978.819] [...7 remote chains...] -- 0:41:30

      Average standard deviation of split frequencies: 0.009459

      1457000 -- [-5966.742] [...7 remote chains...] -- 0:41:30

      Average standard deviation of split frequencies: 0.009473

      1458000 -- [-5982.320] [...7 remote chains...] -- 0:41:30

      Average standard deviation of split frequencies: 0.009476

      1459000 -- [-6004.135] [...7 remote chains...] -- 0:41:30

      Average standard deviation of split frequencies: 0.009476

      1460000 -- (-5995.765) [...7 remote chains...] -- 0:41:30

      Average standard deviation of split frequencies: 0.009391

      1461000 -- [-5979.046] [...7 remote chains...] -- 0:41:30

      Average standard deviation of split frequencies: 0.009390

      1462000 -- [-5992.626] [...7 remote chains...] -- 0:41:30

      Average standard deviation of split frequencies: 0.009408

      1463000 -- [-6000.665] [...7 remote chains...] -- 0:41:27

      Average standard deviation of split frequencies: 0.009450

      1464000 -- [-6000.065] [...7 remote chains...] -- 0:41:27

      Average standard deviation of split frequencies: 0.009446

      1465000 -- (-6018.295) [...7 remote chains...] -- 0:41:27

      Average standard deviation of split frequencies: 0.009399

      1466000 -- (-6019.458) [...7 remote chains...] -- 0:41:27

      Average standard deviation of split frequencies: 0.009406

      1467000 -- (-6021.704) [...7 remote chains...] -- 0:41:27

      Average standard deviation of split frequencies: 0.009341

      1468000 -- (-6021.962) [...7 remote chains...] -- 0:41:27

      Average standard deviation of split frequencies: 0.009374

      1469000 -- (-6025.745) [...7 remote chains...] -- 0:41:27

      Average standard deviation of split frequencies: 0.009389

      1470000 -- [-6039.040] [...7 remote chains...] -- 0:41:27

      Average standard deviation of split frequencies: 0.009410

      1471000 -- (-6049.078) [...7 remote chains...] -- 0:41:27

      Average standard deviation of split frequencies: 0.009350

      1472000 -- (-6033.216) [...7 remote chains...] -- 0:41:27

      Average standard deviation of split frequencies: 0.009425

      1473000 -- (-6018.300) [...7 remote chains...] -- 0:41:25

      Average standard deviation of split frequencies: 0.009477

      1474000 -- [-6017.988] [...7 remote chains...] -- 0:41:25

      Average standard deviation of split frequencies: 0.009491

      1475000 -- (-6008.424) [...7 remote chains...] -- 0:41:25

      Average standard deviation of split frequencies: 0.009494

      1476000 -- (-6026.671) [...7 remote chains...] -- 0:41:25

      Average standard deviation of split frequencies: 0.009452

      1477000 -- (-6025.643) [...7 remote chains...] -- 0:41:25

      Average standard deviation of split frequencies: 0.009447

      1478000 -- (-6010.108) [...7 remote chains...] -- 0:41:25

      Average standard deviation of split frequencies: 0.009390

      1479000 -- (-6014.102) [...7 remote chains...] -- 0:41:25

      Average standard deviation of split frequencies: 0.009397

      1480000 -- (-6016.246) [...7 remote chains...] -- 0:41:25

      Average standard deviation of split frequencies: 0.009385

      1481000 -- (-6034.500) [...7 remote chains...] -- 0:41:25

      Average standard deviation of split frequencies: 0.009350

      1482000 -- (-6024.264) [...7 remote chains...] -- 0:41:25

      Average standard deviation of split frequencies: 0.009330

      1483000 -- [-6001.303] [...7 remote chains...] -- 0:41:25

      Average standard deviation of split frequencies: 0.009240

      1484000 -- [-6005.806] [...7 remote chains...] -- 0:41:25

      Average standard deviation of split frequencies: 0.009213

      1485000 -- (-6017.438) [...7 remote chains...] -- 0:41:25

      Average standard deviation of split frequencies: 0.009227

      1486000 -- (-6022.913) [...7 remote chains...] -- 0:41:25

      Average standard deviation of split frequencies: 0.009185

      1487000 -- (-6018.762) [...7 remote chains...] -- 0:41:25

      Average standard deviation of split frequencies: 0.009148

      1488000 -- (-6006.398) [...7 remote chains...] -- 0:41:25

      Average standard deviation of split frequencies: 0.009136

      1489000 -- (-6022.467) [...7 remote chains...] -- 0:41:25

      Average standard deviation of split frequencies: 0.009096

      1490000 -- (-6025.102) [...7 remote chains...] -- 0:41:25

      Average standard deviation of split frequencies: 0.009059

      1491000 -- (-6032.534) [...7 remote chains...] -- 0:41:25

      Average standard deviation of split frequencies: 0.009036

      1492000 -- (-6044.002) [...7 remote chains...] -- 0:41:25

      Average standard deviation of split frequencies: 0.008999

      1493000 -- (-6074.127) [...7 remote chains...] -- 0:41:25

      Average standard deviation of split frequencies: 0.008965

      1494000 -- (-6064.423) [...7 remote chains...] -- 0:41:25

      Average standard deviation of split frequencies: 0.008965

      1495000 -- (-6059.488) [...7 remote chains...] -- 0:41:25

      Average standard deviation of split frequencies: 0.008883

      1496000 -- (-6069.202) [...7 remote chains...] -- 0:41:25

      Average standard deviation of split frequencies: 0.008890

      1497000 -- (-6030.488) [...7 remote chains...] -- 0:41:25

      Average standard deviation of split frequencies: 0.008874

      1498000 -- (-6037.683) [...7 remote chains...] -- 0:41:22

      Average standard deviation of split frequencies: 0.008844

      1499000 -- (-6016.233) [...7 remote chains...] -- 0:41:22

      Average standard deviation of split frequencies: 0.008766

      1500000 -- (-6015.398) [...7 remote chains...] -- 0:41:22

      Average standard deviation of split frequencies: 0.008762

      1501000 -- (-6007.629) [...7 remote chains...] -- 0:41:22

      Average standard deviation of split frequencies: 0.008754

      1502000 -- (-5996.075) [...7 remote chains...] -- 0:41:22

      Average standard deviation of split frequencies: 0.008706

      1503000 -- [-6009.775] [...7 remote chains...] -- 0:41:22

      Average standard deviation of split frequencies: 0.008684

      1504000 -- (-6003.943) [...7 remote chains...] -- 0:41:22

      Average standard deviation of split frequencies: 0.008617

      1505000 -- [-6015.086] [...7 remote chains...] -- 0:41:22

      Average standard deviation of split frequencies: 0.008691

      1506000 -- (-6023.940) [...7 remote chains...] -- 0:41:22

      Average standard deviation of split frequencies: 0.008734

      1507000 -- (-6028.850) [...7 remote chains...] -- 0:41:22

      Average standard deviation of split frequencies: 0.008771

      1508000 -- (-6030.427) [...7 remote chains...] -- 0:41:22

      Average standard deviation of split frequencies: 0.008782

      1509000 -- (-6043.533) [...7 remote chains...] -- 0:41:20

      Average standard deviation of split frequencies: 0.008723

      1510000 -- (-6041.285) [...7 remote chains...] -- 0:41:19

      Average standard deviation of split frequencies: 0.008653

      1511000 -- (-6013.631) [...7 remote chains...] -- 0:41:19

      Average standard deviation of split frequencies: 0.008667

      1512000 -- (-6006.717) [...7 remote chains...] -- 0:41:19

      Average standard deviation of split frequencies: 0.008685

      1513000 -- [-5997.278] [...7 remote chains...] -- 0:41:19

      Average standard deviation of split frequencies: 0.008685

      1514000 -- (-6009.268) [...7 remote chains...] -- 0:41:19

      Average standard deviation of split frequencies: 0.008692

      1515000 -- (-6024.792) [...7 remote chains...] -- 0:41:19

      Average standard deviation of split frequencies: 0.008677

      1516000 -- (-5994.360) [...7 remote chains...] -- 0:41:19

      Average standard deviation of split frequencies: 0.008637

      1517000 -- (-6004.058) [...7 remote chains...] -- 0:41:19

      Average standard deviation of split frequencies: 0.008545

      1518000 -- (-6048.089) [...7 remote chains...] -- 0:41:19

      Average standard deviation of split frequencies: 0.008545

      1519000 -- (-6020.832) [...7 remote chains...] -- 0:41:17

      Average standard deviation of split frequencies: 0.008505

      1520000 -- (-6040.176) [...7 remote chains...] -- 0:41:17

      Average standard deviation of split frequencies: 0.008534

      1521000 -- (-6051.285) [...7 remote chains...] -- 0:41:17

      Average standard deviation of split frequencies: 0.008519

      1522000 -- (-6021.688) [...7 remote chains...] -- 0:41:17

      Average standard deviation of split frequencies: 0.008508

      1523000 -- (-6018.515) [...7 remote chains...] -- 0:41:17

      Average standard deviation of split frequencies: 0.008526

      1524000 -- (-6020.928) [...7 remote chains...] -- 0:41:16

      Average standard deviation of split frequencies: 0.008501

      1525000 -- (-6029.861) [...7 remote chains...] -- 0:41:16

      Average standard deviation of split frequencies: 0.008515

      1526000 -- (-6025.478) [...7 remote chains...] -- 0:41:16

      Average standard deviation of split frequencies: 0.008573

      1527000 -- (-6010.367) [...7 remote chains...] -- 0:41:16

      Average standard deviation of split frequencies: 0.008551

      1528000 -- (-6015.080) [...7 remote chains...] -- 0:41:16

      Average standard deviation of split frequencies: 0.008533

      1529000 -- (-6055.667) [...7 remote chains...] -- 0:41:16

      Average standard deviation of split frequencies: 0.008544

      1530000 -- (-6032.046) [...7 remote chains...] -- 0:41:16

      Average standard deviation of split frequencies: 0.008576

      1531000 -- (-6031.388) [...7 remote chains...] -- 0:41:14

      Average standard deviation of split frequencies: 0.008616

      1532000 -- (-6025.505) [...7 remote chains...] -- 0:41:14

      Average standard deviation of split frequencies: 0.008619

      1533000 -- (-6033.778) [...7 remote chains...] -- 0:41:14

      Average standard deviation of split frequencies: 0.008673

      1534000 -- (-6042.900) [...7 remote chains...] -- 0:41:14

      Average standard deviation of split frequencies: 0.008651

      1535000 -- (-6040.560) [...7 remote chains...] -- 0:41:14

      Average standard deviation of split frequencies: 0.008680

      1536000 -- (-6044.082) [...7 remote chains...] -- 0:41:13

      Average standard deviation of split frequencies: 0.008698

      1537000 -- (-6057.512) [...7 remote chains...] -- 0:41:13

      Average standard deviation of split frequencies: 0.008713

      1538000 -- (-6055.528) [...7 remote chains...] -- 0:41:13

      Average standard deviation of split frequencies: 0.008712

      1539000 -- (-6057.500) [...7 remote chains...] -- 0:41:13

      Average standard deviation of split frequencies: 0.008687

      1540000 -- (-6067.990) [...7 remote chains...] -- 0:41:13

      Average standard deviation of split frequencies: 0.008621

      1541000 -- (-6035.137) [...7 remote chains...] -- 0:41:13

      Average standard deviation of split frequencies: 0.008610

      1542000 -- (-6027.271) [...7 remote chains...] -- 0:41:11

      Average standard deviation of split frequencies: 0.008610

      1543000 -- (-6020.126) [...7 remote chains...] -- 0:41:11

      Average standard deviation of split frequencies: 0.008542

      1544000 -- (-6060.704) [...7 remote chains...] -- 0:41:11

      Average standard deviation of split frequencies: 0.008523

      1545000 -- (-6047.641) [...7 remote chains...] -- 0:41:11

      Average standard deviation of split frequencies: 0.008498

      1546000 -- (-6062.133) [...7 remote chains...] -- 0:41:10

      Average standard deviation of split frequencies: 0.008491

      1547000 -- (-6032.323) [...7 remote chains...] -- 0:41:10

      Average standard deviation of split frequencies: 0.008534

      1548000 -- (-6032.972) [...7 remote chains...] -- 0:41:10

      Average standard deviation of split frequencies: 0.008541

      1549000 -- (-6008.985) [...7 remote chains...] -- 0:41:10

      Average standard deviation of split frequencies: 0.008569

      1550000 -- (-6005.802) [...7 remote chains...] -- 0:41:10

      Average standard deviation of split frequencies: 0.008562

      1551000 -- (-6036.144) [...7 remote chains...] -- 0:41:10

      Average standard deviation of split frequencies: 0.008573

      1552000 -- (-6050.003) [...7 remote chains...] -- 0:41:10

      Average standard deviation of split frequencies: 0.008601

      1553000 -- (-6050.141) [...7 remote chains...] -- 0:41:10

      Average standard deviation of split frequencies: 0.008594

      1554000 -- (-6020.421) [...7 remote chains...] -- 0:41:08

      Average standard deviation of split frequencies: 0.008561

      1555000 -- [-6006.870] [...7 remote chains...] -- 0:41:07

      Average standard deviation of split frequencies: 0.008504

      1556000 -- (-6014.533) [...7 remote chains...] -- 0:41:07

      Average standard deviation of split frequencies: 0.008497

      1557000 -- [-5992.987] [...7 remote chains...] -- 0:41:07

      Average standard deviation of split frequencies: 0.008482

      1558000 -- [-5992.649] [...7 remote chains...] -- 0:41:07

      Average standard deviation of split frequencies: 0.008496

      1559000 -- [-5975.529] [...7 remote chains...] -- 0:41:07

      Average standard deviation of split frequencies: 0.008458

      1560000 -- [-5984.240] [...7 remote chains...] -- 0:41:07

      Average standard deviation of split frequencies: 0.008457

      1561000 -- [-5991.514] [...7 remote chains...] -- 0:41:07

      Average standard deviation of split frequencies: 0.008447

      1562000 -- [-6001.488] [...7 remote chains...] -- 0:41:07

      Average standard deviation of split frequencies: 0.008485

      1563000 -- [-6010.435] [...7 remote chains...] -- 0:41:07

      Average standard deviation of split frequencies: 0.008503

      1564000 -- [-6009.040] [...7 remote chains...] -- 0:41:04

      Average standard deviation of split frequencies: 0.008492

      1565000 -- (-6017.361) [...7 remote chains...] -- 0:41:04

      Average standard deviation of split frequencies: 0.008467

      1566000 -- [-6022.225] [...7 remote chains...] -- 0:41:04

      Average standard deviation of split frequencies: 0.008488

      1567000 -- [-5997.087] [...7 remote chains...] -- 0:41:04

      Average standard deviation of split frequencies: 0.008527

      1568000 -- (-6019.333) [...7 remote chains...] -- 0:41:04

      Average standard deviation of split frequencies: 0.008523

      1569000 -- (-6013.777) [...7 remote chains...] -- 0:41:04

      Average standard deviation of split frequencies: 0.008541

      1570000 -- [-6007.439] [...7 remote chains...] -- 0:41:04

      Average standard deviation of split frequencies: 0.008523

      1571000 -- [-5994.841] [...7 remote chains...] -- 0:41:04

      Average standard deviation of split frequencies: 0.008544

      1572000 -- [-6001.145] [...7 remote chains...] -- 0:41:04

      Average standard deviation of split frequencies: 0.008544

      1573000 -- (-5998.205) [...7 remote chains...] -- 0:41:01

      Average standard deviation of split frequencies: 0.008653

      1574000 -- [-5991.442] [...7 remote chains...] -- 0:41:01

      Average standard deviation of split frequencies: 0.008653

      1575000 -- (-6010.940) [...7 remote chains...] -- 0:41:01

      Average standard deviation of split frequencies: 0.008597

      1576000 -- (-6014.633) [...7 remote chains...] -- 0:41:01

      Average standard deviation of split frequencies: 0.008571

      1577000 -- (-6014.479) [...7 remote chains...] -- 0:41:01

      Average standard deviation of split frequencies: 0.008595

      1578000 -- (-6001.824) [...7 remote chains...] -- 0:40:59

      Average standard deviation of split frequencies: 0.008598

      1579000 -- (-5990.017) [...7 remote chains...] -- 0:40:59

      Average standard deviation of split frequencies: 0.008661

      1580000 -- [-5992.892] [...7 remote chains...] -- 0:40:58

      Average standard deviation of split frequencies: 0.008675

      1581000 -- [-5986.513] [...7 remote chains...] -- 0:40:58

      Average standard deviation of split frequencies: 0.008772

      1582000 -- [-5971.285] [...7 remote chains...] -- 0:40:58

      Average standard deviation of split frequencies: 0.008754

      1583000 -- (-6004.534) [...7 remote chains...] -- 0:40:56

      Average standard deviation of split frequencies: 0.008744

      1584000 -- (-6012.264) [...7 remote chains...] -- 0:40:56

      Average standard deviation of split frequencies: 0.008705

      1585000 -- [-5992.569] [...7 remote chains...] -- 0:40:56

      Average standard deviation of split frequencies: 0.008715

      1586000 -- [-6003.987] [...7 remote chains...] -- 0:40:56

      Average standard deviation of split frequencies: 0.008718

      1587000 -- [-5991.579] [...7 remote chains...] -- 0:40:55

      Average standard deviation of split frequencies: 0.008732

      1588000 -- [-5994.266] [...7 remote chains...] -- 0:40:55

      Average standard deviation of split frequencies: 0.008683

      1589000 -- [-6005.271] [...7 remote chains...] -- 0:40:53

      Average standard deviation of split frequencies: 0.008693

      1590000 -- [-5989.557] [...7 remote chains...] -- 0:40:53

      Average standard deviation of split frequencies: 0.008710

      1591000 -- (-5990.628) [...7 remote chains...] -- 0:40:53

      Average standard deviation of split frequencies: 0.008707

      1592000 -- (-5999.621) [...7 remote chains...] -- 0:40:53

      Average standard deviation of split frequencies: 0.008706

      1593000 -- (-6005.014) [...7 remote chains...] -- 0:40:50

      Average standard deviation of split frequencies: 0.008720

      1594000 -- (-5986.683) [...7 remote chains...] -- 0:40:50

      Average standard deviation of split frequencies: 0.008750

      1595000 -- [-5989.728] [...7 remote chains...] -- 0:40:50

      Average standard deviation of split frequencies: 0.008716

      1596000 -- [-5984.321] [...7 remote chains...] -- 0:40:50

      Average standard deviation of split frequencies: 0.008722

      1597000 -- (-6003.651) [...7 remote chains...] -- 0:40:50

      Average standard deviation of split frequencies: 0.008701

      1598000 -- (-5999.442) [...7 remote chains...] -- 0:40:48

      Average standard deviation of split frequencies: 0.008684

      1599000 -- (-6012.520) [...7 remote chains...] -- 0:40:48

      Average standard deviation of split frequencies: 0.008687

      1600000 -- (-6015.478) [...7 remote chains...] -- 0:40:48

      Average standard deviation of split frequencies: 0.008677

      1601000 -- [-6006.923] [...7 remote chains...] -- 0:40:47

      Average standard deviation of split frequencies: 0.008714

      1602000 -- (-5999.139) [...7 remote chains...] -- 0:40:47

      Average standard deviation of split frequencies: 0.008690

      1603000 -- (-6032.999) [...7 remote chains...] -- 0:40:45

      Average standard deviation of split frequencies: 0.008659

      1604000 -- (-6022.187) [...7 remote chains...] -- 0:40:45

      Average standard deviation of split frequencies: 0.008662

      1605000 -- [-6002.878] [...7 remote chains...] -- 0:40:45

      Average standard deviation of split frequencies: 0.008620

      1606000 -- (-6020.780) [...7 remote chains...] -- 0:40:45

      Average standard deviation of split frequencies: 0.008630

      1607000 -- [-6021.796] [...7 remote chains...] -- 0:40:44

      Average standard deviation of split frequencies: 0.008634

      1608000 -- (-6012.020) [...7 remote chains...] -- 0:40:42

      Average standard deviation of split frequencies: 0.008623

      1609000 -- (-6016.264) [...7 remote chains...] -- 0:40:42

      Average standard deviation of split frequencies: 0.008657

      1610000 -- (-6031.510) [...7 remote chains...] -- 0:40:42

      Average standard deviation of split frequencies: 0.008684

      1611000 -- (-6044.884) [...7 remote chains...] -- 0:40:42

      Average standard deviation of split frequencies: 0.008599

      1612000 -- (-6030.834) [...7 remote chains...] -- 0:40:42

      Average standard deviation of split frequencies: 0.008633

      1613000 -- (-6035.644) [...7 remote chains...] -- 0:40:39

      Average standard deviation of split frequencies: 0.008649

      1614000 -- (-6022.888) [...7 remote chains...] -- 0:40:39

      Average standard deviation of split frequencies: 0.008676

      1615000 -- [-6015.648] [...7 remote chains...] -- 0:40:39

      Average standard deviation of split frequencies: 0.008704

      1616000 -- (-6011.822) [...7 remote chains...] -- 0:40:39

      Average standard deviation of split frequencies: 0.008686

      1617000 -- (-6030.553) [...7 remote chains...] -- 0:40:39

      Average standard deviation of split frequencies: 0.008696

      1618000 -- (-6032.443) [...7 remote chains...] -- 0:40:37

      Average standard deviation of split frequencies: 0.008658

      1619000 -- (-6038.424) [...7 remote chains...] -- 0:40:37

      Average standard deviation of split frequencies: 0.008672

      1620000 -- (-6053.983) [...7 remote chains...] -- 0:40:36

      Average standard deviation of split frequencies: 0.008692

      1621000 -- (-6050.871) [...7 remote chains...] -- 0:40:36

      Average standard deviation of split frequencies: 0.008685

      1622000 -- (-6052.706) [...7 remote chains...] -- 0:40:36

      Average standard deviation of split frequencies: 0.008664

      1623000 -- (-6061.396) [...7 remote chains...] -- 0:40:36

      Average standard deviation of split frequencies: 0.008763

      1624000 -- (-6090.095) [...7 remote chains...] -- 0:40:36

      Average standard deviation of split frequencies: 0.008715

      1625000 -- (-6067.713) [...7 remote chains...] -- 0:40:34

      Average standard deviation of split frequencies: 0.008724

      1626000 -- (-6060.622) [...7 remote chains...] -- 0:40:34

      Average standard deviation of split frequencies: 0.008744

      1627000 -- (-6062.164) [...7 remote chains...] -- 0:40:33

      Average standard deviation of split frequencies: 0.008744

      1628000 -- (-6041.902) [...7 remote chains...] -- 0:40:33

      Average standard deviation of split frequencies: 0.008727

      1629000 -- (-6034.020) [...7 remote chains...] -- 0:40:33

      Average standard deviation of split frequencies: 0.008730

      1630000 -- (-6039.369) [...7 remote chains...] -- 0:40:33

      Average standard deviation of split frequencies: 0.008726

      1631000 -- (-6031.551) [...7 remote chains...] -- 0:40:33

      Average standard deviation of split frequencies: 0.008794

      1632000 -- (-6055.566) [...7 remote chains...] -- 0:40:33

      Average standard deviation of split frequencies: 0.008800

      1633000 -- (-6044.352) [...7 remote chains...] -- 0:40:32

      Average standard deviation of split frequencies: 0.008807

      1634000 -- (-6036.379) [...7 remote chains...] -- 0:40:30

      Average standard deviation of split frequencies: 0.008793

      1635000 -- [-5996.173] [...7 remote chains...] -- 0:40:30

      Average standard deviation of split frequencies: 0.008752

      1636000 -- [-6012.901] [...7 remote chains...] -- 0:40:30

      Average standard deviation of split frequencies: 0.008742

      1637000 -- [-5995.513] [...7 remote chains...] -- 0:40:30

      Average standard deviation of split frequencies: 0.008721

      1638000 -- (-5998.698) [...7 remote chains...] -- 0:40:30

      Average standard deviation of split frequencies: 0.008748

      1639000 -- [-5997.102] [...7 remote chains...] -- 0:40:30

      Average standard deviation of split frequencies: 0.008721

      1640000 -- [-6013.344] [...7 remote chains...] -- 0:40:29

      Average standard deviation of split frequencies: 0.008751

      1641000 -- (-6011.658) [...7 remote chains...] -- 0:40:29

      Average standard deviation of split frequencies: 0.008794

      1642000 -- [-6000.346] [...7 remote chains...] -- 0:40:29

      Average standard deviation of split frequencies: 0.008767

      1643000 -- [-6005.633] [...7 remote chains...] -- 0:40:27

      Average standard deviation of split frequencies: 0.008763

      1644000 -- [-6000.522] [...7 remote chains...] -- 0:40:27

      Average standard deviation of split frequencies: 0.008770

      1645000 -- [-6001.314] [...7 remote chains...] -- 0:40:27

      Average standard deviation of split frequencies: 0.008752

      1646000 -- [-5990.041] [...7 remote chains...] -- 0:40:26

      Average standard deviation of split frequencies: 0.008711

      1647000 -- (-5996.028) [...7 remote chains...] -- 0:40:26

      Average standard deviation of split frequencies: 0.008744

      1648000 -- [-5989.364] [...7 remote chains...] -- 0:40:26

      Average standard deviation of split frequencies: 0.008733

      1649000 -- (-5991.635) [...7 remote chains...] -- 0:40:26

      Average standard deviation of split frequencies: 0.008746

      1650000 -- (-6020.711) [...7 remote chains...] -- 0:40:26

      Average standard deviation of split frequencies: 0.008696

      1651000 -- [-5989.956] [...7 remote chains...] -- 0:40:26

      Average standard deviation of split frequencies: 0.008683

      1652000 -- (-6003.014) [...7 remote chains...] -- 0:40:25

      Average standard deviation of split frequencies: 0.008686

      1653000 -- (-6014.563) [...7 remote chains...] -- 0:40:23

      Average standard deviation of split frequencies: 0.008746

      1654000 -- (-6001.076) [...7 remote chains...] -- 0:40:23

      Average standard deviation of split frequencies: 0.008768

      1655000 -- (-6022.092) [...7 remote chains...] -- 0:40:23

      Average standard deviation of split frequencies: 0.008785

      1656000 -- (-6034.206) [...7 remote chains...] -- 0:40:23

      Average standard deviation of split frequencies: 0.008778

      1657000 -- [-5995.286] [...7 remote chains...] -- 0:40:23

      Average standard deviation of split frequencies: 0.008771

      1658000 -- [-5992.197] [...7 remote chains...] -- 0:40:22

      Average standard deviation of split frequencies: 0.008780

      1659000 -- (-6003.525) [...7 remote chains...] -- 0:40:22

      Average standard deviation of split frequencies: 0.008859

      1660000 -- (-6023.473) [...7 remote chains...] -- 0:40:22

      Average standard deviation of split frequencies: 0.008839

      1661000 -- (-6024.734) [...7 remote chains...] -- 0:40:22

      Average standard deviation of split frequencies: 0.008814

      1662000 -- (-6025.584) [...7 remote chains...] -- 0:40:22

      Average standard deviation of split frequencies: 0.008767

      1663000 -- (-6032.885) [...7 remote chains...] -- 0:40:21

      Average standard deviation of split frequencies: 0.008835

      1664000 -- (-6030.862) [...7 remote chains...] -- 0:40:21

      Average standard deviation of split frequencies: 0.008782

      1665000 -- (-6023.530) [...7 remote chains...] -- 0:40:19

      Average standard deviation of split frequencies: 0.008773

      1666000 -- (-6040.384) [...7 remote chains...] -- 0:40:19

      Average standard deviation of split frequencies: 0.008806

      1667000 -- (-6013.814) [...7 remote chains...] -- 0:40:19

      Average standard deviation of split frequencies: 0.008773

      1668000 -- (-6015.820) [...7 remote chains...] -- 0:40:19

      Average standard deviation of split frequencies: 0.008799

      1669000 -- [-5982.380] [...7 remote chains...] -- 0:40:18

      Average standard deviation of split frequencies: 0.008808

      1670000 -- [-5982.820] [...7 remote chains...] -- 0:40:18

      Average standard deviation of split frequencies: 0.008811

      1671000 -- [-5994.003] [...7 remote chains...] -- 0:40:18

      Average standard deviation of split frequencies: 0.008779

      1672000 -- [-5987.049] [...7 remote chains...] -- 0:40:18

      Average standard deviation of split frequencies: 0.008792

      1673000 -- (-5991.905) [...7 remote chains...] -- 0:40:18

      Average standard deviation of split frequencies: 0.008798

      1674000 -- (-6007.858) [...7 remote chains...] -- 0:40:18

      Average standard deviation of split frequencies: 0.008788

      1675000 -- [-5993.040] [...7 remote chains...] -- 0:40:15

      Average standard deviation of split frequencies: 0.008798

      1676000 -- (-6007.970) [...7 remote chains...] -- 0:40:15

      Average standard deviation of split frequencies: 0.008781

      1677000 -- [-5985.648] [...7 remote chains...] -- 0:40:15

      Average standard deviation of split frequencies: 0.008797

      1678000 -- [-5986.200] [...7 remote chains...] -- 0:40:15

      Average standard deviation of split frequencies: 0.008806

      1679000 -- [-5994.037] [...7 remote chains...] -- 0:40:15

      Average standard deviation of split frequencies: 0.008774

      1680000 -- [-5996.211] [...7 remote chains...] -- 0:40:14

      Average standard deviation of split frequencies: 0.008838

      1681000 -- (-6010.007) [...7 remote chains...] -- 0:40:14

      Average standard deviation of split frequencies: 0.008788

      1682000 -- [-5999.631] [...7 remote chains...] -- 0:40:14

      Average standard deviation of split frequencies: 0.008745

      1683000 -- (-6017.822) [...7 remote chains...] -- 0:40:14

      Average standard deviation of split frequencies: 0.008716

      1684000 -- [-5998.181] [...7 remote chains...] -- 0:40:14

      Average standard deviation of split frequencies: 0.008738

      1685000 -- (-6026.149) [...7 remote chains...] -- 0:40:11

      Average standard deviation of split frequencies: 0.008710

      1686000 -- (-6034.344) [...7 remote chains...] -- 0:40:11

      Average standard deviation of split frequencies: 0.008777

      1687000 -- (-6047.815) [...7 remote chains...] -- 0:40:11

      Average standard deviation of split frequencies: 0.008751

      1688000 -- [-6014.583] [...7 remote chains...] -- 0:40:11

      Average standard deviation of split frequencies: 0.008745

      1689000 -- [-6013.211] [...7 remote chains...] -- 0:40:11

      Average standard deviation of split frequencies: 0.008764

      1690000 -- [-6012.602] [...7 remote chains...] -- 0:40:11

      Average standard deviation of split frequencies: 0.008779

      1691000 -- (-6017.337) [...7 remote chains...] -- 0:40:10

      Average standard deviation of split frequencies: 0.008728

      1692000 -- [-6006.934] [...7 remote chains...] -- 0:40:10

      Average standard deviation of split frequencies: 0.008714

      1693000 -- [-6007.028] [...7 remote chains...] -- 0:40:10

      Average standard deviation of split frequencies: 0.008664

      1694000 -- (-6009.196) [...7 remote chains...] -- 0:40:10

      Average standard deviation of split frequencies: 0.008592

      1695000 -- [-6013.918] [...7 remote chains...] -- 0:40:10

      Average standard deviation of split frequencies: 0.008569

      1696000 -- (-6032.089) [...7 remote chains...] -- 0:40:07

      Average standard deviation of split frequencies: 0.008569

      1697000 -- (-6022.968) [...7 remote chains...] -- 0:40:07

      Average standard deviation of split frequencies: 0.008631

      1698000 -- (-6026.174) [...7 remote chains...] -- 0:40:07

      Average standard deviation of split frequencies: 0.008622

      1699000 -- (-6008.684) [...7 remote chains...] -- 0:40:07

      Average standard deviation of split frequencies: 0.008628

      1700000 -- [-5983.090] [...7 remote chains...] -- 0:40:07

      Average standard deviation of split frequencies: 0.008657

      1701000 -- [-5984.870] [...7 remote chains...] -- 0:40:06

      Average standard deviation of split frequencies: 0.008670

      1702000 -- [-5986.430] [...7 remote chains...] -- 0:40:06

      Average standard deviation of split frequencies: 0.008685

      1703000 -- [-6000.910] [...7 remote chains...] -- 0:40:06

      Average standard deviation of split frequencies: 0.008714

      1704000 -- (-6001.374) [...7 remote chains...] -- 0:40:06

      Average standard deviation of split frequencies: 0.008651

      1705000 -- [-5990.408] [...7 remote chains...] -- 0:40:06

      Average standard deviation of split frequencies: 0.008676

      1706000 -- [-5994.285] [...7 remote chains...] -- 0:40:05

      Average standard deviation of split frequencies: 0.008726

      1707000 -- [-5984.004] [...7 remote chains...] -- 0:40:05

      Average standard deviation of split frequencies: 0.008711

      1708000 -- [-5986.547] [...7 remote chains...] -- 0:40:03

      Average standard deviation of split frequencies: 0.008701

      1709000 -- [-5996.391] [...7 remote chains...] -- 0:40:03

      Average standard deviation of split frequencies: 0.008726

      1710000 -- (-6000.414) [...7 remote chains...] -- 0:40:03

      Average standard deviation of split frequencies: 0.008738

      1711000 -- (-6010.433) [...7 remote chains...] -- 0:40:02

      Average standard deviation of split frequencies: 0.008754

      1712000 -- [-5997.275] [...7 remote chains...] -- 0:40:02

      Average standard deviation of split frequencies: 0.008734

      1713000 -- [-5993.965] [...7 remote chains...] -- 0:40:02

      Average standard deviation of split frequencies: 0.008718

      1714000 -- [-5993.111] [...7 remote chains...] -- 0:40:02

      Average standard deviation of split frequencies: 0.008734

      1715000 -- [-5998.169] [...7 remote chains...] -- 0:40:01

      Average standard deviation of split frequencies: 0.008765

      1716000 -- (-5990.905) [...7 remote chains...] -- 0:40:01

      Average standard deviation of split frequencies: 0.008774

      1717000 -- (-6001.313) [...7 remote chains...] -- 0:39:59

      Average standard deviation of split frequencies: 0.008771

      1718000 -- (-5993.588) [...7 remote chains...] -- 0:39:59

      Average standard deviation of split frequencies: 0.008770

      1719000 -- (-6004.451) [...7 remote chains...] -- 0:39:59

      Average standard deviation of split frequencies: 0.008777

      1720000 -- [-5981.438] [...7 remote chains...] -- 0:39:58

      Average standard deviation of split frequencies: 0.008710

      1721000 -- [-5979.290] [...7 remote chains...] -- 0:39:58

      Average standard deviation of split frequencies: 0.008731

      1722000 -- [-5993.149] [...7 remote chains...] -- 0:39:58

      Average standard deviation of split frequencies: 0.008747

      1723000 -- (-5992.494) [...7 remote chains...] -- 0:39:58

      Average standard deviation of split frequencies: 0.008744

      1724000 -- (-6011.351) [...7 remote chains...] -- 0:39:58

      Average standard deviation of split frequencies: 0.008718

      1725000 -- (-6023.831) [...7 remote chains...] -- 0:39:57

      Average standard deviation of split frequencies: 0.008705

      1726000 -- (-6010.691) [...7 remote chains...] -- 0:39:57

      Average standard deviation of split frequencies: 0.008689

      1727000 -- (-6022.679) [...7 remote chains...] -- 0:39:57

      Average standard deviation of split frequencies: 0.008632

      1728000 -- (-6013.263) [...7 remote chains...] -- 0:39:57

      Average standard deviation of split frequencies: 0.008600

      1729000 -- (-6004.502) [...7 remote chains...] -- 0:39:56

      Average standard deviation of split frequencies: 0.008600

      1730000 -- (-6016.916) [...7 remote chains...] -- 0:39:56

      Average standard deviation of split frequencies: 0.008590

      1731000 -- (-6058.996) [...7 remote chains...] -- 0:39:56

      Average standard deviation of split frequencies: 0.008555

      1732000 -- (-6052.448) [...7 remote chains...] -- 0:39:56

      Average standard deviation of split frequencies: 0.008546

      1733000 -- (-6029.182) [...7 remote chains...] -- 0:39:56

      Average standard deviation of split frequencies: 0.008576

      1734000 -- (-6036.955) [...7 remote chains...] -- 0:39:55

      Average standard deviation of split frequencies: 0.008569

      1735000 -- (-6025.796) [...7 remote chains...] -- 0:39:55

      Average standard deviation of split frequencies: 0.008551

      1736000 -- (-6030.908) [...7 remote chains...] -- 0:39:53

      Average standard deviation of split frequencies: 0.008553

      1737000 -- (-6039.334) [...7 remote chains...] -- 0:39:53

      Average standard deviation of split frequencies: 0.008525

      1738000 -- (-6037.675) [...7 remote chains...] -- 0:39:53

      Average standard deviation of split frequencies: 0.008588

      1739000 -- (-6029.628) [...7 remote chains...] -- 0:39:52

      Average standard deviation of split frequencies: 0.008603

      1740000 -- (-6027.369) [...7 remote chains...] -- 0:39:52

      Average standard deviation of split frequencies: 0.008553

      1741000 -- [-6003.500] [...7 remote chains...] -- 0:39:52

      Average standard deviation of split frequencies: 0.008549

      1742000 -- [-5999.712] [...7 remote chains...] -- 0:39:52

      Average standard deviation of split frequencies: 0.008562

      1743000 -- (-6035.081) [...7 remote chains...] -- 0:39:51

      Average standard deviation of split frequencies: 0.008571

      1744000 -- (-6019.978) [...7 remote chains...] -- 0:39:51

      Average standard deviation of split frequencies: 0.008568

      1745000 -- (-6006.805) [...7 remote chains...] -- 0:39:49

      Average standard deviation of split frequencies: 0.008580

      1746000 -- [-5991.359] [...7 remote chains...] -- 0:39:49

      Average standard deviation of split frequencies: 0.008583

      1747000 -- [-5993.427] [...7 remote chains...] -- 0:39:49

      Average standard deviation of split frequencies: 0.008520

      1748000 -- [-6004.704] [...7 remote chains...] -- 0:39:48

      Average standard deviation of split frequencies: 0.008504

      1749000 -- [-5995.590] [...7 remote chains...] -- 0:39:48

      Average standard deviation of split frequencies: 0.008491

      1750000 -- [-5992.717] [...7 remote chains...] -- 0:39:48

      Average standard deviation of split frequencies: 0.008544

      1751000 -- [-5998.795] [...7 remote chains...] -- 0:39:48

      Average standard deviation of split frequencies: 0.008516

      1752000 -- [-5991.870] [...7 remote chains...] -- 0:39:47

      Average standard deviation of split frequencies: 0.008500

      1753000 -- (-6014.014) [...7 remote chains...] -- 0:39:47

      Average standard deviation of split frequencies: 0.008472

      1754000 -- (-5997.117) [...7 remote chains...] -- 0:39:47

      Average standard deviation of split frequencies: 0.008478

      1755000 -- [-5992.824] [...7 remote chains...] -- 0:39:45

      Average standard deviation of split frequencies: 0.008379

      1756000 -- [-6004.279] [...7 remote chains...] -- 0:39:44

      Average standard deviation of split frequencies: 0.008404

      1757000 -- (-5997.146) [...7 remote chains...] -- 0:39:44

      Average standard deviation of split frequencies: 0.008401

      1758000 -- (-5992.062) [...7 remote chains...] -- 0:39:44

      Average standard deviation of split frequencies: 0.008398

      1759000 -- (-6004.345) [...7 remote chains...] -- 0:39:44

      Average standard deviation of split frequencies: 0.008373

      1760000 -- [-6003.192] [...7 remote chains...] -- 0:39:43

      Average standard deviation of split frequencies: 0.008363

      1761000 -- [-5994.031] [...7 remote chains...] -- 0:39:43

      Average standard deviation of split frequencies: 0.008369

      1762000 -- (-6001.827) [...7 remote chains...] -- 0:39:43

      Average standard deviation of split frequencies: 0.008345

      1763000 -- [-5997.515] [...7 remote chains...] -- 0:39:43

      Average standard deviation of split frequencies: 0.008436

      1764000 -- (-5993.882) [...7 remote chains...] -- 0:39:41

      Average standard deviation of split frequencies: 0.008448

      1765000 -- [-5981.710] [...7 remote chains...] -- 0:39:40

      Average standard deviation of split frequencies: 0.008451

      1766000 -- [-5988.920] [...7 remote chains...] -- 0:39:40

      Average standard deviation of split frequencies: 0.008464

      1767000 -- (-6003.234) [...7 remote chains...] -- 0:39:40

      Average standard deviation of split frequencies: 0.008492

      1768000 -- [-6013.516] [...7 remote chains...] -- 0:39:40

      Average standard deviation of split frequencies: 0.008467

      1769000 -- [-6000.324] [...7 remote chains...] -- 0:39:39

      Average standard deviation of split frequencies: 0.008476

      1770000 -- [-5992.172] [...7 remote chains...] -- 0:39:39

      Average standard deviation of split frequencies: 0.008504

      1771000 -- (-5994.325) [...7 remote chains...] -- 0:39:39

      Average standard deviation of split frequencies: 0.008463

      1772000 -- [-5974.631] [...7 remote chains...] -- 0:39:39

      Average standard deviation of split frequencies: 0.008469

      1773000 -- (-5993.949) [...7 remote chains...] -- 0:39:38

      Average standard deviation of split frequencies: 0.008460

      1774000 -- (-5994.510) [...7 remote chains...] -- 0:39:36

      Average standard deviation of split frequencies: 0.008485

      1775000 -- [-6001.219] [...7 remote chains...] -- 0:39:36

      Average standard deviation of split frequencies: 0.008460

      1776000 -- (-6016.390) [...7 remote chains...] -- 0:39:36

      Average standard deviation of split frequencies: 0.008494

      1777000 -- (-6014.490) [...7 remote chains...] -- 0:39:35

      Average standard deviation of split frequencies: 0.008447

      1778000 -- (-6003.665) [...7 remote chains...] -- 0:39:35

      Average standard deviation of split frequencies: 0.008425

      1779000 -- [-6004.395] [...7 remote chains...] -- 0:39:35

      Average standard deviation of split frequencies: 0.008367

      1780000 -- (-6005.855) [...7 remote chains...] -- 0:39:35

      Average standard deviation of split frequencies: 0.008367

      1781000 -- [-6001.545] [...7 remote chains...] -- 0:39:34

      Average standard deviation of split frequencies: 0.008376

      1782000 -- (-6017.525) [...7 remote chains...] -- 0:39:34

      Average standard deviation of split frequencies: 0.008376

      1783000 -- (-6005.134) [...7 remote chains...] -- 0:39:32

      Average standard deviation of split frequencies: 0.008428

      1784000 -- (-6021.258) [...7 remote chains...] -- 0:39:32

      Average standard deviation of split frequencies: 0.008446

      1785000 -- (-6021.468) [...7 remote chains...] -- 0:39:32

      Average standard deviation of split frequencies: 0.008437

      1786000 -- (-6050.117) [...7 remote chains...] -- 0:39:31

      Average standard deviation of split frequencies: 0.008471

      1787000 -- (-6032.424) [...7 remote chains...] -- 0:39:31

      Average standard deviation of split frequencies: 0.008458

      1788000 -- (-6021.861) [...7 remote chains...] -- 0:39:31

      Average standard deviation of split frequencies: 0.008461

      1789000 -- (-6007.647) [...7 remote chains...] -- 0:39:31

      Average standard deviation of split frequencies: 0.008433

      1790000 -- (-6033.463) [...7 remote chains...] -- 0:39:30

      Average standard deviation of split frequencies: 0.008393

      1791000 -- (-6040.709) [...7 remote chains...] -- 0:39:28

      Average standard deviation of split frequencies: 0.008338

      1792000 -- (-6069.893) [...7 remote chains...] -- 0:39:28

      Average standard deviation of split frequencies: 0.008302

      1793000 -- (-6033.381) [...7 remote chains...] -- 0:39:28

      Average standard deviation of split frequencies: 0.008299

      1794000 -- (-6031.987) [...7 remote chains...] -- 0:39:27

      Average standard deviation of split frequencies: 0.008295

      1795000 -- (-6017.438) [...7 remote chains...] -- 0:39:27

      Average standard deviation of split frequencies: 0.008311

      1796000 -- (-6021.972) [...7 remote chains...] -- 0:39:27

      Average standard deviation of split frequencies: 0.008335

      1797000 -- [-6011.547] [...7 remote chains...] -- 0:39:27

      Average standard deviation of split frequencies: 0.008347

      1798000 -- [-6008.632] [...7 remote chains...] -- 0:39:26

      Average standard deviation of split frequencies: 0.008362

      1799000 -- (-6018.833) [...7 remote chains...] -- 0:39:26

      Average standard deviation of split frequencies: 0.008338

      1800000 -- [-6012.523] [...7 remote chains...] -- 0:39:26

      Average standard deviation of split frequencies: 0.008350

      1801000 -- [-5997.665] [...7 remote chains...] -- 0:39:25

      Average standard deviation of split frequencies: 0.008356

      1802000 -- (-6008.005) [...7 remote chains...] -- 0:39:23

      Average standard deviation of split frequencies: 0.008356

      1803000 -- [-5999.287] [...7 remote chains...] -- 0:39:23

      Average standard deviation of split frequencies: 0.008389

      1804000 -- (-6013.322) [...7 remote chains...] -- 0:39:23

      Average standard deviation of split frequencies: 0.008429

      1805000 -- (-6007.102) [...7 remote chains...] -- 0:39:23

      Average standard deviation of split frequencies: 0.008383

      1806000 -- (-6012.541) [...7 remote chains...] -- 0:39:22

      Average standard deviation of split frequencies: 0.008377

      1807000 -- (-6025.752) [...7 remote chains...] -- 0:39:22

      Average standard deviation of split frequencies: 0.008422

      1808000 -- (-6047.552) [...7 remote chains...] -- 0:39:22

      Average standard deviation of split frequencies: 0.008410

      1809000 -- (-6033.412) [...7 remote chains...] -- 0:39:21

      Average standard deviation of split frequencies: 0.008389

      1810000 -- (-6006.695) [...7 remote chains...] -- 0:39:21

      Average standard deviation of split frequencies: 0.008370

      1811000 -- (-6050.426) [...7 remote chains...] -- 0:39:21

      Average standard deviation of split frequencies: 0.008398

      1812000 -- (-6013.718) [...7 remote chains...] -- 0:39:21

      Average standard deviation of split frequencies: 0.008403

      1813000 -- [-6019.154] [...7 remote chains...] -- 0:39:19

      Average standard deviation of split frequencies: 0.008428

      1814000 -- (-6033.966) [...7 remote chains...] -- 0:39:18

      Average standard deviation of split frequencies: 0.008430

      1815000 -- (-6019.919) [...7 remote chains...] -- 0:39:18

      Average standard deviation of split frequencies: 0.008501

      1816000 -- (-6014.226) [...7 remote chains...] -- 0:39:18

      Average standard deviation of split frequencies: 0.008500

      1817000 -- (-6035.225) [...7 remote chains...] -- 0:39:17

      Average standard deviation of split frequencies: 0.008512

      1818000 -- (-6045.285) [...7 remote chains...] -- 0:39:17

      Average standard deviation of split frequencies: 0.008486

      1819000 -- (-6067.169) [...7 remote chains...] -- 0:39:17

      Average standard deviation of split frequencies: 0.008526

      1820000 -- (-6027.356) [...7 remote chains...] -- 0:39:17

      Average standard deviation of split frequencies: 0.008496

      1821000 -- (-6019.703) [...7 remote chains...] -- 0:39:16

      Average standard deviation of split frequencies: 0.008484

      1822000 -- (-6025.995) [...7 remote chains...] -- 0:39:14

      Average standard deviation of split frequencies: 0.008491

      1823000 -- (-6034.552) [...7 remote chains...] -- 0:39:14

      Average standard deviation of split frequencies: 0.008497

      1824000 -- (-6034.161) [...7 remote chains...] -- 0:39:14

      Average standard deviation of split frequencies: 0.008439

      1825000 -- (-6020.505) [...7 remote chains...] -- 0:39:13

      Average standard deviation of split frequencies: 0.008457

      1826000 -- (-6038.124) [...7 remote chains...] -- 0:39:13

      Average standard deviation of split frequencies: 0.008551

      1827000 -- (-6046.649) [...7 remote chains...] -- 0:39:13

      Average standard deviation of split frequencies: 0.008590

      1828000 -- (-6049.543) [...7 remote chains...] -- 0:39:12

      Average standard deviation of split frequencies: 0.008572

      1829000 -- (-6040.286) [...7 remote chains...] -- 0:39:12

      Average standard deviation of split frequencies: 0.008538

      1830000 -- (-6049.822) [...7 remote chains...] -- 0:39:12

      Average standard deviation of split frequencies: 0.008547

      1831000 -- (-6029.116) [...7 remote chains...] -- 0:39:12

      Average standard deviation of split frequencies: 0.008571

      1832000 -- (-6008.393) [...7 remote chains...] -- 0:39:11

      Average standard deviation of split frequencies: 0.008514

      1833000 -- (-6003.227) [...7 remote chains...] -- 0:39:11

      Average standard deviation of split frequencies: 0.008511

      1834000 -- [-5985.237] [...7 remote chains...] -- 0:39:11

      Average standard deviation of split frequencies: 0.008538

      1835000 -- [-5990.565] [...7 remote chains...] -- 0:39:09

      Average standard deviation of split frequencies: 0.008520

      1836000 -- (-6004.482) [...7 remote chains...] -- 0:39:08

      Average standard deviation of split frequencies: 0.008528

      1837000 -- (-6007.145) [...7 remote chains...] -- 0:39:08

      Average standard deviation of split frequencies: 0.008522

      1838000 -- (-6003.655) [...7 remote chains...] -- 0:39:08

      Average standard deviation of split frequencies: 0.008543

      1839000 -- (-6019.852) [...7 remote chains...] -- 0:39:07

      Average standard deviation of split frequencies: 0.008515

      1840000 -- (-6023.687) [...7 remote chains...] -- 0:39:07

      Average standard deviation of split frequencies: 0.008534

      1841000 -- (-6003.929) [...7 remote chains...] -- 0:39:07

      Average standard deviation of split frequencies: 0.008486

      1842000 -- (-6012.418) [...7 remote chains...] -- 0:39:07

      Average standard deviation of split frequencies: 0.008493

      1843000 -- (-6008.221) [...7 remote chains...] -- 0:39:06

      Average standard deviation of split frequencies: 0.008509

      1844000 -- (-6024.313) [...7 remote chains...] -- 0:39:06

      Average standard deviation of split frequencies: 0.008506

      1845000 -- (-6018.887) [...7 remote chains...] -- 0:39:06

      Average standard deviation of split frequencies: 0.008524

      1846000 -- (-6007.458) [...7 remote chains...] -- 0:39:04

      Average standard deviation of split frequencies: 0.008548

      1847000 -- [-5983.967] [...7 remote chains...] -- 0:39:03

      Average standard deviation of split frequencies: 0.008596

      1848000 -- [-5989.557] [...7 remote chains...] -- 0:39:03

      Average standard deviation of split frequencies: 0.008581

      1849000 -- (-6001.843) [...7 remote chains...] -- 0:39:03

      Average standard deviation of split frequencies: 0.008563

      1850000 -- (-6027.812) [...7 remote chains...] -- 0:39:02

      Average standard deviation of split frequencies: 0.008586

      1851000 -- (-6019.266) [...7 remote chains...] -- 0:39:02

      Average standard deviation of split frequencies: 0.008648

      1852000 -- (-6015.986) [...7 remote chains...] -- 0:39:02

      Average standard deviation of split frequencies: 0.008630

      1853000 -- (-6015.755) [...7 remote chains...] -- 0:39:01

      Average standard deviation of split frequencies: 0.008618

      1854000 -- (-6019.171) [...7 remote chains...] -- 0:39:01

      Average standard deviation of split frequencies: 0.008600

      1855000 -- (-6006.965) [...7 remote chains...] -- 0:39:01

      Average standard deviation of split frequencies: 0.008594

      1856000 -- (-6001.566) [...7 remote chains...] -- 0:39:01

      Average standard deviation of split frequencies: 0.008573

      1857000 -- (-6000.111) [...7 remote chains...] -- 0:39:00

      Average standard deviation of split frequencies: 0.008579

      1858000 -- [-5986.181] [...7 remote chains...] -- 0:39:00

      Average standard deviation of split frequencies: 0.008582

      1859000 -- (-6017.739) [...7 remote chains...] -- 0:39:00

      Average standard deviation of split frequencies: 0.008641

      1860000 -- (-6020.123) [...7 remote chains...] -- 0:38:59

      Average standard deviation of split frequencies: 0.008629

      1861000 -- (-6009.339) [...7 remote chains...] -- 0:38:59

      Average standard deviation of split frequencies: 0.008599

      1862000 -- [-6002.533] [...7 remote chains...] -- 0:38:57

      Average standard deviation of split frequencies: 0.008607

      1863000 -- [-5999.842] [...7 remote chains...] -- 0:38:57

      Average standard deviation of split frequencies: 0.008628

      1864000 -- (-6008.646) [...7 remote chains...] -- 0:38:56

      Average standard deviation of split frequencies: 0.008540

      1865000 -- [-6009.392] [...7 remote chains...] -- 0:38:56

      Average standard deviation of split frequencies: 0.008484

      1866000 -- (-6025.102) [...7 remote chains...] -- 0:38:56

      Average standard deviation of split frequencies: 0.008463

      1867000 -- (-6000.078) [...7 remote chains...] -- 0:38:55

      Average standard deviation of split frequencies: 0.008442

      1868000 -- (-6000.336) [...7 remote chains...] -- 0:38:55

      Average standard deviation of split frequencies: 0.008427

      1869000 -- (-6025.856) [...7 remote chains...] -- 0:38:55

      Average standard deviation of split frequencies: 0.008416

      1870000 -- (-5998.944) [...7 remote chains...] -- 0:38:54

      Average standard deviation of split frequencies: 0.008412

      1871000 -- [-5989.459] [...7 remote chains...] -- 0:38:54

      Average standard deviation of split frequencies: 0.008407

      1872000 -- (-6029.165) [...7 remote chains...] -- 0:38:54

      Average standard deviation of split frequencies: 0.008409

      1873000 -- (-6010.515) [...7 remote chains...] -- 0:38:53

      Average standard deviation of split frequencies: 0.008409

      1874000 -- [-5996.665] [...7 remote chains...] -- 0:38:53

      Average standard deviation of split frequencies: 0.008415

      1875000 -- (-6028.844) [...7 remote chains...] -- 0:38:51

      Average standard deviation of split frequencies: 0.008326

      1876000 -- (-6054.779) [...7 remote chains...] -- 0:38:51

      Average standard deviation of split frequencies: 0.008311

      1877000 -- (-6077.591) [...7 remote chains...] -- 0:38:51

      Average standard deviation of split frequencies: 0.008334

      1878000 -- (-6053.650) [...7 remote chains...] -- 0:38:50

      Average standard deviation of split frequencies: 0.008349

      1879000 -- (-6070.383) [...7 remote chains...] -- 0:38:50

      Average standard deviation of split frequencies: 0.008366

      1880000 -- (-6049.342) [...7 remote chains...] -- 0:38:50

      Average standard deviation of split frequencies: 0.008406

      1881000 -- (-6033.249) [...7 remote chains...] -- 0:38:49

      Average standard deviation of split frequencies: 0.008356

      1882000 -- [-6005.802] [...7 remote chains...] -- 0:38:49

      Average standard deviation of split frequencies: 0.008324

      1883000 -- [-6001.813] [...7 remote chains...] -- 0:38:49

      Average standard deviation of split frequencies: 0.008286

      1884000 -- [-5982.551] [...7 remote chains...] -- 0:38:48

      Average standard deviation of split frequencies: 0.008292

      1885000 -- [-5995.824] [...7 remote chains...] -- 0:38:48

      Average standard deviation of split frequencies: 0.008309

      1886000 -- [-5975.703] [...7 remote chains...] -- 0:38:48

      Average standard deviation of split frequencies: 0.008299

      1887000 -- [-5986.925] [...7 remote chains...] -- 0:38:46

      Average standard deviation of split frequencies: 0.008287

      1888000 -- [-5992.242] [...7 remote chains...] -- 0:38:45

      Average standard deviation of split frequencies: 0.008270

      1889000 -- (-6024.677) [...7 remote chains...] -- 0:38:45

      Average standard deviation of split frequencies: 0.008252

      1890000 -- (-6033.190) [...7 remote chains...] -- 0:38:45

      Average standard deviation of split frequencies: 0.008255

      1891000 -- [-6010.001] [...7 remote chains...] -- 0:38:44

      Average standard deviation of split frequencies: 0.008258

      1892000 -- (-6018.897) [...7 remote chains...] -- 0:38:44

      Average standard deviation of split frequencies: 0.008231

      1893000 -- (-5994.256) [...7 remote chains...] -- 0:38:44

      Average standard deviation of split frequencies: 0.008384

      1894000 -- (-6019.214) [...7 remote chains...] -- 0:38:43

      Average standard deviation of split frequencies: 0.008375

      1895000 -- (-6027.349) [...7 remote chains...] -- 0:38:43

      Average standard deviation of split frequencies: 0.008357

      1896000 -- (-6004.288) [...7 remote chains...] -- 0:38:41

      Average standard deviation of split frequencies: 0.008337

      1897000 -- (-6036.177) [...7 remote chains...] -- 0:38:41

      Average standard deviation of split frequencies: 0.008328

      1898000 -- (-6016.745) [...7 remote chains...] -- 0:38:40

      Average standard deviation of split frequencies: 0.008340

      1899000 -- (-6009.888) [...7 remote chains...] -- 0:38:40

      Average standard deviation of split frequencies: 0.008237

      1900000 -- [-6013.433] [...7 remote chains...] -- 0:38:40

      Average standard deviation of split frequencies: 0.008239

      1901000 -- (-6017.470) [...7 remote chains...] -- 0:38:39

      Average standard deviation of split frequencies: 0.008248

      1902000 -- (-5991.019) [...7 remote chains...] -- 0:38:39

      Average standard deviation of split frequencies: 0.008257

      1903000 -- (-6005.994) [...7 remote chains...] -- 0:38:39

      Average standard deviation of split frequencies: 0.008277

      1904000 -- (-6013.280) [...7 remote chains...] -- 0:38:38

      Average standard deviation of split frequencies: 0.008245

      1905000 -- (-6033.083) [...7 remote chains...] -- 0:38:36

      Average standard deviation of split frequencies: 0.008215

      1906000 -- (-5998.970) [...7 remote chains...] -- 0:38:36

      Average standard deviation of split frequencies: 0.008262

      1907000 -- [-5996.378] [...7 remote chains...] -- 0:38:36

      Average standard deviation of split frequencies: 0.008198

      1908000 -- (-6009.233) [...7 remote chains...] -- 0:38:35

      Average standard deviation of split frequencies: 0.008208

      1909000 -- [-5992.101] [...7 remote chains...] -- 0:38:35

      Average standard deviation of split frequencies: 0.008211

      1910000 -- [-6004.850] [...7 remote chains...] -- 0:38:35

      Average standard deviation of split frequencies: 0.008211

      1911000 -- [-5978.813] [...7 remote chains...] -- 0:38:34

      Average standard deviation of split frequencies: 0.008194

      1912000 -- (-5998.283) [...7 remote chains...] -- 0:38:34

      Average standard deviation of split frequencies: 0.008202

      1913000 -- [-5988.848] [...7 remote chains...] -- 0:38:34

      Average standard deviation of split frequencies: 0.008228

      1914000 -- [-5999.743] [...7 remote chains...] -- 0:38:33

      Average standard deviation of split frequencies: 0.008163

      1915000 -- [-5998.372] [...7 remote chains...] -- 0:38:31

      Average standard deviation of split frequencies: 0.008138

      1916000 -- (-5992.552) [...7 remote chains...] -- 0:38:31

      Average standard deviation of split frequencies: 0.008149

      1917000 -- [-5995.656] [...7 remote chains...] -- 0:38:31

      Average standard deviation of split frequencies: 0.008152

      1918000 -- [-6010.816] [...7 remote chains...] -- 0:38:30

      Average standard deviation of split frequencies: 0.008169

      1919000 -- (-6022.596) [...7 remote chains...] -- 0:38:30

      Average standard deviation of split frequencies: 0.008177

      1920000 -- (-6028.423) [...7 remote chains...] -- 0:38:30

      Average standard deviation of split frequencies: 0.008183

      1921000 -- (-6020.941) [...7 remote chains...] -- 0:38:29

      Average standard deviation of split frequencies: 0.008155

      1922000 -- (-6019.497) [...7 remote chains...] -- 0:38:29

      Average standard deviation of split frequencies: 0.008141

      1923000 -- (-6023.661) [...7 remote chains...] -- 0:38:27

      Average standard deviation of split frequencies: 0.008084

      1924000 -- (-6043.635) [...7 remote chains...] -- 0:38:27

      Average standard deviation of split frequencies: 0.008036

      1925000 -- (-6036.292) [...7 remote chains...] -- 0:38:26

      Average standard deviation of split frequencies: 0.008028

      1926000 -- (-6022.334) [...7 remote chains...] -- 0:38:26

      Average standard deviation of split frequencies: 0.007994

      1927000 -- (-6025.672) [...7 remote chains...] -- 0:38:25

      Average standard deviation of split frequencies: 0.008022

      1928000 -- (-6049.174) [...7 remote chains...] -- 0:38:24

      Average standard deviation of split frequencies: 0.008067

      1929000 -- (-6046.257) [...7 remote chains...] -- 0:38:23

      Average standard deviation of split frequencies: 0.008093

      1930000 -- (-6051.779) [...7 remote chains...] -- 0:38:23

      Average standard deviation of split frequencies: 0.008113

      1931000 -- (-6055.839) [...7 remote chains...] -- 0:38:22

      Average standard deviation of split frequencies: 0.008149

      1932000 -- (-6022.753) [...7 remote chains...] -- 0:38:22

      Average standard deviation of split frequencies: 0.008136

      1933000 -- (-6038.662) [...7 remote chains...] -- 0:38:20

      Average standard deviation of split frequencies: 0.008155

      1934000 -- (-6021.178) [...7 remote chains...] -- 0:38:20

      Average standard deviation of split frequencies: 0.008211

      1935000 -- (-6028.955) [...7 remote chains...] -- 0:38:19

      Average standard deviation of split frequencies: 0.008225

      1936000 -- (-6033.403) [...7 remote chains...] -- 0:38:19

      Average standard deviation of split frequencies: 0.008211

      1937000 -- (-6029.698) [...7 remote chains...] -- 0:38:19

      Average standard deviation of split frequencies: 0.008183

      1938000 -- (-6013.526) [...7 remote chains...] -- 0:38:18

      Average standard deviation of split frequencies: 0.008139

      1939000 -- [-5995.019] [...7 remote chains...] -- 0:38:18

      Average standard deviation of split frequencies: 0.008128

      1940000 -- [-5989.074] [...7 remote chains...] -- 0:38:18

      Average standard deviation of split frequencies: 0.008108

      1941000 -- [-5990.313] [...7 remote chains...] -- 0:38:17

      Average standard deviation of split frequencies: 0.008077

      1942000 -- [-6011.725] [...7 remote chains...] -- 0:38:15

      Average standard deviation of split frequencies: 0.008064

      1943000 -- (-6012.349) [...7 remote chains...] -- 0:38:15

      Average standard deviation of split frequencies: 0.008102

      1944000 -- (-6016.937) [...7 remote chains...] -- 0:38:15

      Average standard deviation of split frequencies: 0.008041

      1945000 -- (-6033.263) [...7 remote chains...] -- 0:38:14

      Average standard deviation of split frequencies: 0.008053

      1946000 -- [-6010.614] [...7 remote chains...] -- 0:38:14

      Average standard deviation of split frequencies: 0.008053

      1947000 -- (-6010.186) [...7 remote chains...] -- 0:38:14

      Average standard deviation of split frequencies: 0.008075

      1948000 -- (-6044.482) [...7 remote chains...] -- 0:38:13

      Average standard deviation of split frequencies: 0.008092

      1949000 -- (-6036.612) [...7 remote chains...] -- 0:38:13

      Average standard deviation of split frequencies: 0.008119

      1950000 -- (-6029.630) [...7 remote chains...] -- 0:38:12

      Average standard deviation of split frequencies: 0.008139

      1951000 -- (-6014.508) [...7 remote chains...] -- 0:38:12

      Average standard deviation of split frequencies: 0.008194

      1952000 -- (-6021.916) [...7 remote chains...] -- 0:38:10

      Average standard deviation of split frequencies: 0.008236

      1953000 -- (-6046.369) [...7 remote chains...] -- 0:38:10

      Average standard deviation of split frequencies: 0.008247

      1954000 -- (-6006.799) [...7 remote chains...] -- 0:38:09

      Average standard deviation of split frequencies: 0.008252

      1955000 -- (-6019.052) [...7 remote chains...] -- 0:38:09

      Average standard deviation of split frequencies: 0.008280

      1956000 -- (-6019.450) [...7 remote chains...] -- 0:38:09

      Average standard deviation of split frequencies: 0.008263

      1957000 -- (-6017.506) [...7 remote chains...] -- 0:38:08

      Average standard deviation of split frequencies: 0.008238

      1958000 -- (-6005.510) [...7 remote chains...] -- 0:38:08

      Average standard deviation of split frequencies: 0.008230

      1959000 -- [-5998.911] [...7 remote chains...] -- 0:38:08

      Average standard deviation of split frequencies: 0.008302

      1960000 -- (-5994.404) [...7 remote chains...] -- 0:38:07

      Average standard deviation of split frequencies: 0.008340

      1961000 -- (-6038.787) [...7 remote chains...] -- 0:38:07

      Average standard deviation of split frequencies: 0.008362

      1962000 -- (-6049.075) [...7 remote chains...] -- 0:38:05

      Average standard deviation of split frequencies: 0.008359

      1963000 -- (-6033.948) [...7 remote chains...] -- 0:38:05

      Average standard deviation of split frequencies: 0.008379

      1964000 -- (-6056.350) [...7 remote chains...] -- 0:38:04

      Average standard deviation of split frequencies: 0.008376

      1965000 -- (-6041.938) [...7 remote chains...] -- 0:38:04

      Average standard deviation of split frequencies: 0.008355

      1966000 -- (-6045.008) [...7 remote chains...] -- 0:38:03

      Average standard deviation of split frequencies: 0.008339

      1967000 -- (-6047.639) [...7 remote chains...] -- 0:38:03

      Average standard deviation of split frequencies: 0.008339

      1968000 -- (-6040.718) [...7 remote chains...] -- 0:38:03

      Average standard deviation of split frequencies: 0.008352

      1969000 -- (-6016.225) [...7 remote chains...] -- 0:38:02

      Average standard deviation of split frequencies: 0.008322

      1970000 -- (-6014.302) [...7 remote chains...] -- 0:38:02

      Average standard deviation of split frequencies: 0.008294

      1971000 -- (-6040.722) [...7 remote chains...] -- 0:38:00

      Average standard deviation of split frequencies: 0.008305

      1972000 -- (-6044.794) [...7 remote chains...] -- 0:38:00

      Average standard deviation of split frequencies: 0.008245

      1973000 -- (-6018.144) [...7 remote chains...] -- 0:37:59

      Average standard deviation of split frequencies: 0.008227

      1974000 -- (-6020.507) [...7 remote chains...] -- 0:37:59

      Average standard deviation of split frequencies: 0.008224

      1975000 -- (-6019.137) [...7 remote chains...] -- 0:37:59

      Average standard deviation of split frequencies: 0.008262

      1976000 -- (-6018.170) [...7 remote chains...] -- 0:37:58

      Average standard deviation of split frequencies: 0.008251

      1977000 -- (-6010.241) [...7 remote chains...] -- 0:37:58

      Average standard deviation of split frequencies: 0.008196

      1978000 -- [-5998.056] [...7 remote chains...] -- 0:37:57

      Average standard deviation of split frequencies: 0.008215

      1979000 -- (-6012.097) [...7 remote chains...] -- 0:37:57

      Average standard deviation of split frequencies: 0.008259

      1980000 -- [-5995.336] [...7 remote chains...] -- 0:37:57

      Average standard deviation of split frequencies: 0.008267

      1981000 -- (-5999.895) [...7 remote chains...] -- 0:37:56

      Average standard deviation of split frequencies: 0.008253

      1982000 -- (-5997.767) [...7 remote chains...] -- 0:37:54

      Average standard deviation of split frequencies: 0.008286

      1983000 -- [-5994.554] [...7 remote chains...] -- 0:37:54

      Average standard deviation of split frequencies: 0.008308

      1984000 -- (-6006.972) [...7 remote chains...] -- 0:37:54

      Average standard deviation of split frequencies: 0.008270

      1985000 -- [-6009.352] [...7 remote chains...] -- 0:37:53

      Average standard deviation of split frequencies: 0.008267

      1986000 -- (-6038.570) [...7 remote chains...] -- 0:37:53

      Average standard deviation of split frequencies: 0.008258

      1987000 -- (-6024.007) [...7 remote chains...] -- 0:37:53

      Average standard deviation of split frequencies: 0.008269

      1988000 -- (-6007.072) [...7 remote chains...] -- 0:37:52

      Average standard deviation of split frequencies: 0.008294

      1989000 -- (-6020.001) [...7 remote chains...] -- 0:37:52

      Average standard deviation of split frequencies: 0.008294

      1990000 -- (-6015.253) [...7 remote chains...] -- 0:37:51

      Average standard deviation of split frequencies: 0.008294

      1991000 -- (-6030.649) [...7 remote chains...] -- 0:37:49

      Average standard deviation of split frequencies: 0.008302

      1992000 -- (-6025.026) [...7 remote chains...] -- 0:37:49

      Average standard deviation of split frequencies: 0.008326

      1993000 -- (-6008.288) [...7 remote chains...] -- 0:37:49

      Average standard deviation of split frequencies: 0.008329

      1994000 -- (-6016.691) [...7 remote chains...] -- 0:37:48

      Average standard deviation of split frequencies: 0.008335

      1995000 -- (-6042.480) [...7 remote chains...] -- 0:37:48

      Average standard deviation of split frequencies: 0.008315

      1996000 -- (-6031.092) [...7 remote chains...] -- 0:37:48

      Average standard deviation of split frequencies: 0.008307

      1997000 -- (-6037.255) [...7 remote chains...] -- 0:37:47

      Average standard deviation of split frequencies: 0.008298

      1998000 -- (-6023.754) [...7 remote chains...] -- 0:37:47

      Average standard deviation of split frequencies: 0.008282

      1999000 -- (-6005.941) [...7 remote chains...] -- 0:37:46

      Average standard deviation of split frequencies: 0.008312

      2000000 -- (-6015.269) [...7 remote chains...] -- 0:37:46

      Average standard deviation of split frequencies: 0.008328

      2001000 -- (-6021.698) [...7 remote chains...] -- 0:37:46

      Average standard deviation of split frequencies: 0.008309

      2002000 -- (-6039.864) [...7 remote chains...] -- 0:37:44

      Average standard deviation of split frequencies: 0.008330

      2003000 -- (-6022.003) [...7 remote chains...] -- 0:37:43

      Average standard deviation of split frequencies: 0.008363

      2004000 -- (-6032.843) [...7 remote chains...] -- 0:37:43

      Average standard deviation of split frequencies: 0.008371

      2005000 -- (-6039.073) [...7 remote chains...] -- 0:37:43

      Average standard deviation of split frequencies: 0.008346

      2006000 -- (-6045.895) [...7 remote chains...] -- 0:37:42

      Average standard deviation of split frequencies: 0.008338

      2007000 -- (-6031.679) [...7 remote chains...] -- 0:37:42

      Average standard deviation of split frequencies: 0.008308

      2008000 -- (-6017.969) [...7 remote chains...] -- 0:37:41

      Average standard deviation of split frequencies: 0.008281

      2009000 -- (-6029.923) [...7 remote chains...] -- 0:37:39

      Average standard deviation of split frequencies: 0.008246

      2010000 -- (-6011.009) [...7 remote chains...] -- 0:37:39

      Average standard deviation of split frequencies: 0.008276

      2011000 -- (-5994.807) [...7 remote chains...] -- 0:37:39

      Average standard deviation of split frequencies: 0.008278

      2012000 -- (-6007.471) [...7 remote chains...] -- 0:37:38

      Average standard deviation of split frequencies: 0.008284

      2013000 -- (-6031.925) [...7 remote chains...] -- 0:37:38

      Average standard deviation of split frequencies: 0.008256

      2014000 -- (-6022.705) [...7 remote chains...] -- 0:37:38

      Average standard deviation of split frequencies: 0.008256

      2015000 -- (-6009.036) [...7 remote chains...] -- 0:37:37

      Average standard deviation of split frequencies: 0.008305

      2016000 -- (-5999.187) [...7 remote chains...] -- 0:37:37

      Average standard deviation of split frequencies: 0.008313

      2017000 -- (-6016.524) [...7 remote chains...] -- 0:37:36

      Average standard deviation of split frequencies: 0.008313

      2018000 -- (-5987.685) [...7 remote chains...] -- 0:37:34

      Average standard deviation of split frequencies: 0.008310

      2019000 -- (-6000.885) [...7 remote chains...] -- 0:37:34

      Average standard deviation of split frequencies: 0.008332

      2020000 -- (-6017.515) [...7 remote chains...] -- 0:37:34

      Average standard deviation of split frequencies: 0.008350

      2021000 -- (-6022.146) [...7 remote chains...] -- 0:37:33

      Average standard deviation of split frequencies: 0.008345

      2022000 -- (-6009.015) [...7 remote chains...] -- 0:37:33

      Average standard deviation of split frequencies: 0.008374

      2023000 -- (-6030.289) [...7 remote chains...] -- 0:37:32

      Average standard deviation of split frequencies: 0.008382

      2024000 -- (-6009.899) [...7 remote chains...] -- 0:37:32

      Average standard deviation of split frequencies: 0.008387

      2025000 -- (-6014.491) [...7 remote chains...] -- 0:37:32

      Average standard deviation of split frequencies: 0.008374

      2026000 -- [-5984.848] [...7 remote chains...] -- 0:37:31

      Average standard deviation of split frequencies: 0.008441

      2027000 -- (-6004.370) [...7 remote chains...] -- 0:37:31

      Average standard deviation of split frequencies: 0.008427

      2028000 -- (-6021.983) [...7 remote chains...] -- 0:37:29

      Average standard deviation of split frequencies: 0.008422

      2029000 -- (-6016.837) [...7 remote chains...] -- 0:37:29

      Average standard deviation of split frequencies: 0.008454

      2030000 -- (-6006.528) [...7 remote chains...] -- 0:37:28

      Average standard deviation of split frequencies: 0.008437

      2031000 -- [-5989.182] [...7 remote chains...] -- 0:37:28

      Average standard deviation of split frequencies: 0.008456

      2032000 -- (-5990.893) [...7 remote chains...] -- 0:37:27

      Average standard deviation of split frequencies: 0.008437

      2033000 -- (-6003.937) [...7 remote chains...] -- 0:37:27

      Average standard deviation of split frequencies: 0.008437

      2034000 -- (-6018.778) [...7 remote chains...] -- 0:37:27

      Average standard deviation of split frequencies: 0.008408

      2035000 -- (-6025.545) [...7 remote chains...] -- 0:37:26

      Average standard deviation of split frequencies: 0.008437

      2036000 -- (-6052.360) [...7 remote chains...] -- 0:37:26

      Average standard deviation of split frequencies: 0.008431

      2037000 -- (-6023.002) [...7 remote chains...] -- 0:37:25

      Average standard deviation of split frequencies: 0.008407

      2038000 -- (-6037.695) [...7 remote chains...] -- 0:37:24

      Average standard deviation of split frequencies: 0.008431

      2039000 -- (-6049.502) [...7 remote chains...] -- 0:37:23

      Average standard deviation of split frequencies: 0.008487

      2040000 -- (-6052.545) [...7 remote chains...] -- 0:37:23

      Average standard deviation of split frequencies: 0.008432

      2041000 -- (-6046.750) [...7 remote chains...] -- 0:37:22

      Average standard deviation of split frequencies: 0.008423

      2042000 -- (-6047.654) [...7 remote chains...] -- 0:37:22

      Average standard deviation of split frequencies: 0.008405

      2043000 -- (-6011.457) [...7 remote chains...] -- 0:37:21

      Average standard deviation of split frequencies: 0.008405

      2044000 -- (-6011.376) [...7 remote chains...] -- 0:37:21

      Average standard deviation of split frequencies: 0.008396

      2045000 -- (-6023.992) [...7 remote chains...] -- 0:37:21

      Average standard deviation of split frequencies: 0.008412

      2046000 -- (-6024.275) [...7 remote chains...] -- 0:37:20

      Average standard deviation of split frequencies: 0.008399

      2047000 -- (-6068.570) [...7 remote chains...] -- 0:37:18

      Average standard deviation of split frequencies: 0.008450

      2048000 -- (-6034.160) [...7 remote chains...] -- 0:37:18

      Average standard deviation of split frequencies: 0.008474

      2049000 -- (-6043.489) [...7 remote chains...] -- 0:37:18

      Average standard deviation of split frequencies: 0.008497

      2050000 -- (-6026.944) [...7 remote chains...] -- 0:37:17

      Average standard deviation of split frequencies: 0.008471

      2051000 -- (-6033.417) [...7 remote chains...] -- 0:37:17

      Average standard deviation of split frequencies: 0.008540

      2052000 -- (-6038.119) [...7 remote chains...] -- 0:37:16

      Average standard deviation of split frequencies: 0.008540

      2053000 -- (-6047.980) [...7 remote chains...] -- 0:37:16

      Average standard deviation of split frequencies: 0.008537

      2054000 -- (-6047.641) [...7 remote chains...] -- 0:37:16

      Average standard deviation of split frequencies: 0.008529

      2055000 -- (-6054.090) [...7 remote chains...] -- 0:37:15

      Average standard deviation of split frequencies: 0.008509

      2056000 -- (-6023.061) [...7 remote chains...] -- 0:37:15

      Average standard deviation of split frequencies: 0.008514

      2057000 -- (-6024.395) [...7 remote chains...] -- 0:37:14

      Average standard deviation of split frequencies: 0.008503

      2058000 -- (-6024.852) [...7 remote chains...] -- 0:37:14

      Average standard deviation of split frequencies: 0.008511

      2059000 -- (-6040.741) [...7 remote chains...] -- 0:37:13

      Average standard deviation of split frequencies: 0.008576

      2060000 -- (-6051.718) [...7 remote chains...] -- 0:37:13

      Average standard deviation of split frequencies: 0.008536

      2061000 -- (-6038.106) [...7 remote chains...] -- 0:37:13

      Average standard deviation of split frequencies: 0.008568

      2062000 -- (-6037.870) [...7 remote chains...] -- 0:37:12

      Average standard deviation of split frequencies: 0.008578

      2063000 -- (-6037.455) [...7 remote chains...] -- 0:37:12

      Average standard deviation of split frequencies: 0.008575

      2064000 -- (-6027.763) [...7 remote chains...] -- 0:37:11

      Average standard deviation of split frequencies: 0.008541

      2065000 -- (-6049.617) [...7 remote chains...] -- 0:37:11

      Average standard deviation of split frequencies: 0.008552

      2066000 -- (-6049.849) [...7 remote chains...] -- 0:37:11

      Average standard deviation of split frequencies: 0.008546

      2067000 -- (-6043.603) [...7 remote chains...] -- 0:37:09

      Average standard deviation of split frequencies: 0.008580

      2068000 -- (-6015.346) [...7 remote chains...] -- 0:37:08

      Average standard deviation of split frequencies: 0.008588

      2069000 -- (-6031.569) [...7 remote chains...] -- 0:37:08

      Average standard deviation of split frequencies: 0.008590

      2070000 -- (-6024.040) [...7 remote chains...] -- 0:37:07

      Average standard deviation of split frequencies: 0.008611

      2071000 -- (-6014.472) [...7 remote chains...] -- 0:37:07

      Average standard deviation of split frequencies: 0.008598

      2072000 -- (-6018.735) [...7 remote chains...] -- 0:37:07

      Average standard deviation of split frequencies: 0.008593

      2073000 -- (-6001.939) [...7 remote chains...] -- 0:37:06

      Average standard deviation of split frequencies: 0.008605

      2074000 -- (-6028.228) [...7 remote chains...] -- 0:37:06

      Average standard deviation of split frequencies: 0.008610

      2075000 -- (-6017.458) [...7 remote chains...] -- 0:37:05

      Average standard deviation of split frequencies: 0.008655

      2076000 -- (-6012.337) [...7 remote chains...] -- 0:37:05

      Average standard deviation of split frequencies: 0.008660

      2077000 -- [-6010.745] [...7 remote chains...] -- 0:37:04

      Average standard deviation of split frequencies: 0.008647

      2078000 -- (-6035.001) [...7 remote chains...] -- 0:37:04

      Average standard deviation of split frequencies: 0.008651

      2079000 -- (-6023.350) [...7 remote chains...] -- 0:37:04

      Average standard deviation of split frequencies: 0.008597

      2080000 -- (-6028.410) [...7 remote chains...] -- 0:37:03

      Average standard deviation of split frequencies: 0.008635

      2081000 -- (-6026.779) [...7 remote chains...] -- 0:37:03

      Average standard deviation of split frequencies: 0.008612

      2082000 -- (-6007.719) [...7 remote chains...] -- 0:37:02

      Average standard deviation of split frequencies: 0.008627

      2083000 -- (-6001.201) [...7 remote chains...] -- 0:37:02

      Average standard deviation of split frequencies: 0.008651

      2084000 -- [-6002.717] [...7 remote chains...] -- 0:37:01

      Average standard deviation of split frequencies: 0.008666

      2085000 -- (-6009.759) [...7 remote chains...] -- 0:37:01

      Average standard deviation of split frequencies: 0.008640

      2086000 -- (-6012.159) [...7 remote chains...] -- 0:37:01

      Average standard deviation of split frequencies: 0.008660

      2087000 -- (-6010.555) [...7 remote chains...] -- 0:37:00

      Average standard deviation of split frequencies: 0.008696

      2088000 -- [-6011.480] [...7 remote chains...] -- 0:37:00

      Average standard deviation of split frequencies: 0.008677

      2089000 -- (-5986.047) [...7 remote chains...] -- 0:36:59

      Average standard deviation of split frequencies: 0.008713

      2090000 -- [-6004.574] [...7 remote chains...] -- 0:36:59

      Average standard deviation of split frequencies: 0.008697

      2091000 -- [-5992.875] [...7 remote chains...] -- 0:36:58

      Average standard deviation of split frequencies: 0.008729

      2092000 -- [-5993.671] [...7 remote chains...] -- 0:36:58

      Average standard deviation of split frequencies: 0.008723

      2093000 -- (-5999.226) [...7 remote chains...] -- 0:36:58

      Average standard deviation of split frequencies: 0.008680

      2094000 -- (-6001.463) [...7 remote chains...] -- 0:36:57

      Average standard deviation of split frequencies: 0.008722

      2095000 -- (-6005.628) [...7 remote chains...] -- 0:36:57

      Average standard deviation of split frequencies: 0.008748

      2096000 -- [-6003.576] [...7 remote chains...] -- 0:36:56

      Average standard deviation of split frequencies: 0.008719

      2097000 -- (-6037.438) [...7 remote chains...] -- 0:36:56

      Average standard deviation of split frequencies: 0.008728

      2098000 -- (-6042.896) [...7 remote chains...] -- 0:36:55

      Average standard deviation of split frequencies: 0.008738

      2099000 -- (-6032.210) [...7 remote chains...] -- 0:36:55

      Average standard deviation of split frequencies: 0.008779

      2100000 -- (-6041.990) [...7 remote chains...] -- 0:36:55

      Average standard deviation of split frequencies: 0.008761

      2101000 -- (-6053.091) [...7 remote chains...] -- 0:36:54

      Average standard deviation of split frequencies: 0.008727

      2102000 -- (-6037.516) [...7 remote chains...] -- 0:36:54

      Average standard deviation of split frequencies: 0.008744

      2103000 -- (-6068.885) [...7 remote chains...] -- 0:36:53

      Average standard deviation of split frequencies: 0.008737

      2104000 -- (-6082.598) [...7 remote chains...] -- 0:36:53

      Average standard deviation of split frequencies: 0.008734

      2105000 -- (-6060.454) [...7 remote chains...] -- 0:36:52

      Average standard deviation of split frequencies: 0.008770

      2106000 -- (-6035.318) [...7 remote chains...] -- 0:36:51

      Average standard deviation of split frequencies: 0.008749

      2107000 -- (-6038.310) [...7 remote chains...] -- 0:36:50

      Average standard deviation of split frequencies: 0.008743

      2108000 -- (-6012.102) [...7 remote chains...] -- 0:36:50

      Average standard deviation of split frequencies: 0.008759

      2109000 -- (-5995.379) [...7 remote chains...] -- 0:36:49

      Average standard deviation of split frequencies: 0.008730

      2110000 -- (-5995.607) [...7 remote chains...] -- 0:36:49

      Average standard deviation of split frequencies: 0.008717

      2111000 -- (-6001.812) [...7 remote chains...] -- 0:36:48

      Average standard deviation of split frequencies: 0.008722

      2112000 -- [-5995.383] [...7 remote chains...] -- 0:36:48

      Average standard deviation of split frequencies: 0.008693

      2113000 -- (-5996.084) [...7 remote chains...] -- 0:36:47

      Average standard deviation of split frequencies: 0.008651

      2114000 -- (-5992.587) [...7 remote chains...] -- 0:36:47

      Average standard deviation of split frequencies: 0.008636

      2115000 -- (-6007.420) [...7 remote chains...] -- 0:36:47

      Average standard deviation of split frequencies: 0.008651

      2116000 -- (-6039.797) [...7 remote chains...] -- 0:36:46

      Average standard deviation of split frequencies: 0.008651

      2117000 -- (-6049.833) [...7 remote chains...] -- 0:36:46

      Average standard deviation of split frequencies: 0.008615

      2118000 -- (-6039.444) [...7 remote chains...] -- 0:36:45

      Average standard deviation of split frequencies: 0.008596

      2119000 -- (-6036.734) [...7 remote chains...] -- 0:36:45

      Average standard deviation of split frequencies: 0.008596

      2120000 -- (-6026.240) [...7 remote chains...] -- 0:36:44

      Average standard deviation of split frequencies: 0.008604

      2121000 -- (-6009.265) [...7 remote chains...] -- 0:36:44

      Average standard deviation of split frequencies: 0.008580

      2122000 -- [-6003.322] [...7 remote chains...] -- 0:36:43

      Average standard deviation of split frequencies: 0.008613

      2123000 -- [-5993.467] [...7 remote chains...] -- 0:36:43

      Average standard deviation of split frequencies: 0.008634

      2124000 -- (-5999.898) [...7 remote chains...] -- 0:36:43

      Average standard deviation of split frequencies: 0.008618

      2125000 -- [-5998.854] [...7 remote chains...] -- 0:36:41

      Average standard deviation of split frequencies: 0.008605

      2126000 -- [-5993.549] [...7 remote chains...] -- 0:36:40

      Average standard deviation of split frequencies: 0.008651

      2127000 -- (-6011.022) [...7 remote chains...] -- 0:36:40

      Average standard deviation of split frequencies: 0.008636

      2128000 -- (-6019.205) [...7 remote chains...] -- 0:36:39

      Average standard deviation of split frequencies: 0.008612

      2129000 -- [-6001.095] [...7 remote chains...] -- 0:36:39

      Average standard deviation of split frequencies: 0.008650

      2130000 -- (-6039.137) [...7 remote chains...] -- 0:36:38

      Average standard deviation of split frequencies: 0.008658

      2131000 -- (-6042.316) [...7 remote chains...] -- 0:36:38

      Average standard deviation of split frequencies: 0.008663

      2132000 -- (-6035.253) [...7 remote chains...] -- 0:36:38

      Average standard deviation of split frequencies: 0.008657

      2133000 -- (-6039.604) [...7 remote chains...] -- 0:36:37

      Average standard deviation of split frequencies: 0.008680

      2134000 -- (-6064.300) [...7 remote chains...] -- 0:36:35

      Average standard deviation of split frequencies: 0.008700

      2135000 -- (-6049.137) [...7 remote chains...] -- 0:36:35

      Average standard deviation of split frequencies: 0.008695

      2136000 -- (-6031.040) [...7 remote chains...] -- 0:36:34

      Average standard deviation of split frequencies: 0.008674

      2137000 -- (-6027.046) [...7 remote chains...] -- 0:36:34

      Average standard deviation of split frequencies: 0.008705

      2138000 -- [-6025.478] [...7 remote chains...] -- 0:36:34

      Average standard deviation of split frequencies: 0.008740

      2139000 -- (-6029.801) [...7 remote chains...] -- 0:36:33

      Average standard deviation of split frequencies: 0.008704

      2140000 -- (-6028.243) [...7 remote chains...] -- 0:36:33

      Average standard deviation of split frequencies: 0.008668

      2141000 -- (-6075.263) [...7 remote chains...] -- 0:36:32

      Average standard deviation of split frequencies: 0.008617

      2142000 -- (-6033.632) [...7 remote chains...] -- 0:36:32

      Average standard deviation of split frequencies: 0.008592

      2143000 -- (-6039.475) [...7 remote chains...] -- 0:36:30

      Average standard deviation of split frequencies: 0.008574

      2144000 -- (-6075.049) [...7 remote chains...] -- 0:36:29

      Average standard deviation of split frequencies: 0.008546

      2145000 -- (-6028.835) [...7 remote chains...] -- 0:36:29

      Average standard deviation of split frequencies: 0.008500

      2146000 -- [-6000.799] [...7 remote chains...] -- 0:36:29

      Average standard deviation of split frequencies: 0.008492

      2147000 -- [-5997.469] [...7 remote chains...] -- 0:36:28

      Average standard deviation of split frequencies: 0.008498

      2148000 -- (-5997.293) [...7 remote chains...] -- 0:36:28

      Average standard deviation of split frequencies: 0.008467

      2149000 -- (-5998.561) [...7 remote chains...] -- 0:36:27

      Average standard deviation of split frequencies: 0.008462

      2150000 -- (-5996.008) [...7 remote chains...] -- 0:36:27

      Average standard deviation of split frequencies: 0.008418

      2151000 -- [-6000.671] [...7 remote chains...] -- 0:36:26

      Average standard deviation of split frequencies: 0.008416

      2152000 -- (-6029.667) [...7 remote chains...] -- 0:36:24

      Average standard deviation of split frequencies: 0.008446

      2153000 -- (-6039.288) [...7 remote chains...] -- 0:36:24

      Average standard deviation of split frequencies: 0.008423

      2154000 -- (-6035.705) [...7 remote chains...] -- 0:36:24

      Average standard deviation of split frequencies: 0.008418

      2155000 -- (-6028.362) [...7 remote chains...] -- 0:36:23

      Average standard deviation of split frequencies: 0.008410

      2156000 -- (-6035.550) [...7 remote chains...] -- 0:36:23

      Average standard deviation of split frequencies: 0.008443

      2157000 -- (-6042.313) [...7 remote chains...] -- 0:36:22

      Average standard deviation of split frequencies: 0.008423

      2158000 -- (-6048.493) [...7 remote chains...] -- 0:36:22

      Average standard deviation of split frequencies: 0.008412

      2159000 -- (-6052.785) [...7 remote chains...] -- 0:36:21

      Average standard deviation of split frequencies: 0.008435

      2160000 -- (-6027.258) [...7 remote chains...] -- 0:36:21

      Average standard deviation of split frequencies: 0.008433

      2161000 -- (-6027.101) [...7 remote chains...] -- 0:36:19

      Average standard deviation of split frequencies: 0.008430

      2162000 -- (-6015.409) [...7 remote chains...] -- 0:36:19

      Average standard deviation of split frequencies: 0.008377

      2163000 -- (-6016.265) [...7 remote chains...] -- 0:36:18

      Average standard deviation of split frequencies: 0.008339

      2164000 -- (-6021.823) [...7 remote chains...] -- 0:36:18

      Average standard deviation of split frequencies: 0.008308

      2165000 -- (-6004.340) [...7 remote chains...] -- 0:36:17

      Average standard deviation of split frequencies: 0.008247

      2166000 -- (-6011.200) [...7 remote chains...] -- 0:36:17

      Average standard deviation of split frequencies: 0.008222

      2167000 -- (-6017.743) [...7 remote chains...] -- 0:36:16

      Average standard deviation of split frequencies: 0.008187

      2168000 -- (-6034.685) [...7 remote chains...] -- 0:36:16

      Average standard deviation of split frequencies: 0.008126

      2169000 -- (-6034.980) [...7 remote chains...] -- 0:36:15

      Average standard deviation of split frequencies: 0.008103

      2170000 -- (-6037.672) [...7 remote chains...] -- 0:36:15

      Average standard deviation of split frequencies: 0.008078

      2171000 -- (-6019.839) [...7 remote chains...] -- 0:36:14

      Average standard deviation of split frequencies: 0.008083

      2172000 -- (-6041.920) [...7 remote chains...] -- 0:36:14

      Average standard deviation of split frequencies: 0.008109

      2173000 -- (-6024.650) [...7 remote chains...] -- 0:36:13

      Average standard deviation of split frequencies: 0.008099

      2174000 -- (-6017.443) [...7 remote chains...] -- 0:36:13

      Average standard deviation of split frequencies: 0.008094

      2175000 -- (-6010.375) [...7 remote chains...] -- 0:36:12

      Average standard deviation of split frequencies: 0.008162

      2176000 -- (-6038.335) [...7 remote chains...] -- 0:36:12

      Average standard deviation of split frequencies: 0.008192

      2177000 -- (-6058.374) [...7 remote chains...] -- 0:36:12

      Average standard deviation of split frequencies: 0.008197

      2178000 -- (-6046.638) [...7 remote chains...] -- 0:36:11

      Average standard deviation of split frequencies: 0.008192

      2179000 -- (-6032.179) [...7 remote chains...] -- 0:36:11

      Average standard deviation of split frequencies: 0.008185

      2180000 -- (-6008.944) [...7 remote chains...] -- 0:36:10

      Average standard deviation of split frequencies: 0.008150

      2181000 -- (-6018.793) [...7 remote chains...] -- 0:36:10

      Average standard deviation of split frequencies: 0.008127

      2182000 -- (-6019.376) [...7 remote chains...] -- 0:36:09

      Average standard deviation of split frequencies: 0.008110

      2183000 -- (-6049.726) [...7 remote chains...] -- 0:36:07

      Average standard deviation of split frequencies: 0.008090

      2184000 -- (-6024.076) [...7 remote chains...] -- 0:36:07

      Average standard deviation of split frequencies: 0.008092

      2185000 -- (-6044.543) [...7 remote chains...] -- 0:36:06

      Average standard deviation of split frequencies: 0.008077

      2186000 -- (-6034.521) [...7 remote chains...] -- 0:36:06

      Average standard deviation of split frequencies: 0.008048

      2187000 -- (-6014.183) [...7 remote chains...] -- 0:36:06

      Average standard deviation of split frequencies: 0.008040

      2188000 -- [-5991.049] [...7 remote chains...] -- 0:36:05

      Average standard deviation of split frequencies: 0.008030

      2189000 -- [-5996.091] [...7 remote chains...] -- 0:36:05

      Average standard deviation of split frequencies: 0.008050

      2190000 -- [-5999.660] [...7 remote chains...] -- 0:36:04

      Average standard deviation of split frequencies: 0.008053

      2191000 -- [-5992.586] [...7 remote chains...] -- 0:36:02

      Average standard deviation of split frequencies: 0.008030

      2192000 -- (-6007.025) [...7 remote chains...] -- 0:36:02

      Average standard deviation of split frequencies: 0.008028

      2193000 -- [-6007.526] [...7 remote chains...] -- 0:36:01

      Average standard deviation of split frequencies: 0.008021

      2194000 -- (-6022.646) [...7 remote chains...] -- 0:36:01

      Average standard deviation of split frequencies: 0.008011

      2195000 -- (-6009.365) [...7 remote chains...] -- 0:35:59

      Average standard deviation of split frequencies: 0.007968

      2196000 -- [-5987.272] [...7 remote chains...] -- 0:35:59

      Average standard deviation of split frequencies: 0.007980

      2197000 -- [-5985.688] [...7 remote chains...] -- 0:35:58

      Average standard deviation of split frequencies: 0.007993

      2198000 -- [-5986.567] [...7 remote chains...] -- 0:35:58

      Average standard deviation of split frequencies: 0.008020

      2199000 -- (-6012.023) [...7 remote chains...] -- 0:35:57

      Average standard deviation of split frequencies: 0.008005

      2200000 -- [-5996.886] [...7 remote chains...] -- 0:35:57

      Average standard deviation of split frequencies: 0.008038

      2201000 -- (-6007.952) [...7 remote chains...] -- 0:35:56

      Average standard deviation of split frequencies: 0.008068

      2202000 -- (-6012.754) [...7 remote chains...] -- 0:35:56

      Average standard deviation of split frequencies: 0.008065

      2203000 -- (-6021.659) [...7 remote chains...] -- 0:35:55

      Average standard deviation of split frequencies: 0.008033

      2204000 -- (-6010.572) [...7 remote chains...] -- 0:35:55

      Average standard deviation of split frequencies: 0.008008

      2205000 -- (-5994.357) [...7 remote chains...] -- 0:35:53

      Average standard deviation of split frequencies: 0.007976

      2206000 -- (-6020.781) [...7 remote chains...] -- 0:35:53

      Average standard deviation of split frequencies: 0.007952

      2207000 -- (-6032.546) [...7 remote chains...] -- 0:35:52

      Average standard deviation of split frequencies: 0.007979

      2208000 -- (-6043.317) [...7 remote chains...] -- 0:35:52

      Average standard deviation of split frequencies: 0.008014

      2209000 -- (-6013.748) [...7 remote chains...] -- 0:35:50

      Average standard deviation of split frequencies: 0.008049

      2210000 -- (-6021.134) [...7 remote chains...] -- 0:35:49

      Average standard deviation of split frequencies: 0.008017

      2211000 -- (-6021.863) [...7 remote chains...] -- 0:35:49

      Average standard deviation of split frequencies: 0.008049

      2212000 -- (-6017.820) [...7 remote chains...] -- 0:35:48

      Average standard deviation of split frequencies: 0.008071

      2213000 -- (-6011.750) [...7 remote chains...] -- 0:35:48

      Average standard deviation of split frequencies: 0.008118

      2214000 -- (-6002.970) [...7 remote chains...] -- 0:35:46

      Average standard deviation of split frequencies: 0.008138

      2215000 -- (-6008.498) [...7 remote chains...] -- 0:35:46

      Average standard deviation of split frequencies: 0.008212

      2216000 -- (-6017.419) [...7 remote chains...] -- 0:35:45

      Average standard deviation of split frequencies: 0.008239

      2217000 -- (-6020.363) [...7 remote chains...] -- 0:35:45

      Average standard deviation of split frequencies: 0.008239

      2218000 -- [-6003.621] [...7 remote chains...] -- 0:35:44

      Average standard deviation of split frequencies: 0.008175

      2219000 -- [-5990.533] [...7 remote chains...] -- 0:35:43

      Average standard deviation of split frequencies: 0.008091

      2220000 -- (-6017.413) [...7 remote chains...] -- 0:35:42

      Average standard deviation of split frequencies: 0.008054

      2221000 -- (-6004.036) [...7 remote chains...] -- 0:35:42

      Average standard deviation of split frequencies: 0.008042

      2222000 -- (-6006.390) [...7 remote chains...] -- 0:35:41

      Average standard deviation of split frequencies: 0.008035

      2223000 -- (-6031.709) [...7 remote chains...] -- 0:35:41

      Average standard deviation of split frequencies: 0.008033

      2224000 -- (-6028.425) [...7 remote chains...] -- 0:35:39

      Average standard deviation of split frequencies: 0.008003

      2225000 -- (-6020.476) [...7 remote chains...] -- 0:35:38

      Average standard deviation of split frequencies: 0.007974

      2226000 -- (-6030.783) [...7 remote chains...] -- 0:35:38

      Average standard deviation of split frequencies: 0.007986

      2227000 -- (-6040.148) [...7 remote chains...] -- 0:35:37

      Average standard deviation of split frequencies: 0.007988

      2228000 -- (-6043.904) [...7 remote chains...] -- 0:35:37

      Average standard deviation of split frequencies: 0.007945

      2229000 -- (-6035.168) [...7 remote chains...] -- 0:35:36

      Average standard deviation of split frequencies: 0.007930

      2230000 -- (-6035.223) [...7 remote chains...] -- 0:35:36

      Average standard deviation of split frequencies: 0.007926

      2231000 -- (-6048.093) [...7 remote chains...] -- 0:35:36

      Average standard deviation of split frequencies: 0.007952

      2232000 -- (-6022.601) [...7 remote chains...] -- 0:35:34

      Average standard deviation of split frequencies: 0.007931

      2233000 -- (-6010.823) [...7 remote chains...] -- 0:35:33

      Average standard deviation of split frequencies: 0.007936

      2234000 -- (-5998.342) [...7 remote chains...] -- 0:35:33

      Average standard deviation of split frequencies: 0.007946

      2235000 -- [-6007.450] [...7 remote chains...] -- 0:35:32

      Average standard deviation of split frequencies: 0.007970

      2236000 -- (-6035.250) [...7 remote chains...] -- 0:35:32

      Average standard deviation of split frequencies: 0.007963

      2237000 -- (-6033.116) [...7 remote chains...] -- 0:35:30

      Average standard deviation of split frequencies: 0.007987

      2238000 -- (-6023.538) [...7 remote chains...] -- 0:35:30

      Average standard deviation of split frequencies: 0.007958

      2239000 -- (-6023.246) [...7 remote chains...] -- 0:35:29

      Average standard deviation of split frequencies: 0.007970

      2240000 -- (-6035.754) [...7 remote chains...] -- 0:35:29

      Average standard deviation of split frequencies: 0.007985

      2241000 -- (-6004.367) [...7 remote chains...] -- 0:35:28

      Average standard deviation of split frequencies: 0.007966

      2242000 -- [-5992.715] [...7 remote chains...] -- 0:35:26

      Average standard deviation of split frequencies: 0.007961

      2243000 -- [-5982.177] [...7 remote chains...] -- 0:35:26

      Average standard deviation of split frequencies: 0.007963

      2244000 -- [-5990.025] [...7 remote chains...] -- 0:35:25

      Average standard deviation of split frequencies: 0.007934

      2245000 -- [-5988.078] [...7 remote chains...] -- 0:35:25

      Average standard deviation of split frequencies: 0.007934

      2246000 -- (-6008.843) [...7 remote chains...] -- 0:35:24

      Average standard deviation of split frequencies: 0.007903

      2247000 -- (-6005.190) [...7 remote chains...] -- 0:35:23

      Average standard deviation of split frequencies: 0.007920

      2248000 -- (-6006.406) [...7 remote chains...] -- 0:35:22

      Average standard deviation of split frequencies: 0.007913

      2249000 -- (-6023.975) [...7 remote chains...] -- 0:35:22

      Average standard deviation of split frequencies: 0.007933

      2250000 -- (-6008.868) [...7 remote chains...] -- 0:35:21

      Average standard deviation of split frequencies: 0.007925

      2251000 -- (-6045.408) [...7 remote chains...] -- 0:35:21

      Average standard deviation of split frequencies: 0.007894

      2252000 -- (-6047.125) [...7 remote chains...] -- 0:35:19

      Average standard deviation of split frequencies: 0.007911

      2253000 -- (-6037.405) [...7 remote chains...] -- 0:35:19

      Average standard deviation of split frequencies: 0.007902

      2254000 -- (-6031.621) [...7 remote chains...] -- 0:35:18

      Average standard deviation of split frequencies: 0.007926

      2255000 -- (-6013.322) [...7 remote chains...] -- 0:35:18

      Average standard deviation of split frequencies: 0.007955

      2256000 -- (-6014.811) [...7 remote chains...] -- 0:35:17

      Average standard deviation of split frequencies: 0.007943

      2257000 -- (-6051.470) [...7 remote chains...] -- 0:35:15

      Average standard deviation of split frequencies: 0.007933

      2258000 -- (-6038.928) [...7 remote chains...] -- 0:35:15

      Average standard deviation of split frequencies: 0.007902

      2259000 -- (-6030.335) [...7 remote chains...] -- 0:35:14

      Average standard deviation of split frequencies: 0.007938

      2260000 -- (-6020.141) [...7 remote chains...] -- 0:35:14

      Average standard deviation of split frequencies: 0.007970

      2261000 -- (-6039.015) [...7 remote chains...] -- 0:35:13

      Average standard deviation of split frequencies: 0.007965

      2262000 -- (-6028.136) [...7 remote chains...] -- 0:35:12

      Average standard deviation of split frequencies: 0.007960

      2263000 -- (-6038.681) [...7 remote chains...] -- 0:35:11

      Average standard deviation of split frequencies: 0.007960

      2264000 -- (-6055.464) [...7 remote chains...] -- 0:35:11

      Average standard deviation of split frequencies: 0.007982

      2265000 -- (-6047.162) [...7 remote chains...] -- 0:35:10

      Average standard deviation of split frequencies: 0.008006

      2266000 -- (-6041.211) [...7 remote chains...] -- 0:35:10

      Average standard deviation of split frequencies: 0.008035

      2267000 -- (-6044.653) [...7 remote chains...] -- 0:35:08

      Average standard deviation of split frequencies: 0.008030

      2268000 -- (-6025.807) [...7 remote chains...] -- 0:35:08

      Average standard deviation of split frequencies: 0.008009

      2269000 -- (-5998.665) [...7 remote chains...] -- 0:35:07

      Average standard deviation of split frequencies: 0.007983

      2270000 -- (-6028.669) [...7 remote chains...] -- 0:35:07

      Average standard deviation of split frequencies: 0.007961

      2271000 -- (-6036.149) [...7 remote chains...] -- 0:35:06

      Average standard deviation of split frequencies: 0.007992

      2272000 -- (-5999.478) [...7 remote chains...] -- 0:35:04

      Average standard deviation of split frequencies: 0.007997

      2273000 -- (-5984.945) [...7 remote chains...] -- 0:35:04

      Average standard deviation of split frequencies: 0.007969

      2274000 -- [-5987.294] [...7 remote chains...] -- 0:35:03

      Average standard deviation of split frequencies: 0.007950

      2275000 -- (-6000.750) [...7 remote chains...] -- 0:35:03

      Average standard deviation of split frequencies: 0.007950

      2276000 -- (-6032.166) [...7 remote chains...] -- 0:35:02

      Average standard deviation of split frequencies: 0.007954

      2277000 -- (-6053.107) [...7 remote chains...] -- 0:35:01

      Average standard deviation of split frequencies: 0.007943

      2278000 -- [-6000.382] [...7 remote chains...] -- 0:35:00

      Average standard deviation of split frequencies: 0.007933

      2279000 -- (-5987.988) [...7 remote chains...] -- 0:35:00

      Average standard deviation of split frequencies: 0.007885

      2280000 -- [-5989.560] [...7 remote chains...] -- 0:34:59

      Average standard deviation of split frequencies: 0.007886

      2281000 -- [-5991.435] [...7 remote chains...] -- 0:34:59

      Average standard deviation of split frequencies: 0.007879

      2282000 -- [-5982.648] [...7 remote chains...] -- 0:34:58

      Average standard deviation of split frequencies: 0.007872

      2283000 -- [-5979.460] [...7 remote chains...] -- 0:34:58

      Average standard deviation of split frequencies: 0.007855

      2284000 -- [-5973.348] [...7 remote chains...] -- 0:34:56

      Average standard deviation of split frequencies: 0.007860

      2285000 -- [-5989.241] [...7 remote chains...] -- 0:34:55

      Average standard deviation of split frequencies: 0.007829

      2286000 -- [-5990.593] [...7 remote chains...] -- 0:34:55

      Average standard deviation of split frequencies: 0.007810

      2287000 -- (-5988.678) [...7 remote chains...] -- 0:34:54

      Average standard deviation of split frequencies: 0.007822

      2288000 -- (-5996.414) [...7 remote chains...] -- 0:34:54

      Average standard deviation of split frequencies: 0.007806

      2289000 -- (-6005.315) [...7 remote chains...] -- 0:34:53

      Average standard deviation of split frequencies: 0.007811

      2290000 -- [-6008.998] [...7 remote chains...] -- 0:34:53

      Average standard deviation of split frequencies: 0.007804

      2291000 -- [-6003.927] [...7 remote chains...] -- 0:34:52

      Average standard deviation of split frequencies: 0.007837

      2292000 -- [-5999.688] [...7 remote chains...] -- 0:34:52

      Average standard deviation of split frequencies: 0.007816

      2293000 -- [-6005.120] [...7 remote chains...] -- 0:34:50

      Average standard deviation of split frequencies: 0.007850

      2294000 -- [-6007.711] [...7 remote chains...] -- 0:34:50

      Average standard deviation of split frequencies: 0.007850

      2295000 -- (-6019.529) [...7 remote chains...] -- 0:34:49

      Average standard deviation of split frequencies: 0.007859

      2296000 -- (-6009.786) [...7 remote chains...] -- 0:34:49

      Average standard deviation of split frequencies: 0.007888

      2297000 -- (-6026.154) [...7 remote chains...] -- 0:34:48

      Average standard deviation of split frequencies: 0.007867

      2298000 -- (-6008.723) [...7 remote chains...] -- 0:34:48

      Average standard deviation of split frequencies: 0.007862

      2299000 -- [-6010.581] [...7 remote chains...] -- 0:34:47

      Average standard deviation of split frequencies: 0.007881

      2300000 -- (-6025.104) [...7 remote chains...] -- 0:34:47

      Average standard deviation of split frequencies: 0.007895

      2301000 -- (-6054.037) [...7 remote chains...] -- 0:34:46

      Average standard deviation of split frequencies: 0.007883

      2302000 -- (-6045.686) [...7 remote chains...] -- 0:34:45

      Average standard deviation of split frequencies: 0.007897

      2303000 -- (-6004.626) [...7 remote chains...] -- 0:34:44

      Average standard deviation of split frequencies: 0.007874

      2304000 -- (-6021.415) [...7 remote chains...] -- 0:34:44

      Average standard deviation of split frequencies: 0.007886

      2305000 -- (-6032.493) [...7 remote chains...] -- 0:34:43

      Average standard deviation of split frequencies: 0.007874

      2306000 -- (-6044.096) [...7 remote chains...] -- 0:34:43

      Average standard deviation of split frequencies: 0.007934

      2307000 -- (-6018.088) [...7 remote chains...] -- 0:34:42

      Average standard deviation of split frequencies: 0.007953

      2308000 -- (-6032.680) [...7 remote chains...] -- 0:34:41

      Average standard deviation of split frequencies: 0.007958

      2309000 -- (-6032.296) [...7 remote chains...] -- 0:34:41

      Average standard deviation of split frequencies: 0.007936

      2310000 -- [-6003.120] [...7 remote chains...] -- 0:34:40

      Average standard deviation of split frequencies: 0.007948

      2311000 -- (-6020.139) [...7 remote chains...] -- 0:34:39

      Average standard deviation of split frequencies: 0.007965

      2312000 -- (-6029.716) [...7 remote chains...] -- 0:34:38

      Average standard deviation of split frequencies: 0.007958

      2313000 -- (-6057.598) [...7 remote chains...] -- 0:34:38

      Average standard deviation of split frequencies: 0.007979

      2314000 -- (-6045.050) [...7 remote chains...] -- 0:34:37

      Average standard deviation of split frequencies: 0.007993

      2315000 -- (-6021.197) [...7 remote chains...] -- 0:34:37

      Average standard deviation of split frequencies: 0.007951

      2316000 -- (-6008.459) [...7 remote chains...] -- 0:34:36

      Average standard deviation of split frequencies: 0.007965

      2317000 -- (-6002.856) [...7 remote chains...] -- 0:34:36

      Average standard deviation of split frequencies: 0.007940

      2318000 -- [-6003.254] [...7 remote chains...] -- 0:34:35

      Average standard deviation of split frequencies: 0.007951

      2319000 -- (-6010.010) [...7 remote chains...] -- 0:34:35

      Average standard deviation of split frequencies: 0.007996

      2320000 -- (-6029.153) [...7 remote chains...] -- 0:34:34

      Average standard deviation of split frequencies: 0.007975

      2321000 -- (-6047.033) [...7 remote chains...] -- 0:34:33

      Average standard deviation of split frequencies: 0.007945

      2322000 -- (-6030.860) [...7 remote chains...] -- 0:34:32

      Average standard deviation of split frequencies: 0.007907

      2323000 -- (-6021.045) [...7 remote chains...] -- 0:34:31

      Average standard deviation of split frequencies: 0.007870

      2324000 -- (-6019.521) [...7 remote chains...] -- 0:34:31

      Average standard deviation of split frequencies: 0.007851

      2325000 -- (-6011.004) [...7 remote chains...] -- 0:34:30

      Average standard deviation of split frequencies: 0.007833

      2326000 -- (-6010.537) [...7 remote chains...] -- 0:34:30

      Average standard deviation of split frequencies: 0.007828

      2327000 -- (-6041.669) [...7 remote chains...] -- 0:34:29

      Average standard deviation of split frequencies: 0.007791

      2328000 -- (-6026.488) [...7 remote chains...] -- 0:34:29

      Average standard deviation of split frequencies: 0.007786

      2329000 -- (-6021.671) [...7 remote chains...] -- 0:34:28

      Average standard deviation of split frequencies: 0.007794

      2330000 -- [-6009.385] [...7 remote chains...] -- 0:34:28

      Average standard deviation of split frequencies: 0.007770

      2331000 -- (-6005.261) [...7 remote chains...] -- 0:34:27

      Average standard deviation of split frequencies: 0.007705

      2332000 -- (-6027.915) [...7 remote chains...] -- 0:34:27

      Average standard deviation of split frequencies: 0.007677

      2333000 -- (-6020.906) [...7 remote chains...] -- 0:34:26

      Average standard deviation of split frequencies: 0.007717

      2334000 -- (-6016.652) [...7 remote chains...] -- 0:34:26

      Average standard deviation of split frequencies: 0.007715

      2335000 -- [-5998.090] [...7 remote chains...] -- 0:34:25

      Average standard deviation of split frequencies: 0.007731

      2336000 -- (-6024.058) [...7 remote chains...] -- 0:34:25

      Average standard deviation of split frequencies: 0.007720

      2337000 -- (-6024.686) [...7 remote chains...] -- 0:34:24

      Average standard deviation of split frequencies: 0.007751

      2338000 -- (-6023.918) [...7 remote chains...] -- 0:34:24

      Average standard deviation of split frequencies: 0.007734

      2339000 -- (-6004.875) [...7 remote chains...] -- 0:34:23

      Average standard deviation of split frequencies: 0.007760

      2340000 -- (-6019.204) [...7 remote chains...] -- 0:34:23

      Average standard deviation of split frequencies: 0.007756

      2341000 -- [-6009.181] [...7 remote chains...] -- 0:34:22

      Average standard deviation of split frequencies: 0.007737

      2342000 -- (-6013.075) [...7 remote chains...] -- 0:34:22

      Average standard deviation of split frequencies: 0.007724

      2343000 -- (-6010.862) [...7 remote chains...] -- 0:34:21

      Average standard deviation of split frequencies: 0.007724

      2344000 -- (-6015.442) [...7 remote chains...] -- 0:34:21

      Average standard deviation of split frequencies: 0.007735

      2345000 -- (-6009.208) [...7 remote chains...] -- 0:34:20

      Average standard deviation of split frequencies: 0.007754

      2346000 -- (-6029.172) [...7 remote chains...] -- 0:34:20

      Average standard deviation of split frequencies: 0.007759

      2347000 -- (-6026.715) [...7 remote chains...] -- 0:34:19

      Average standard deviation of split frequencies: 0.007724

      2348000 -- (-6032.765) [...7 remote chains...] -- 0:34:19

      Average standard deviation of split frequencies: 0.007743

      2349000 -- (-6014.048) [...7 remote chains...] -- 0:34:18

      Average standard deviation of split frequencies: 0.007716

      2350000 -- (-6016.555) [...7 remote chains...] -- 0:34:17

      Average standard deviation of split frequencies: 0.007707

      2351000 -- (-6009.146) [...7 remote chains...] -- 0:34:17

      Average standard deviation of split frequencies: 0.007672

      2352000 -- [-5991.947] [...7 remote chains...] -- 0:34:16

      Average standard deviation of split frequencies: 0.007674

      2353000 -- (-5988.309) [...7 remote chains...] -- 0:34:16

      Average standard deviation of split frequencies: 0.007679

      2354000 -- (-5978.971) [...7 remote chains...] -- 0:34:15

      Average standard deviation of split frequencies: 0.007658

      2355000 -- [-6009.975] [...7 remote chains...] -- 0:34:15

      Average standard deviation of split frequencies: 0.007668

      2356000 -- (-6045.370) [...7 remote chains...] -- 0:34:14

      Average standard deviation of split frequencies: 0.007673

      2357000 -- (-6035.591) [...7 remote chains...] -- 0:34:14

      Average standard deviation of split frequencies: 0.007691

      2358000 -- (-6039.030) [...7 remote chains...] -- 0:34:13

      Average standard deviation of split frequencies: 0.007685

      2359000 -- (-6027.160) [...7 remote chains...] -- 0:34:12

      Average standard deviation of split frequencies: 0.007687

      2360000 -- (-6024.614) [...7 remote chains...] -- 0:34:11

      Average standard deviation of split frequencies: 0.007708

      2361000 -- (-6019.603) [...7 remote chains...] -- 0:34:11

      Average standard deviation of split frequencies: 0.007690

      2362000 -- (-6038.140) [...7 remote chains...] -- 0:34:10

      Average standard deviation of split frequencies: 0.007691

      2363000 -- (-6000.415) [...7 remote chains...] -- 0:34:10

      Average standard deviation of split frequencies: 0.007733

      2364000 -- (-6017.651) [...7 remote chains...] -- 0:34:09

      Average standard deviation of split frequencies: 0.007710

      2365000 -- [-6002.175] [...7 remote chains...] -- 0:34:08

      Average standard deviation of split frequencies: 0.007706

      2366000 -- (-6001.779) [...7 remote chains...] -- 0:34:08

      Average standard deviation of split frequencies: 0.007701

      2367000 -- (-6002.242) [...7 remote chains...] -- 0:34:07

      Average standard deviation of split frequencies: 0.007706

      2368000 -- (-6014.958) [...7 remote chains...] -- 0:34:07

      Average standard deviation of split frequencies: 0.007711

      2369000 -- (-6020.170) [...7 remote chains...] -- 0:34:06

      Average standard deviation of split frequencies: 0.007732

      2370000 -- (-6025.916) [...7 remote chains...] -- 0:34:06

      Average standard deviation of split frequencies: 0.007728

      2371000 -- (-6035.303) [...7 remote chains...] -- 0:34:05

      Average standard deviation of split frequencies: 0.007746

      2372000 -- (-6041.073) [...7 remote chains...] -- 0:34:04

      Average standard deviation of split frequencies: 0.007769

      2373000 -- (-6051.299) [...7 remote chains...] -- 0:34:03

      Average standard deviation of split frequencies: 0.007784

      2374000 -- (-6047.477) [...7 remote chains...] -- 0:34:03

      Average standard deviation of split frequencies: 0.007784

      2375000 -- (-6047.854) [...7 remote chains...] -- 0:34:02

      Average standard deviation of split frequencies: 0.007772

      2376000 -- (-6027.470) [...7 remote chains...] -- 0:34:01

      Average standard deviation of split frequencies: 0.007733

      2377000 -- (-6082.747) [...7 remote chains...] -- 0:34:01

      Average standard deviation of split frequencies: 0.007747

      2378000 -- (-6056.287) [...7 remote chains...] -- 0:34:00

      Average standard deviation of split frequencies: 0.007726

      2379000 -- (-6037.735) [...7 remote chains...] -- 0:34:00

      Average standard deviation of split frequencies: 0.007717

      2380000 -- (-6028.783) [...7 remote chains...] -- 0:33:59

      Average standard deviation of split frequencies: 0.007715

      2381000 -- (-6032.208) [...7 remote chains...] -- 0:33:59

      Average standard deviation of split frequencies: 0.007697

      2382000 -- (-6034.039) [...7 remote chains...] -- 0:33:58

      Average standard deviation of split frequencies: 0.007683

      2383000 -- (-6008.395) [...7 remote chains...] -- 0:33:58

      Average standard deviation of split frequencies: 0.007679

      2384000 -- (-6012.083) [...7 remote chains...] -- 0:33:57

      Average standard deviation of split frequencies: 0.007697

      2385000 -- (-6010.405) [...7 remote chains...] -- 0:33:57

      Average standard deviation of split frequencies: 0.007688

      2386000 -- (-6019.065) [...7 remote chains...] -- 0:33:56

      Average standard deviation of split frequencies: 0.007715

      2387000 -- (-6029.883) [...7 remote chains...] -- 0:33:56

      Average standard deviation of split frequencies: 0.007664

      2388000 -- (-6020.736) [...7 remote chains...] -- 0:33:55

      Average standard deviation of split frequencies: 0.007628

      2389000 -- (-6017.964) [...7 remote chains...] -- 0:33:55

      Average standard deviation of split frequencies: 0.007605

      2390000 -- (-6008.434) [...7 remote chains...] -- 0:33:54

      Average standard deviation of split frequencies: 0.007583

      2391000 -- (-6019.068) [...7 remote chains...] -- 0:33:53

      Average standard deviation of split frequencies: 0.007535

      2392000 -- (-6034.274) [...7 remote chains...] -- 0:33:53

      Average standard deviation of split frequencies: 0.007517

      2393000 -- (-6029.116) [...7 remote chains...] -- 0:33:51

      Average standard deviation of split frequencies: 0.007529

      2394000 -- (-6013.832) [...7 remote chains...] -- 0:33:51

      Average standard deviation of split frequencies: 0.007504

      2395000 -- (-6043.946) [...7 remote chains...] -- 0:33:50

      Average standard deviation of split frequencies: 0.007426

      2396000 -- (-6051.736) [...7 remote chains...] -- 0:33:50

      Average standard deviation of split frequencies: 0.007415

      2397000 -- (-6046.576) [...7 remote chains...] -- 0:33:49

      Average standard deviation of split frequencies: 0.007398

      2398000 -- (-6063.923) [...7 remote chains...] -- 0:33:49

      Average standard deviation of split frequencies: 0.007371

      2399000 -- (-6037.714) [...7 remote chains...] -- 0:33:48

      Average standard deviation of split frequencies: 0.007369

      2400000 -- (-6029.386) [...7 remote chains...] -- 0:33:48

      Average standard deviation of split frequencies: 0.007362

      2401000 -- (-6020.151) [...7 remote chains...] -- 0:33:47

      Average standard deviation of split frequencies: 0.007381

      2402000 -- (-6013.504) [...7 remote chains...] -- 0:33:46

      Average standard deviation of split frequencies: 0.007365

      2403000 -- [-6018.183] [...7 remote chains...] -- 0:33:46

      Average standard deviation of split frequencies: 0.007381

      2404000 -- (-5994.170) [...7 remote chains...] -- 0:33:45

      Average standard deviation of split frequencies: 0.007357

      2405000 -- (-6003.889) [...7 remote chains...] -- 0:33:45

      Average standard deviation of split frequencies: 0.007346

      2406000 -- (-6023.954) [...7 remote chains...] -- 0:33:44

      Average standard deviation of split frequencies: 0.007353

      2407000 -- [-6012.536] [...7 remote chains...] -- 0:33:44

      Average standard deviation of split frequencies: 0.007317

      2408000 -- [-6005.984] [...7 remote chains...] -- 0:33:43

      Average standard deviation of split frequencies: 0.007302

      2409000 -- (-6028.676) [...7 remote chains...] -- 0:33:43

      Average standard deviation of split frequencies: 0.007293

      2410000 -- (-6006.177) [...7 remote chains...] -- 0:33:42

      Average standard deviation of split frequencies: 0.007289

      2411000 -- [-6004.236] [...7 remote chains...] -- 0:33:42

      Average standard deviation of split frequencies: 0.007273

      2412000 -- [-5985.943] [...7 remote chains...] -- 0:33:41

      Average standard deviation of split frequencies: 0.007269

      2413000 -- [-5987.273] [...7 remote chains...] -- 0:33:40

      Average standard deviation of split frequencies: 0.007256

      2414000 -- (-5995.266) [...7 remote chains...] -- 0:33:40

      Average standard deviation of split frequencies: 0.007275

      2415000 -- [-5998.076] [...7 remote chains...] -- 0:33:39

      Average standard deviation of split frequencies: 0.007236

      2416000 -- (-6007.646) [...7 remote chains...] -- 0:33:39

      Average standard deviation of split frequencies: 0.007255

      2417000 -- (-5999.475) [...7 remote chains...] -- 0:33:38

      Average standard deviation of split frequencies: 0.007264

      2418000 -- [-5993.953] [...7 remote chains...] -- 0:33:38

      Average standard deviation of split frequencies: 0.007265

      2419000 -- [-5995.265] [...7 remote chains...] -- 0:33:37

      Average standard deviation of split frequencies: 0.007312

      2420000 -- (-6006.021) [...7 remote chains...] -- 0:33:37

      Average standard deviation of split frequencies: 0.007310

      2421000 -- (-6000.291) [...7 remote chains...] -- 0:33:36

      Average standard deviation of split frequencies: 0.007358

      2422000 -- (-6033.734) [...7 remote chains...] -- 0:33:35

      Average standard deviation of split frequencies: 0.007334

      2423000 -- (-6022.505) [...7 remote chains...] -- 0:33:35

      Average standard deviation of split frequencies: 0.007302

      2424000 -- (-6005.164) [...7 remote chains...] -- 0:33:34

      Average standard deviation of split frequencies: 0.007296

      2425000 -- (-6022.731) [...7 remote chains...] -- 0:33:34

      Average standard deviation of split frequencies: 0.007297

      2426000 -- (-6015.336) [...7 remote chains...] -- 0:33:33

      Average standard deviation of split frequencies: 0.007319

      2427000 -- (-6011.372) [...7 remote chains...] -- 0:33:33

      Average standard deviation of split frequencies: 0.007268

      2428000 -- (-5990.271) [...7 remote chains...] -- 0:33:31

      Average standard deviation of split frequencies: 0.007241

      2429000 -- (-6025.125) [...7 remote chains...] -- 0:33:31

      Average standard deviation of split frequencies: 0.007228

      2430000 -- (-6008.971) [...7 remote chains...] -- 0:33:30

      Average standard deviation of split frequencies: 0.007236

      2431000 -- (-6028.982) [...7 remote chains...] -- 0:33:29

      Average standard deviation of split frequencies: 0.007269

      2432000 -- (-6010.396) [...7 remote chains...] -- 0:33:29

      Average standard deviation of split frequencies: 0.007306

      2433000 -- [-5986.517] [...7 remote chains...] -- 0:33:28

      Average standard deviation of split frequencies: 0.007288

      2434000 -- [-5996.349] [...7 remote chains...] -- 0:33:28

      Average standard deviation of split frequencies: 0.007300

      2435000 -- (-6008.460) [...7 remote chains...] -- 0:33:27

      Average standard deviation of split frequencies: 0.007347

      2436000 -- [-6002.249] [...7 remote chains...] -- 0:33:27

      Average standard deviation of split frequencies: 0.007347

      2437000 -- [-5989.647] [...7 remote chains...] -- 0:33:26

      Average standard deviation of split frequencies: 0.007348

      2438000 -- [-5982.153] [...7 remote chains...] -- 0:33:26

      Average standard deviation of split frequencies: 0.007328

      2439000 -- (-5990.675) [...7 remote chains...] -- 0:33:25

      Average standard deviation of split frequencies: 0.007304

      2440000 -- [-5998.071] [...7 remote chains...] -- 0:33:24

      Average standard deviation of split frequencies: 0.007300

      2441000 -- (-5993.558) [...7 remote chains...] -- 0:33:24

      Average standard deviation of split frequencies: 0.007311

      2442000 -- (-6013.040) [...7 remote chains...] -- 0:33:22

      Average standard deviation of split frequencies: 0.007285

      2443000 -- (-6024.664) [...7 remote chains...] -- 0:33:22

      Average standard deviation of split frequencies: 0.007280

      2444000 -- (-6019.874) [...7 remote chains...] -- 0:33:21

      Average standard deviation of split frequencies: 0.007274

      2445000 -- [-5997.082] [...7 remote chains...] -- 0:33:21

      Average standard deviation of split frequencies: 0.007279

      2446000 -- [-6012.035] [...7 remote chains...] -- 0:33:20

      Average standard deviation of split frequencies: 0.007295

      2447000 -- (-6006.087) [...7 remote chains...] -- 0:33:20

      Average standard deviation of split frequencies: 0.007286

      2448000 -- [-6016.931] [...7 remote chains...] -- 0:33:19

      Average standard deviation of split frequencies: 0.007300

      2449000 -- [-6004.043] [...7 remote chains...] -- 0:33:18

      Average standard deviation of split frequencies: 0.007332

      2450000 -- (-6006.996) [...7 remote chains...] -- 0:33:18

      Average standard deviation of split frequencies: 0.007339

      2451000 -- (-6003.838) [...7 remote chains...] -- 0:33:16

      Average standard deviation of split frequencies: 0.007319

      2452000 -- (-6027.092) [...7 remote chains...] -- 0:33:16

      Average standard deviation of split frequencies: 0.007326

      2453000 -- (-6008.697) [...7 remote chains...] -- 0:33:15

      Average standard deviation of split frequencies: 0.007380

      2454000 -- (-6029.848) [...7 remote chains...] -- 0:33:15

      Average standard deviation of split frequencies: 0.007396

      2455000 -- (-6031.313) [...7 remote chains...] -- 0:33:14

      Average standard deviation of split frequencies: 0.007325

      2456000 -- (-5989.200) [...7 remote chains...] -- 0:33:13

      Average standard deviation of split frequencies: 0.007341

      2457000 -- [-6000.210] [...7 remote chains...] -- 0:33:13

      Average standard deviation of split frequencies: 0.007313

      2458000 -- (-6022.456) [...7 remote chains...] -- 0:33:12

      Average standard deviation of split frequencies: 0.007309

      2459000 -- (-6004.566) [...7 remote chains...] -- 0:33:12

      Average standard deviation of split frequencies: 0.007282

      2460000 -- [-5985.698] [...7 remote chains...] -- 0:33:11

      Average standard deviation of split frequencies: 0.007302

      2461000 -- [-5981.898] [...7 remote chains...] -- 0:33:10

      Average standard deviation of split frequencies: 0.007289

      2462000 -- (-5994.751) [...7 remote chains...] -- 0:33:09

      Average standard deviation of split frequencies: 0.007277

      2463000 -- (-6005.625) [...7 remote chains...] -- 0:33:09

      Average standard deviation of split frequencies: 0.007232

      2464000 -- [-5999.265] [...7 remote chains...] -- 0:33:08

      Average standard deviation of split frequencies: 0.007200

      2465000 -- [-5995.619] [...7 remote chains...] -- 0:33:07

      Average standard deviation of split frequencies: 0.007165

      2466000 -- [-6001.744] [...7 remote chains...] -- 0:33:07

      Average standard deviation of split frequencies: 0.007137

      2467000 -- (-6009.679) [...7 remote chains...] -- 0:33:06

      Average standard deviation of split frequencies: 0.007115

      2468000 -- (-6012.233) [...7 remote chains...] -- 0:33:06

      Average standard deviation of split frequencies: 0.007100

      2469000 -- (-5992.564) [...7 remote chains...] -- 0:33:05

      Average standard deviation of split frequencies: 0.007085

      2470000 -- [-5990.076] [...7 remote chains...] -- 0:33:04

      Average standard deviation of split frequencies: 0.007092

      2471000 -- (-6007.856) [...7 remote chains...] -- 0:33:03

      Average standard deviation of split frequencies: 0.007090

      2472000 -- (-5992.538) [...7 remote chains...] -- 0:33:02

      Average standard deviation of split frequencies: 0.007071

      2473000 -- [-5989.666] [...7 remote chains...] -- 0:33:02

      Average standard deviation of split frequencies: 0.007032

      2474000 -- [-6001.568] [...7 remote chains...] -- 0:33:01

      Average standard deviation of split frequencies: 0.007026

      2475000 -- (-6007.429) [...7 remote chains...] -- 0:33:01

      Average standard deviation of split frequencies: 0.007015

      2476000 -- (-6013.055) [...7 remote chains...] -- 0:33:00

      Average standard deviation of split frequencies: 0.007018

      2477000 -- [-5973.231] [...7 remote chains...] -- 0:33:00

      Average standard deviation of split frequencies: 0.007023

      2478000 -- (-6003.329) [...7 remote chains...] -- 0:32:59

      Average standard deviation of split frequencies: 0.007012

      2479000 -- (-6015.627) [...7 remote chains...] -- 0:32:58

      Average standard deviation of split frequencies: 0.006992

      2480000 -- (-6015.978) [...7 remote chains...] -- 0:32:57

      Average standard deviation of split frequencies: 0.007006

      2481000 -- (-6005.036) [...7 remote chains...] -- 0:32:56

      Average standard deviation of split frequencies: 0.007007

      2482000 -- [-5986.292] [...7 remote chains...] -- 0:32:56

      Average standard deviation of split frequencies: 0.006999

      2483000 -- [-5987.035] [...7 remote chains...] -- 0:32:55

      Average standard deviation of split frequencies: 0.007010

      2484000 -- [-6000.703] [...7 remote chains...] -- 0:32:55

      Average standard deviation of split frequencies: 0.006997

      2485000 -- [-5992.645] [...7 remote chains...] -- 0:32:54

      Average standard deviation of split frequencies: 0.006961

      2486000 -- (-6010.397) [...7 remote chains...] -- 0:32:53

      Average standard deviation of split frequencies: 0.006961

      2487000 -- [-6008.984] [...7 remote chains...] -- 0:32:53

      Average standard deviation of split frequencies: 0.006920

      2488000 -- [-5993.679] [...7 remote chains...] -- 0:32:51

      Average standard deviation of split frequencies: 0.006909

      2489000 -- [-5987.096] [...7 remote chains...] -- 0:32:51

      Average standard deviation of split frequencies: 0.006917

      2490000 -- (-6005.113) [...7 remote chains...] -- 0:32:50

      Average standard deviation of split frequencies: 0.006897

      2491000 -- (-6016.391) [...7 remote chains...] -- 0:32:50

      Average standard deviation of split frequencies: 0.006954

      2492000 -- [-5994.299] [...7 remote chains...] -- 0:32:49

      Average standard deviation of split frequencies: 0.006946

      2493000 -- (-6017.122) [...7 remote chains...] -- 0:32:48

      Average standard deviation of split frequencies: 0.006953

      2494000 -- [-5985.513] [...7 remote chains...] -- 0:32:48

      Average standard deviation of split frequencies: 0.006943

      2495000 -- [-5992.373] [...7 remote chains...] -- 0:32:46

      Average standard deviation of split frequencies: 0.006974

      2496000 -- (-5998.586) [...7 remote chains...] -- 0:32:46

      Average standard deviation of split frequencies: 0.006977

      2497000 -- [-5978.719] [...7 remote chains...] -- 0:32:45

      Average standard deviation of split frequencies: 0.006973

      2498000 -- (-6000.366) [...7 remote chains...] -- 0:32:45

      Average standard deviation of split frequencies: 0.006984

      2499000 -- (-5998.837) [...7 remote chains...] -- 0:32:44

      Average standard deviation of split frequencies: 0.007004

      2500000 -- (-6007.235) [...7 remote chains...] -- 0:32:43

      Average standard deviation of split frequencies: 0.007000

      2501000 -- (-6024.455) [...7 remote chains...] -- 0:32:42

      Average standard deviation of split frequencies: 0.007021

      2502000 -- [-6007.266] [...7 remote chains...] -- 0:32:41

      Average standard deviation of split frequencies: 0.007028

      2503000 -- (-6032.722) [...7 remote chains...] -- 0:32:41

      Average standard deviation of split frequencies: 0.007030

      2504000 -- [-5980.725] [...7 remote chains...] -- 0:32:40

      Average standard deviation of split frequencies: 0.007007

      2505000 -- [-5988.128] [...7 remote chains...] -- 0:32:39

      Average standard deviation of split frequencies: 0.006994

      2506000 -- [-6009.817] [...7 remote chains...] -- 0:32:38

      Average standard deviation of split frequencies: 0.007008

      2507000 -- [-5993.106] [...7 remote chains...] -- 0:32:38

      Average standard deviation of split frequencies: 0.006975

      2508000 -- [-5987.668] [...7 remote chains...] -- 0:32:37

      Average standard deviation of split frequencies: 0.006984

      2509000 -- [-6004.495] [...7 remote chains...] -- 0:32:36

      Average standard deviation of split frequencies: 0.006987

      2510000 -- [-5991.718] [...7 remote chains...] -- 0:32:35

      Average standard deviation of split frequencies: 0.006971

      2511000 -- (-6007.857) [...7 remote chains...] -- 0:32:34

      Average standard deviation of split frequencies: 0.006988

      2512000 -- [-6002.109] [...7 remote chains...] -- 0:32:34

      Average standard deviation of split frequencies: 0.006986

      2513000 -- (-6011.136) [...7 remote chains...] -- 0:32:33

      Average standard deviation of split frequencies: 0.006983

      2514000 -- (-6015.936) [...7 remote chains...] -- 0:32:33

      Average standard deviation of split frequencies: 0.006927

      2515000 -- (-6013.240) [...7 remote chains...] -- 0:32:31

      Average standard deviation of split frequencies: 0.006923

      2516000 -- (-6008.043) [...7 remote chains...] -- 0:32:30

      Average standard deviation of split frequencies: 0.006915

      2517000 -- (-6041.606) [...7 remote chains...] -- 0:32:30

      Average standard deviation of split frequencies: 0.006902

      2518000 -- (-6044.823) [...7 remote chains...] -- 0:32:29

      Average standard deviation of split frequencies: 0.006914

      2519000 -- (-6046.503) [...7 remote chains...] -- 0:32:28

      Average standard deviation of split frequencies: 0.006899

      2520000 -- [-6024.940] [...7 remote chains...] -- 0:32:27

      Average standard deviation of split frequencies: 0.006910

      2521000 -- (-6017.446) [...7 remote chains...] -- 0:32:27

      Average standard deviation of split frequencies: 0.006907

      2522000 -- (-6016.382) [...7 remote chains...] -- 0:32:26

      Average standard deviation of split frequencies: 0.006894

      2523000 -- (-6002.456) [...7 remote chains...] -- 0:32:25

      Average standard deviation of split frequencies: 0.006890

      2524000 -- (-6012.409) [...7 remote chains...] -- 0:32:24

      Average standard deviation of split frequencies: 0.006899

      2525000 -- (-6035.018) [...7 remote chains...] -- 0:32:23

      Average standard deviation of split frequencies: 0.006913

      2526000 -- (-6051.510) [...7 remote chains...] -- 0:32:23

      Average standard deviation of split frequencies: 0.006926

      2527000 -- (-6043.532) [...7 remote chains...] -- 0:32:22

      Average standard deviation of split frequencies: 0.006905

      2528000 -- (-6030.271) [...7 remote chains...] -- 0:32:22

      Average standard deviation of split frequencies: 0.006899

      2529000 -- (-6049.843) [...7 remote chains...] -- 0:32:20

      Average standard deviation of split frequencies: 0.006870

      2530000 -- (-6039.696) [...7 remote chains...] -- 0:32:19

      Average standard deviation of split frequencies: 0.006868

      2531000 -- (-6038.152) [...7 remote chains...] -- 0:32:19

      Average standard deviation of split frequencies: 0.006836

      2532000 -- (-6038.622) [...7 remote chains...] -- 0:32:18

      Average standard deviation of split frequencies: 0.006830

      2533000 -- (-6025.532) [...7 remote chains...] -- 0:32:18

      Average standard deviation of split frequencies: 0.006818

      2534000 -- (-6026.984) [...7 remote chains...] -- 0:32:17

      Average standard deviation of split frequencies: 0.006793

      2535000 -- (-6029.589) [...7 remote chains...] -- 0:32:16

      Average standard deviation of split frequencies: 0.006799

      2536000 -- (-6007.822) [...7 remote chains...] -- 0:32:15

      Average standard deviation of split frequencies: 0.006794

      2537000 -- (-6023.594) [...7 remote chains...] -- 0:32:14

      Average standard deviation of split frequencies: 0.006805

      2538000 -- (-6024.303) [...7 remote chains...] -- 0:32:14

      Average standard deviation of split frequencies: 0.006806

      2539000 -- (-6005.400) [...7 remote chains...] -- 0:32:13

      Average standard deviation of split frequencies: 0.006799

      2540000 -- (-6029.053) [...7 remote chains...] -- 0:32:12

      Average standard deviation of split frequencies: 0.006785

      2541000 -- (-6049.725) [...7 remote chains...] -- 0:32:11

      Average standard deviation of split frequencies: 0.006781

      2542000 -- (-6028.814) [...7 remote chains...] -- 0:32:11

      Average standard deviation of split frequencies: 0.006780

      2543000 -- (-6058.229) [...7 remote chains...] -- 0:32:10

      Average standard deviation of split frequencies: 0.006774

      2544000 -- (-6046.022) [...7 remote chains...] -- 0:32:08

      Average standard deviation of split frequencies: 0.006783

      2545000 -- (-6020.730) [...7 remote chains...] -- 0:32:08

      Average standard deviation of split frequencies: 0.006769

      2546000 -- (-6047.369) [...7 remote chains...] -- 0:32:07

      Average standard deviation of split frequencies: 0.006774

      2547000 -- (-6004.400) [...7 remote chains...] -- 0:32:07

      Average standard deviation of split frequencies: 0.006761

      2548000 -- (-6024.138) [...7 remote chains...] -- 0:32:06

      Average standard deviation of split frequencies: 0.006764

      2549000 -- (-6042.703) [...7 remote chains...] -- 0:32:05

      Average standard deviation of split frequencies: 0.006752

      2550000 -- (-6034.613) [...7 remote chains...] -- 0:32:04

      Average standard deviation of split frequencies: 0.006752

      2551000 -- (-6015.750) [...7 remote chains...] -- 0:32:03

      Average standard deviation of split frequencies: 0.006735

      2552000 -- (-6022.258) [...7 remote chains...] -- 0:32:03

      Average standard deviation of split frequencies: 0.006742

      2553000 -- [-6008.743] [...7 remote chains...] -- 0:32:02

      Average standard deviation of split frequencies: 0.006760

      2554000 -- (-5999.645) [...7 remote chains...] -- 0:32:01

      Average standard deviation of split frequencies: 0.006748

      2555000 -- (-5992.798) [...7 remote chains...] -- 0:32:00

      Average standard deviation of split frequencies: 0.006723

      2556000 -- [-6009.397] [...7 remote chains...] -- 0:32:00

      Average standard deviation of split frequencies: 0.006723

      2557000 -- (-6008.115) [...7 remote chains...] -- 0:31:59

      Average standard deviation of split frequencies: 0.006720

      2558000 -- (-6013.493) [...7 remote chains...] -- 0:31:58

      Average standard deviation of split frequencies: 0.006729

      2559000 -- (-6014.327) [...7 remote chains...] -- 0:31:57

      Average standard deviation of split frequencies: 0.006770

      2560000 -- [-6003.540] [...7 remote chains...] -- 0:31:56

      Average standard deviation of split frequencies: 0.006777

      2561000 -- (-5994.326) [...7 remote chains...] -- 0:31:56

      Average standard deviation of split frequencies: 0.006780

      2562000 -- [-5993.284] [...7 remote chains...] -- 0:31:55

      Average standard deviation of split frequencies: 0.006774

      2563000 -- (-6018.993) [...7 remote chains...] -- 0:31:54

      Average standard deviation of split frequencies: 0.006748

      2564000 -- (-5998.304) [...7 remote chains...] -- 0:31:53

      Average standard deviation of split frequencies: 0.006741

      2565000 -- (-6010.582) [...7 remote chains...] -- 0:31:52

      Average standard deviation of split frequencies: 0.006744

      2566000 -- [-5996.922] [...7 remote chains...] -- 0:31:52

      Average standard deviation of split frequencies: 0.006753

      2567000 -- [-5992.821] [...7 remote chains...] -- 0:31:51

      Average standard deviation of split frequencies: 0.006734

      2568000 -- (-6028.402) [...7 remote chains...] -- 0:31:50

      Average standard deviation of split frequencies: 0.006749

      2569000 -- (-6019.961) [...7 remote chains...] -- 0:31:49

      Average standard deviation of split frequencies: 0.006733

      2570000 -- (-6029.851) [...7 remote chains...] -- 0:31:49

      Average standard deviation of split frequencies: 0.006740

      2571000 -- (-6072.730) [...7 remote chains...] -- 0:31:48

      Average standard deviation of split frequencies: 0.006740

      2572000 -- (-6053.744) [...7 remote chains...] -- 0:31:47

      Average standard deviation of split frequencies: 0.006743

      2573000 -- (-6050.023) [...7 remote chains...] -- 0:31:47

      Average standard deviation of split frequencies: 0.006782

      2574000 -- (-6055.827) [...7 remote chains...] -- 0:31:46

      Average standard deviation of split frequencies: 0.006770

      2575000 -- (-6063.395) [...7 remote chains...] -- 0:31:46

      Average standard deviation of split frequencies: 0.006761

      2576000 -- (-6045.809) [...7 remote chains...] -- 0:31:45

      Average standard deviation of split frequencies: 0.006749

      2577000 -- (-6022.712) [...7 remote chains...] -- 0:31:44

      Average standard deviation of split frequencies: 0.006744

      2578000 -- (-6018.177) [...7 remote chains...] -- 0:31:44

      Average standard deviation of split frequencies: 0.006721

      2579000 -- (-6012.853) [...7 remote chains...] -- 0:31:42

      Average standard deviation of split frequencies: 0.006716

      2580000 -- (-6008.355) [...7 remote chains...] -- 0:31:42

      Average standard deviation of split frequencies: 0.006723

      2581000 -- [-5986.541] [...7 remote chains...] -- 0:31:41

      Average standard deviation of split frequencies: 0.006709

      2582000 -- (-5996.441) [...7 remote chains...] -- 0:31:41

      Average standard deviation of split frequencies: 0.006697

      2583000 -- (-6008.646) [...7 remote chains...] -- 0:31:40

      Average standard deviation of split frequencies: 0.006669

      2584000 -- (-6011.339) [...7 remote chains...] -- 0:31:39

      Average standard deviation of split frequencies: 0.006680

      2585000 -- (-6010.409) [...7 remote chains...] -- 0:31:39

      Average standard deviation of split frequencies: 0.006706

      2586000 -- (-6007.867) [...7 remote chains...] -- 0:31:38

      Average standard deviation of split frequencies: 0.006714

      2587000 -- (-6010.827) [...7 remote chains...] -- 0:31:37

      Average standard deviation of split frequencies: 0.006712

      2588000 -- (-6021.306) [...7 remote chains...] -- 0:31:36

      Average standard deviation of split frequencies: 0.006719

      2589000 -- (-6029.606) [...7 remote chains...] -- 0:31:36

      Average standard deviation of split frequencies: 0.006699

      2590000 -- (-6039.759) [...7 remote chains...] -- 0:31:35

      Average standard deviation of split frequencies: 0.006704

      2591000 -- (-6041.275) [...7 remote chains...] -- 0:31:34

      Average standard deviation of split frequencies: 0.006697

      2592000 -- (-6041.167) [...7 remote chains...] -- 0:31:33

      Average standard deviation of split frequencies: 0.006707

      2593000 -- (-6035.519) [...7 remote chains...] -- 0:31:32

      Average standard deviation of split frequencies: 0.006701

      2594000 -- (-6015.427) [...7 remote chains...] -- 0:31:32

      Average standard deviation of split frequencies: 0.006719

      2595000 -- (-6025.656) [...7 remote chains...] -- 0:31:31

      Average standard deviation of split frequencies: 0.006758

      2596000 -- (-6014.571) [...7 remote chains...] -- 0:31:30

      Average standard deviation of split frequencies: 0.006780

      2597000 -- (-6031.356) [...7 remote chains...] -- 0:31:29

      Average standard deviation of split frequencies: 0.006772

      2598000 -- (-6033.799) [...7 remote chains...] -- 0:31:28

      Average standard deviation of split frequencies: 0.006750

      2599000 -- (-6032.892) [...7 remote chains...] -- 0:31:28

      Average standard deviation of split frequencies: 0.006750

      2600000 -- (-6020.318) [...7 remote chains...] -- 0:31:27

      Average standard deviation of split frequencies: 0.006725

      2601000 -- (-6022.826) [...7 remote chains...] -- 0:31:27

      Average standard deviation of split frequencies: 0.006728

      2602000 -- (-6035.244) [...7 remote chains...] -- 0:31:25

      Average standard deviation of split frequencies: 0.006718

      2603000 -- (-6024.450) [...7 remote chains...] -- 0:31:25

      Average standard deviation of split frequencies: 0.006767

      2604000 -- (-6058.973) [...7 remote chains...] -- 0:31:24

      Average standard deviation of split frequencies: 0.006776

      2605000 -- (-6037.840) [...7 remote chains...] -- 0:31:23

      Average standard deviation of split frequencies: 0.006756

      2606000 -- (-6018.416) [...7 remote chains...] -- 0:31:23

      Average standard deviation of split frequencies: 0.006780

      2607000 -- (-6028.656) [...7 remote chains...] -- 0:31:21

      Average standard deviation of split frequencies: 0.006790

      2608000 -- (-6026.805) [...7 remote chains...] -- 0:31:21

      Average standard deviation of split frequencies: 0.006795

      2609000 -- [-5991.051] [...7 remote chains...] -- 0:31:20

      Average standard deviation of split frequencies: 0.006792

      2610000 -- (-6023.877) [...7 remote chains...] -- 0:31:19

      Average standard deviation of split frequencies: 0.006810

      2611000 -- (-6035.472) [...7 remote chains...] -- 0:31:19

      Average standard deviation of split frequencies: 0.006843

      2612000 -- (-6052.406) [...7 remote chains...] -- 0:31:18

      Average standard deviation of split frequencies: 0.006821

      2613000 -- (-6068.289) [...7 remote chains...] -- 0:31:18

      Average standard deviation of split frequencies: 0.006807

      2614000 -- (-6061.303) [...7 remote chains...] -- 0:31:16

      Average standard deviation of split frequencies: 0.006818

      2615000 -- (-6037.700) [...7 remote chains...] -- 0:31:16

      Average standard deviation of split frequencies: 0.006799

      2616000 -- (-6017.614) [...7 remote chains...] -- 0:31:15

      Average standard deviation of split frequencies: 0.006808

      2617000 -- (-5988.049) [...7 remote chains...] -- 0:31:14

      Average standard deviation of split frequencies: 0.006799

      2618000 -- (-6005.614) [...7 remote chains...] -- 0:31:13

      Average standard deviation of split frequencies: 0.006778

      2619000 -- (-6024.800) [...7 remote chains...] -- 0:31:12

      Average standard deviation of split frequencies: 0.006772

      2620000 -- (-6012.776) [...7 remote chains...] -- 0:31:12

      Average standard deviation of split frequencies: 0.006756

      2621000 -- (-6004.475) [...7 remote chains...] -- 0:31:11

      Average standard deviation of split frequencies: 0.006723

      2622000 -- (-6007.795) [...7 remote chains...] -- 0:31:11

      Average standard deviation of split frequencies: 0.006728

      2623000 -- (-6009.277) [...7 remote chains...] -- 0:31:09

      Average standard deviation of split frequencies: 0.006768

      2624000 -- [-5997.851] [...7 remote chains...] -- 0:31:08

      Average standard deviation of split frequencies: 0.006779

      2625000 -- (-6005.843) [...7 remote chains...] -- 0:31:08

      Average standard deviation of split frequencies: 0.006797

      2626000 -- (-5996.812) [...7 remote chains...] -- 0:31:07

      Average standard deviation of split frequencies: 0.006797

      2627000 -- [-5987.933] [...7 remote chains...] -- 0:31:07

      Average standard deviation of split frequencies: 0.006768

      2628000 -- (-5994.014) [...7 remote chains...] -- 0:31:05

      Average standard deviation of split frequencies: 0.006775

      2629000 -- [-5975.661] [...7 remote chains...] -- 0:31:05

      Average standard deviation of split frequencies: 0.006765

      2630000 -- [-5980.345] [...7 remote chains...] -- 0:31:04

      Average standard deviation of split frequencies: 0.006772

      2631000 -- [-5991.732] [...7 remote chains...] -- 0:31:03

      Average standard deviation of split frequencies: 0.006737

      2632000 -- (-5998.505) [...7 remote chains...] -- 0:31:03

      Average standard deviation of split frequencies: 0.006723

      2633000 -- [-6016.252] [...7 remote chains...] -- 0:31:01

      Average standard deviation of split frequencies: 0.006707

      2634000 -- [-6012.764] [...7 remote chains...] -- 0:31:01

      Average standard deviation of split frequencies: 0.006718

      2635000 -- (-6028.067) [...7 remote chains...] -- 0:31:00

      Average standard deviation of split frequencies: 0.006716

      2636000 -- (-6023.809) [...7 remote chains...] -- 0:30:59

      Average standard deviation of split frequencies: 0.006736

      2637000 -- (-6020.024) [...7 remote chains...] -- 0:30:58

      Average standard deviation of split frequencies: 0.006757

      2638000 -- (-6042.012) [...7 remote chains...] -- 0:30:57

      Average standard deviation of split frequencies: 0.006752

      2639000 -- [-6025.439] [...7 remote chains...] -- 0:30:57

      Average standard deviation of split frequencies: 0.006733

      2640000 -- (-6019.112) [...7 remote chains...] -- 0:30:56

      Average standard deviation of split frequencies: 0.006734

      2641000 -- (-6012.145) [...7 remote chains...] -- 0:30:56

      Average standard deviation of split frequencies: 0.006724

      2642000 -- (-6003.621) [...7 remote chains...] -- 0:30:54

      Average standard deviation of split frequencies: 0.006742

      2643000 -- [-5986.079] [...7 remote chains...] -- 0:30:54

      Average standard deviation of split frequencies: 0.006752

      2644000 -- (-6003.850) [...7 remote chains...] -- 0:30:53

      Average standard deviation of split frequencies: 0.006768

      2645000 -- (-6029.551) [...7 remote chains...] -- 0:30:52

      Average standard deviation of split frequencies: 0.006768

      2646000 -- (-6020.396) [...7 remote chains...] -- 0:30:52

      Average standard deviation of split frequencies: 0.006769

      2647000 -- (-6012.917) [...7 remote chains...] -- 0:30:51

      Average standard deviation of split frequencies: 0.006748

      2648000 -- (-6004.525) [...7 remote chains...] -- 0:30:50

      Average standard deviation of split frequencies: 0.006734

      2649000 -- (-6019.732) [...7 remote chains...] -- 0:30:49

      Average standard deviation of split frequencies: 0.006725

      2650000 -- (-6013.005) [...7 remote chains...] -- 0:30:48

      Average standard deviation of split frequencies: 0.006740

      2651000 -- (-6009.348) [...7 remote chains...] -- 0:30:48

      Average standard deviation of split frequencies: 0.006719

      2652000 -- (-6002.430) [...7 remote chains...] -- 0:30:47

      Average standard deviation of split frequencies: 0.006703

      2653000 -- (-6001.311) [...7 remote chains...] -- 0:30:47

      Average standard deviation of split frequencies: 0.006740

      2654000 -- [-5994.409] [...7 remote chains...] -- 0:30:46

      Average standard deviation of split frequencies: 0.006742

      2655000 -- (-5990.824) [...7 remote chains...] -- 0:30:45

      Average standard deviation of split frequencies: 0.006753

      2656000 -- [-5976.339] [...7 remote chains...] -- 0:30:45

      Average standard deviation of split frequencies: 0.006770

      2657000 -- [-5988.291] [...7 remote chains...] -- 0:30:44

      Average standard deviation of split frequencies: 0.006787

      2658000 -- (-6031.880) [...7 remote chains...] -- 0:30:43

      Average standard deviation of split frequencies: 0.006809

      2659000 -- (-6028.971) [...7 remote chains...] -- 0:30:42

      Average standard deviation of split frequencies: 0.006873

      2660000 -- (-6039.433) [...7 remote chains...] -- 0:30:42

      Average standard deviation of split frequencies: 0.006899

      2661000 -- (-6037.976) [...7 remote chains...] -- 0:30:41

      Average standard deviation of split frequencies: 0.006903

      2662000 -- (-6032.394) [...7 remote chains...] -- 0:30:40

      Average standard deviation of split frequencies: 0.006872

      2663000 -- (-6024.418) [...7 remote chains...] -- 0:30:40

      Average standard deviation of split frequencies: 0.006881

      2664000 -- (-6024.975) [...7 remote chains...] -- 0:30:39

      Average standard deviation of split frequencies: 0.006869

      2665000 -- (-6041.480) [...7 remote chains...] -- 0:30:39

      Average standard deviation of split frequencies: 0.006882

      2666000 -- (-6024.627) [...7 remote chains...] -- 0:30:38

      Average standard deviation of split frequencies: 0.006900

      2667000 -- (-6017.861) [...7 remote chains...] -- 0:30:37

      Average standard deviation of split frequencies: 0.006873

      2668000 -- (-6028.947) [...7 remote chains...] -- 0:30:36

      Average standard deviation of split frequencies: 0.006866

      2669000 -- (-6023.590) [...7 remote chains...] -- 0:30:35

      Average standard deviation of split frequencies: 0.006864

      2670000 -- (-6035.692) [...7 remote chains...] -- 0:30:35

      Average standard deviation of split frequencies: 0.006867

      2671000 -- (-6039.874) [...7 remote chains...] -- 0:30:34

      Average standard deviation of split frequencies: 0.006896

      2672000 -- (-6041.791) [...7 remote chains...] -- 0:30:33

      Average standard deviation of split frequencies: 0.006873

      2673000 -- (-6042.997) [...7 remote chains...] -- 0:30:33

      Average standard deviation of split frequencies: 0.006886

      2674000 -- (-6044.914) [...7 remote chains...] -- 0:30:32

      Average standard deviation of split frequencies: 0.006893

      2675000 -- (-6031.173) [...7 remote chains...] -- 0:30:32

      Average standard deviation of split frequencies: 0.006911

      2676000 -- (-6027.953) [...7 remote chains...] -- 0:30:31

      Average standard deviation of split frequencies: 0.006928

      2677000 -- (-6024.799) [...7 remote chains...] -- 0:30:30

      Average standard deviation of split frequencies: 0.006933

      2678000 -- (-6039.329) [...7 remote chains...] -- 0:30:29

      Average standard deviation of split frequencies: 0.006934

      2679000 -- (-6044.032) [...7 remote chains...] -- 0:30:28

      Average standard deviation of split frequencies: 0.006966

      2680000 -- (-6047.397) [...7 remote chains...] -- 0:30:28

      Average standard deviation of split frequencies: 0.006973

      2681000 -- (-6044.975) [...7 remote chains...] -- 0:30:27

      Average standard deviation of split frequencies: 0.006972

      2682000 -- (-6041.184) [...7 remote chains...] -- 0:30:27

      Average standard deviation of split frequencies: 0.006956

      2683000 -- (-6047.422) [...7 remote chains...] -- 0:30:26

      Average standard deviation of split frequencies: 0.006929

      2684000 -- (-6052.338) [...7 remote chains...] -- 0:30:25

      Average standard deviation of split frequencies: 0.006920

      2685000 -- (-6029.907) [...7 remote chains...] -- 0:30:25

      Average standard deviation of split frequencies: 0.006902

      2686000 -- (-6022.435) [...7 remote chains...] -- 0:30:23

      Average standard deviation of split frequencies: 0.006870

      2687000 -- (-6016.104) [...7 remote chains...] -- 0:30:23

      Average standard deviation of split frequencies: 0.006868

      2688000 -- (-6015.974) [...7 remote chains...] -- 0:30:22

      Average standard deviation of split frequencies: 0.006859

      2689000 -- (-6030.722) [...7 remote chains...] -- 0:30:21

      Average standard deviation of split frequencies: 0.006867

      2690000 -- (-6049.693) [...7 remote chains...] -- 0:30:21

      Average standard deviation of split frequencies: 0.006838

      2691000 -- (-6030.069) [...7 remote chains...] -- 0:30:20

      Average standard deviation of split frequencies: 0.006827

      2692000 -- (-6026.436) [...7 remote chains...] -- 0:30:20

      Average standard deviation of split frequencies: 0.006820

      2693000 -- (-6025.869) [...7 remote chains...] -- 0:30:19

      Average standard deviation of split frequencies: 0.006798

      2694000 -- (-6024.910) [...7 remote chains...] -- 0:30:18

      Average standard deviation of split frequencies: 0.006807

      2695000 -- (-6024.867) [...7 remote chains...] -- 0:30:18

      Average standard deviation of split frequencies: 0.006766

      2696000 -- (-6024.240) [...7 remote chains...] -- 0:30:16

      Average standard deviation of split frequencies: 0.006773

      2697000 -- (-6025.698) [...7 remote chains...] -- 0:30:16

      Average standard deviation of split frequencies: 0.006782

      2698000 -- (-6060.785) [...7 remote chains...] -- 0:30:15

      Average standard deviation of split frequencies: 0.006781

      2699000 -- (-6012.971) [...7 remote chains...] -- 0:30:15

      Average standard deviation of split frequencies: 0.006789

      2700000 -- (-6048.283) [...7 remote chains...] -- 0:30:14

      Average standard deviation of split frequencies: 0.006806

      2701000 -- (-6045.312) [...7 remote chains...] -- 0:30:12

      Average standard deviation of split frequencies: 0.006809

      2702000 -- (-6021.601) [...7 remote chains...] -- 0:30:12

      Average standard deviation of split frequencies: 0.006801

      2703000 -- (-6028.781) [...7 remote chains...] -- 0:30:11

      Average standard deviation of split frequencies: 0.006760

      2704000 -- (-6012.121) [...7 remote chains...] -- 0:30:11

      Average standard deviation of split frequencies: 0.006771

      2705000 -- (-6009.830) [...7 remote chains...] -- 0:30:10

      Average standard deviation of split frequencies: 0.006775

      2706000 -- (-6003.962) [...7 remote chains...] -- 0:30:09

      Average standard deviation of split frequencies: 0.006840

      2707000 -- [-5998.855] [...7 remote chains...] -- 0:30:08

      Average standard deviation of split frequencies: 0.006834

      2708000 -- (-5993.486) [...7 remote chains...] -- 0:30:07

      Average standard deviation of split frequencies: 0.006859

      2709000 -- (-6003.359) [...7 remote chains...] -- 0:30:07

      Average standard deviation of split frequencies: 0.006847

      2710000 -- (-5999.683) [...7 remote chains...] -- 0:30:06

      Average standard deviation of split frequencies: 0.006850

      2711000 -- [-5990.153] [...7 remote chains...] -- 0:30:05

      Average standard deviation of split frequencies: 0.006852

      2712000 -- (-6016.449) [...7 remote chains...] -- 0:30:04

      Average standard deviation of split frequencies: 0.006832

      2713000 -- (-6030.581) [...7 remote chains...] -- 0:30:03

      Average standard deviation of split frequencies: 0.006827

      2714000 -- (-6048.202) [...7 remote chains...] -- 0:30:03

      Average standard deviation of split frequencies: 0.006826

      2715000 -- (-6045.876) [...7 remote chains...] -- 0:30:02

      Average standard deviation of split frequencies: 0.006811

      2716000 -- (-6031.469) [...7 remote chains...] -- 0:30:01

      Average standard deviation of split frequencies: 0.006824

      2717000 -- (-6028.892) [...7 remote chains...] -- 0:30:00

      Average standard deviation of split frequencies: 0.006831

      2718000 -- (-6021.475) [...7 remote chains...] -- 0:30:00

      Average standard deviation of split frequencies: 0.006809

      2719000 -- (-6019.618) [...7 remote chains...] -- 0:29:59

      Average standard deviation of split frequencies: 0.006752

      2720000 -- (-6058.396) [...7 remote chains...] -- 0:29:58

      Average standard deviation of split frequencies: 0.006752

      2721000 -- (-6040.553) [...7 remote chains...] -- 0:29:57

      Average standard deviation of split frequencies: 0.006700

      2722000 -- (-6032.759) [...7 remote chains...] -- 0:29:56

      Average standard deviation of split frequencies: 0.006703

      2723000 -- (-6032.597) [...7 remote chains...] -- 0:29:56

      Average standard deviation of split frequencies: 0.006684

      2724000 -- (-6048.604) [...7 remote chains...] -- 0:29:55

      Average standard deviation of split frequencies: 0.006695

      2725000 -- (-6063.574) [...7 remote chains...] -- 0:29:54

      Average standard deviation of split frequencies: 0.006708

      2726000 -- (-6033.254) [...7 remote chains...] -- 0:29:53

      Average standard deviation of split frequencies: 0.006726

      2727000 -- (-6025.912) [...7 remote chains...] -- 0:29:52

      Average standard deviation of split frequencies: 0.006700

      2728000 -- (-6046.455) [...7 remote chains...] -- 0:29:52

      Average standard deviation of split frequencies: 0.006741

      2729000 -- (-6020.629) [...7 remote chains...] -- 0:29:51

      Average standard deviation of split frequencies: 0.006740

      2730000 -- (-6042.757) [...7 remote chains...] -- 0:29:50

      Average standard deviation of split frequencies: 0.006752

      2731000 -- (-6034.913) [...7 remote chains...] -- 0:29:49

      Average standard deviation of split frequencies: 0.006750

      2732000 -- (-6026.134) [...7 remote chains...] -- 0:29:48

      Average standard deviation of split frequencies: 0.006733

      2733000 -- (-6038.780) [...7 remote chains...] -- 0:29:48

      Average standard deviation of split frequencies: 0.006746

      2734000 -- (-6042.817) [...7 remote chains...] -- 0:29:47

      Average standard deviation of split frequencies: 0.006737

      2735000 -- (-6039.980) [...7 remote chains...] -- 0:29:46

      Average standard deviation of split frequencies: 0.006703

      2736000 -- (-6042.921) [...7 remote chains...] -- 0:29:45

      Average standard deviation of split frequencies: 0.006703

      2737000 -- (-6017.537) [...7 remote chains...] -- 0:29:45

      Average standard deviation of split frequencies: 0.006698

      2738000 -- (-6031.423) [...7 remote chains...] -- 0:29:44

      Average standard deviation of split frequencies: 0.006711

      2739000 -- (-6046.228) [...7 remote chains...] -- 0:29:43

      Average standard deviation of split frequencies: 0.006701

      2740000 -- (-6015.972) [...7 remote chains...] -- 0:29:42

      Average standard deviation of split frequencies: 0.006709

      2741000 -- (-6012.982) [...7 remote chains...] -- 0:29:41

      Average standard deviation of split frequencies: 0.006702

      2742000 -- (-6022.448) [...7 remote chains...] -- 0:29:41

      Average standard deviation of split frequencies: 0.006701

      2743000 -- (-6017.095) [...7 remote chains...] -- 0:29:40

      Average standard deviation of split frequencies: 0.006673

      2744000 -- [-6008.047] [...7 remote chains...] -- 0:29:39

      Average standard deviation of split frequencies: 0.006668

      2745000 -- (-6012.924) [...7 remote chains...] -- 0:29:38

      Average standard deviation of split frequencies: 0.006651

      2746000 -- (-6023.221) [...7 remote chains...] -- 0:29:37

      Average standard deviation of split frequencies: 0.006677

      2747000 -- (-5991.570) [...7 remote chains...] -- 0:29:37

      Average standard deviation of split frequencies: 0.006699

      2748000 -- (-6006.549) [...7 remote chains...] -- 0:29:36

      Average standard deviation of split frequencies: 0.006698

      2749000 -- (-6011.777) [...7 remote chains...] -- 0:29:35

      Average standard deviation of split frequencies: 0.006667

      2750000 -- (-6044.914) [...7 remote chains...] -- 0:29:34

      Average standard deviation of split frequencies: 0.006642

      2751000 -- (-6009.972) [...7 remote chains...] -- 0:29:34

      Average standard deviation of split frequencies: 0.006642

      2752000 -- (-6008.728) [...7 remote chains...] -- 0:29:33

      Average standard deviation of split frequencies: 0.006639

      2753000 -- (-6032.027) [...7 remote chains...] -- 0:29:32

      Average standard deviation of split frequencies: 0.006598

      2754000 -- (-6048.019) [...7 remote chains...] -- 0:29:31

      Average standard deviation of split frequencies: 0.006618

      2755000 -- (-6022.743) [...7 remote chains...] -- 0:29:30

      Average standard deviation of split frequencies: 0.006676

      2756000 -- (-6003.007) [...7 remote chains...] -- 0:29:30

      Average standard deviation of split frequencies: 0.006712

      2757000 -- [-6002.565] [...7 remote chains...] -- 0:29:29

      Average standard deviation of split frequencies: 0.006703

      2758000 -- (-6007.316) [...7 remote chains...] -- 0:29:28

      Average standard deviation of split frequencies: 0.006717

      2759000 -- [-6005.865] [...7 remote chains...] -- 0:29:27

      Average standard deviation of split frequencies: 0.006731

      2760000 -- (-6009.974) [...7 remote chains...] -- 0:29:26

      Average standard deviation of split frequencies: 0.006769

      2761000 -- [-5991.611] [...7 remote chains...] -- 0:29:26

      Average standard deviation of split frequencies: 0.006774

      2762000 -- (-6017.644) [...7 remote chains...] -- 0:29:25

      Average standard deviation of split frequencies: 0.006804

      2763000 -- [-6004.643] [...7 remote chains...] -- 0:29:24

      Average standard deviation of split frequencies: 0.006782

      2764000 -- [-5990.029] [...7 remote chains...] -- 0:29:23

      Average standard deviation of split frequencies: 0.006785

      2765000 -- [-6002.972] [...7 remote chains...] -- 0:29:22

      Average standard deviation of split frequencies: 0.006800

      2766000 -- (-5994.441) [...7 remote chains...] -- 0:29:22

      Average standard deviation of split frequencies: 0.006824

      2767000 -- [-5990.419] [...7 remote chains...] -- 0:29:21

      Average standard deviation of split frequencies: 0.006852

      2768000 -- [-5991.144] [...7 remote chains...] -- 0:29:21

      Average standard deviation of split frequencies: 0.006870

      2769000 -- (-5986.002) [...7 remote chains...] -- 0:29:19

      Average standard deviation of split frequencies: 0.006851

      2770000 -- [-5993.006] [...7 remote chains...] -- 0:29:19

      Average standard deviation of split frequencies: 0.006859

      2771000 -- [-5986.581] [...7 remote chains...] -- 0:29:18

      Average standard deviation of split frequencies: 0.006853

      2772000 -- [-5974.838] [...7 remote chains...] -- 0:29:17

      Average standard deviation of split frequencies: 0.006854

      2773000 -- [-5984.056] [...7 remote chains...] -- 0:29:17

      Average standard deviation of split frequencies: 0.006869

      2774000 -- [-5990.415] [...7 remote chains...] -- 0:29:15

      Average standard deviation of split frequencies: 0.006881

      2775000 -- (-6004.038) [...7 remote chains...] -- 0:29:15

      Average standard deviation of split frequencies: 0.006904

      2776000 -- (-6012.127) [...7 remote chains...] -- 0:29:14

      Average standard deviation of split frequencies: 0.006921

      2777000 -- (-6007.461) [...7 remote chains...] -- 0:29:13

      Average standard deviation of split frequencies: 0.006927

      2778000 -- (-6024.307) [...7 remote chains...] -- 0:29:13

      Average standard deviation of split frequencies: 0.006942

      2779000 -- (-6063.271) [...7 remote chains...] -- 0:29:11

      Average standard deviation of split frequencies: 0.006955

      2780000 -- (-6037.467) [...7 remote chains...] -- 0:29:11

      Average standard deviation of split frequencies: 0.006946

      2781000 -- (-6038.939) [...7 remote chains...] -- 0:29:10

      Average standard deviation of split frequencies: 0.006943

      2782000 -- (-6028.381) [...7 remote chains...] -- 0:29:10

      Average standard deviation of split frequencies: 0.006936

      2783000 -- (-6017.551) [...7 remote chains...] -- 0:29:09

      Average standard deviation of split frequencies: 0.006883

      2784000 -- (-6028.059) [...7 remote chains...] -- 0:29:07

      Average standard deviation of split frequencies: 0.006885

      2785000 -- [-6026.265] [...7 remote chains...] -- 0:29:07

      Average standard deviation of split frequencies: 0.006896

      2786000 -- (-6025.849) [...7 remote chains...] -- 0:29:06

      Average standard deviation of split frequencies: 0.006896

      2787000 -- (-6002.392) [...7 remote chains...] -- 0:29:06

      Average standard deviation of split frequencies: 0.006888

      2788000 -- (-5997.911) [...7 remote chains...] -- 0:29:05

      Average standard deviation of split frequencies: 0.006871

      2789000 -- (-6006.787) [...7 remote chains...] -- 0:29:04

      Average standard deviation of split frequencies: 0.006878

      2790000 -- (-6018.426) [...7 remote chains...] -- 0:29:03

      Average standard deviation of split frequencies: 0.006886

      2791000 -- [-5990.233] [...7 remote chains...] -- 0:29:02

      Average standard deviation of split frequencies: 0.006902

      2792000 -- [-5990.607] [...7 remote chains...] -- 0:29:02

      Average standard deviation of split frequencies: 0.006903

      2793000 -- [-5988.625] [...7 remote chains...] -- 0:29:01

      Average standard deviation of split frequencies: 0.006915

      2794000 -- (-6005.955) [...7 remote chains...] -- 0:29:00

      Average standard deviation of split frequencies: 0.006925

      2795000 -- [-5987.587] [...7 remote chains...] -- 0:28:59

      Average standard deviation of split frequencies: 0.006894

      2796000 -- (-5997.771) [...7 remote chains...] -- 0:28:58

      Average standard deviation of split frequencies: 0.006916

      2797000 -- (-6005.998) [...7 remote chains...] -- 0:28:58

      Average standard deviation of split frequencies: 0.006899

      2798000 -- (-6035.486) [...7 remote chains...] -- 0:28:57

      Average standard deviation of split frequencies: 0.006917

      2799000 -- (-6021.269) [...7 remote chains...] -- 0:28:56

      Average standard deviation of split frequencies: 0.006925

      2800000 -- (-6037.654) [...7 remote chains...] -- 0:28:55

      Average standard deviation of split frequencies: 0.006930

      2801000 -- (-6008.331) [...7 remote chains...] -- 0:28:55

      Average standard deviation of split frequencies: 0.006920

      2802000 -- [-5994.832] [...7 remote chains...] -- 0:28:54

      Average standard deviation of split frequencies: 0.006911

      2803000 -- (-5990.414) [...7 remote chains...] -- 0:28:53

      Average standard deviation of split frequencies: 0.006905

      2804000 -- [-6000.449] [...7 remote chains...] -- 0:28:52

      Average standard deviation of split frequencies: 0.006889

      2805000 -- (-5998.442) [...7 remote chains...] -- 0:28:51

      Average standard deviation of split frequencies: 0.006899

      2806000 -- (-6000.939) [...7 remote chains...] -- 0:28:51

      Average standard deviation of split frequencies: 0.006890

      2807000 -- (-5993.850) [...7 remote chains...] -- 0:28:50

      Average standard deviation of split frequencies: 0.006826

      2808000 -- (-5994.733) [...7 remote chains...] -- 0:28:49

      Average standard deviation of split frequencies: 0.006819

      2809000 -- (-6008.905) [...7 remote chains...] -- 0:28:48

      Average standard deviation of split frequencies: 0.006845

      2810000 -- (-6005.916) [...7 remote chains...] -- 0:28:47

      Average standard deviation of split frequencies: 0.006866

      2811000 -- [-6000.464] [...7 remote chains...] -- 0:28:47

      Average standard deviation of split frequencies: 0.006897

      2812000 -- [-6005.702] [...7 remote chains...] -- 0:28:46

      Average standard deviation of split frequencies: 0.006910

      2813000 -- [-6007.677] [...7 remote chains...] -- 0:28:45

      Average standard deviation of split frequencies: 0.006877

      2814000 -- [-5996.267] [...7 remote chains...] -- 0:28:44

      Average standard deviation of split frequencies: 0.006893

      2815000 -- [-5992.698] [...7 remote chains...] -- 0:28:43

      Average standard deviation of split frequencies: 0.006855

      2816000 -- [-5987.514] [...7 remote chains...] -- 0:28:43

      Average standard deviation of split frequencies: 0.006828

      2817000 -- (-5999.965) [...7 remote chains...] -- 0:28:42

      Average standard deviation of split frequencies: 0.006794

      2818000 -- [-5985.438] [...7 remote chains...] -- 0:28:42

      Average standard deviation of split frequencies: 0.006781

      2819000 -- [-5979.572] [...7 remote chains...] -- 0:28:40

      Average standard deviation of split frequencies: 0.006772

      2820000 -- [-5975.820] [...7 remote chains...] -- 0:28:40

      Average standard deviation of split frequencies: 0.006765

      2821000 -- [-5992.155] [...7 remote chains...] -- 0:28:39

      Average standard deviation of split frequencies: 0.006763

      2822000 -- [-5988.129] [...7 remote chains...] -- 0:28:38

      Average standard deviation of split frequencies: 0.006768

      2823000 -- (-6011.529) [...7 remote chains...] -- 0:28:38

      Average standard deviation of split frequencies: 0.006766

      2824000 -- (-6025.867) [...7 remote chains...] -- 0:28:36

      Average standard deviation of split frequencies: 0.006759

      2825000 -- (-6041.510) [...7 remote chains...] -- 0:28:36

      Average standard deviation of split frequencies: 0.006744

      2826000 -- (-6032.323) [...7 remote chains...] -- 0:28:35

      Average standard deviation of split frequencies: 0.006737

      2827000 -- (-6024.261) [...7 remote chains...] -- 0:28:34

      Average standard deviation of split frequencies: 0.006704

      2828000 -- (-6023.856) [...7 remote chains...] -- 0:28:33

      Average standard deviation of split frequencies: 0.006666

      2829000 -- (-6010.861) [...7 remote chains...] -- 0:28:32

      Average standard deviation of split frequencies: 0.006650

      2830000 -- (-6032.888) [...7 remote chains...] -- 0:28:32

      Average standard deviation of split frequencies: 0.006672

      2831000 -- (-6037.609) [...7 remote chains...] -- 0:28:31

      Average standard deviation of split frequencies: 0.006681

      2832000 -- (-6024.566) [...7 remote chains...] -- 0:28:30

      Average standard deviation of split frequencies: 0.006697

      2833000 -- (-6004.162) [...7 remote chains...] -- 0:28:29

      Average standard deviation of split frequencies: 0.006721

      2834000 -- (-6024.251) [...7 remote chains...] -- 0:28:28

      Average standard deviation of split frequencies: 0.006747

      2835000 -- (-6030.818) [...7 remote chains...] -- 0:28:28

      Average standard deviation of split frequencies: 0.006780

      2836000 -- (-6037.093) [...7 remote chains...] -- 0:28:27

      Average standard deviation of split frequencies: 0.006803

      2837000 -- (-6022.657) [...7 remote chains...] -- 0:28:27

      Average standard deviation of split frequencies: 0.006796

      2838000 -- (-6012.342) [...7 remote chains...] -- 0:28:25

      Average standard deviation of split frequencies: 0.006776

      2839000 -- (-6027.232) [...7 remote chains...] -- 0:28:25

      Average standard deviation of split frequencies: 0.006778

      2840000 -- (-6024.507) [...7 remote chains...] -- 0:28:24

      Average standard deviation of split frequencies: 0.006774

      2841000 -- (-6028.064) [...7 remote chains...] -- 0:28:23

      Average standard deviation of split frequencies: 0.006764

      2842000 -- (-6039.676) [...7 remote chains...] -- 0:28:23

      Average standard deviation of split frequencies: 0.006743

      2843000 -- (-6045.960) [...7 remote chains...] -- 0:28:21

      Average standard deviation of split frequencies: 0.006757

      2844000 -- (-6048.415) [...7 remote chains...] -- 0:28:21

      Average standard deviation of split frequencies: 0.006775

      2845000 -- (-6041.946) [...7 remote chains...] -- 0:28:20

      Average standard deviation of split frequencies: 0.006783

      2846000 -- (-6021.363) [...7 remote chains...] -- 0:28:19

      Average standard deviation of split frequencies: 0.006793

      2847000 -- (-6019.735) [...7 remote chains...] -- 0:28:19

      Average standard deviation of split frequencies: 0.006822

      2848000 -- (-6024.006) [...7 remote chains...] -- 0:28:17

      Average standard deviation of split frequencies: 0.006805

      2849000 -- (-6038.280) [...7 remote chains...] -- 0:28:17

      Average standard deviation of split frequencies: 0.006806

      2850000 -- (-6051.548) [...7 remote chains...] -- 0:28:16

      Average standard deviation of split frequencies: 0.006831

      2851000 -- (-6023.631) [...7 remote chains...] -- 0:28:15

      Average standard deviation of split frequencies: 0.006866

      2852000 -- (-6020.761) [...7 remote chains...] -- 0:28:15

      Average standard deviation of split frequencies: 0.006878

      2853000 -- (-6006.492) [...7 remote chains...] -- 0:28:13

      Average standard deviation of split frequencies: 0.006861

      2854000 -- (-6034.672) [...7 remote chains...] -- 0:28:13

      Average standard deviation of split frequencies: 0.006862

      2855000 -- (-6019.127) [...7 remote chains...] -- 0:28:12

      Average standard deviation of split frequencies: 0.006908

      2856000 -- (-6000.031) [...7 remote chains...] -- 0:28:12

      Average standard deviation of split frequencies: 0.006923

      2857000 -- (-6019.358) [...7 remote chains...] -- 0:28:11

      Average standard deviation of split frequencies: 0.006899

      2858000 -- (-6016.433) [...7 remote chains...] -- 0:28:10

      Average standard deviation of split frequencies: 0.006892

      2859000 -- (-6032.554) [...7 remote chains...] -- 0:28:09

      Average standard deviation of split frequencies: 0.006909

      2860000 -- (-6028.387) [...7 remote chains...] -- 0:28:08

      Average standard deviation of split frequencies: 0.006937

      2861000 -- (-6026.783) [...7 remote chains...] -- 0:28:08

      Average standard deviation of split frequencies: 0.006924

      2862000 -- (-6031.902) [...7 remote chains...] -- 0:28:07

      Average standard deviation of split frequencies: 0.006905

      2863000 -- (-6022.879) [...7 remote chains...] -- 0:28:06

      Average standard deviation of split frequencies: 0.006915

      2864000 -- (-6033.534) [...7 remote chains...] -- 0:28:06

      Average standard deviation of split frequencies: 0.006938

      2865000 -- (-6023.190) [...7 remote chains...] -- 0:28:04

      Average standard deviation of split frequencies: 0.006903

      2866000 -- (-6024.098) [...7 remote chains...] -- 0:28:04

      Average standard deviation of split frequencies: 0.006905

      2867000 -- (-6012.151) [...7 remote chains...] -- 0:28:03

      Average standard deviation of split frequencies: 0.006877

      2868000 -- [-6000.955] [...7 remote chains...] -- 0:28:03

      Average standard deviation of split frequencies: 0.006891

      2869000 -- [-6010.034] [...7 remote chains...] -- 0:28:02

      Average standard deviation of split frequencies: 0.006929

      2870000 -- (-5997.367) [...7 remote chains...] -- 0:28:01

      Average standard deviation of split frequencies: 0.006932

      2871000 -- (-6032.991) [...7 remote chains...] -- 0:28:01

      Average standard deviation of split frequencies: 0.006884

      2872000 -- (-6020.473) [...7 remote chains...] -- 0:28:00

      Average standard deviation of split frequencies: 0.006855

      2873000 -- (-6010.658) [...7 remote chains...] -- 0:27:59

      Average standard deviation of split frequencies: 0.006870

      2874000 -- (-6021.923) [...7 remote chains...] -- 0:27:59

      Average standard deviation of split frequencies: 0.006879

      2875000 -- (-6002.226) [...7 remote chains...] -- 0:27:57

      Average standard deviation of split frequencies: 0.006860

      2876000 -- (-6032.398) [...7 remote chains...] -- 0:27:57

      Average standard deviation of split frequencies: 0.006864

      2877000 -- (-6019.750) [...7 remote chains...] -- 0:27:56

      Average standard deviation of split frequencies: 0.006842

      2878000 -- (-6031.908) [...7 remote chains...] -- 0:27:55

      Average standard deviation of split frequencies: 0.006805

      2879000 -- (-6035.496) [...7 remote chains...] -- 0:27:55

      Average standard deviation of split frequencies: 0.006782

      2880000 -- (-6030.017) [...7 remote chains...] -- 0:27:54

      Average standard deviation of split frequencies: 0.006747

      2881000 -- (-6006.824) [...7 remote chains...] -- 0:27:54

      Average standard deviation of split frequencies: 0.006715

      2882000 -- [-6005.969] [...7 remote chains...] -- 0:27:53

      Average standard deviation of split frequencies: 0.006714

      2883000 -- (-5998.649) [...7 remote chains...] -- 0:27:52

      Average standard deviation of split frequencies: 0.006716

      2884000 -- [-5984.453] [...7 remote chains...] -- 0:27:51

      Average standard deviation of split frequencies: 0.006713

      2885000 -- [-6014.700] [...7 remote chains...] -- 0:27:50

      Average standard deviation of split frequencies: 0.006715

      2886000 -- (-6021.775) [...7 remote chains...] -- 0:27:50

      Average standard deviation of split frequencies: 0.006714

      2887000 -- (-6017.426) [...7 remote chains...] -- 0:27:49

      Average standard deviation of split frequencies: 0.006716

      2888000 -- (-6006.402) [...7 remote chains...] -- 0:27:48

      Average standard deviation of split frequencies: 0.006707

      2889000 -- (-6018.662) [...7 remote chains...] -- 0:27:48

      Average standard deviation of split frequencies: 0.006693

      2890000 -- (-6014.263) [...7 remote chains...] -- 0:27:47

      Average standard deviation of split frequencies: 0.006690

      2891000 -- (-6032.658) [...7 remote chains...] -- 0:27:46

      Average standard deviation of split frequencies: 0.006709

      2892000 -- (-6009.108) [...7 remote chains...] -- 0:27:46

      Average standard deviation of split frequencies: 0.006700

      2893000 -- (-6012.740) [...7 remote chains...] -- 0:27:44

      Average standard deviation of split frequencies: 0.006695

      2894000 -- (-6003.649) [...7 remote chains...] -- 0:27:44

      Average standard deviation of split frequencies: 0.006688

      2895000 -- (-6032.754) [...7 remote chains...] -- 0:27:43

      Average standard deviation of split frequencies: 0.006731

      2896000 -- (-6030.584) [...7 remote chains...] -- 0:27:43

      Average standard deviation of split frequencies: 0.006739

      2897000 -- (-6026.221) [...7 remote chains...] -- 0:27:42

      Average standard deviation of split frequencies: 0.006731

      2898000 -- (-6036.726) [...7 remote chains...] -- 0:27:41

      Average standard deviation of split frequencies: 0.006711

      2899000 -- (-6060.495) [...7 remote chains...] -- 0:27:41

      Average standard deviation of split frequencies: 0.006756

      2900000 -- (-6044.153) [...7 remote chains...] -- 0:27:40

      Average standard deviation of split frequencies: 0.006738

      2901000 -- (-6038.327) [...7 remote chains...] -- 0:27:39

      Average standard deviation of split frequencies: 0.006716

      2902000 -- (-6026.033) [...7 remote chains...] -- 0:27:38

      Average standard deviation of split frequencies: 0.006703

      2903000 -- (-6014.683) [...7 remote chains...] -- 0:27:37

      Average standard deviation of split frequencies: 0.006703

      2904000 -- (-6005.257) [...7 remote chains...] -- 0:27:37

      Average standard deviation of split frequencies: 0.006704

      2905000 -- [-6001.232] [...7 remote chains...] -- 0:27:36

      Average standard deviation of split frequencies: 0.006710

      2906000 -- [-6000.825] [...7 remote chains...] -- 0:27:35

      Average standard deviation of split frequencies: 0.006707

      2907000 -- [-5989.721] [...7 remote chains...] -- 0:27:35

      Average standard deviation of split frequencies: 0.006730

      2908000 -- [-5985.862] [...7 remote chains...] -- 0:27:34

      Average standard deviation of split frequencies: 0.006730

      2909000 -- [-5981.054] [...7 remote chains...] -- 0:27:33

      Average standard deviation of split frequencies: 0.006684

      2910000 -- [-5996.067] [...7 remote chains...] -- 0:27:33

      Average standard deviation of split frequencies: 0.006676

      2911000 -- [-5995.963] [...7 remote chains...] -- 0:27:31

      Average standard deviation of split frequencies: 0.006648

      2912000 -- [-5980.362] [...7 remote chains...] -- 0:27:31

      Average standard deviation of split frequencies: 0.006665

      2913000 -- (-6007.377) [...7 remote chains...] -- 0:27:30

      Average standard deviation of split frequencies: 0.006694

      2914000 -- (-6004.480) [...7 remote chains...] -- 0:27:30

      Average standard deviation of split frequencies: 0.006685

      2915000 -- (-6026.804) [...7 remote chains...] -- 0:27:29

      Average standard deviation of split frequencies: 0.006717

      2916000 -- (-6035.608) [...7 remote chains...] -- 0:27:28

      Average standard deviation of split frequencies: 0.006718

      2917000 -- [-6017.475] [...7 remote chains...] -- 0:27:28

      Average standard deviation of split frequencies: 0.006733

      2918000 -- (-6028.326) [...7 remote chains...] -- 0:27:27

      Average standard deviation of split frequencies: 0.006738

      2919000 -- (-6046.288) [...7 remote chains...] -- 0:27:26

      Average standard deviation of split frequencies: 0.006736

      2920000 -- (-6023.939) [...7 remote chains...] -- 0:27:25

      Average standard deviation of split frequencies: 0.006764

      2921000 -- (-6038.294) [...7 remote chains...] -- 0:27:24

      Average standard deviation of split frequencies: 0.006758

      2922000 -- (-6056.481) [...7 remote chains...] -- 0:27:24

      Average standard deviation of split frequencies: 0.006758

      2923000 -- (-6034.210) [...7 remote chains...] -- 0:27:23

      Average standard deviation of split frequencies: 0.006775

      2924000 -- (-6044.031) [...7 remote chains...] -- 0:27:22

      Average standard deviation of split frequencies: 0.006768

      2925000 -- (-6014.105) [...7 remote chains...] -- 0:27:22

      Average standard deviation of split frequencies: 0.006776

      2926000 -- (-6039.833) [...7 remote chains...] -- 0:27:21

      Average standard deviation of split frequencies: 0.006779

      2927000 -- (-6032.918) [...7 remote chains...] -- 0:27:20

      Average standard deviation of split frequencies: 0.006788

      2928000 -- (-6009.558) [...7 remote chains...] -- 0:27:20

      Average standard deviation of split frequencies: 0.006802

      2929000 -- (-6027.975) [...7 remote chains...] -- 0:27:18

      Average standard deviation of split frequencies: 0.006819

      2930000 -- (-6012.029) [...7 remote chains...] -- 0:27:18

      Average standard deviation of split frequencies: 0.006827

      2931000 -- [-6002.928] [...7 remote chains...] -- 0:27:17

      Average standard deviation of split frequencies: 0.006855

      2932000 -- (-6031.847) [...7 remote chains...] -- 0:27:17

      Average standard deviation of split frequencies: 0.006828

      2933000 -- [-6010.379] [...7 remote chains...] -- 0:27:16

      Average standard deviation of split frequencies: 0.006841

      2934000 -- (-6018.831) [...7 remote chains...] -- 0:27:15

      Average standard deviation of split frequencies: 0.006847

      2935000 -- (-6018.291) [...7 remote chains...] -- 0:27:15

      Average standard deviation of split frequencies: 0.006894

      2936000 -- (-6013.624) [...7 remote chains...] -- 0:27:14

      Average standard deviation of split frequencies: 0.006898

      2937000 -- (-6024.495) [...7 remote chains...] -- 0:27:13

      Average standard deviation of split frequencies: 0.006923

      2938000 -- (-6011.490) [...7 remote chains...] -- 0:27:13

      Average standard deviation of split frequencies: 0.006946

      2939000 -- (-6035.272) [...7 remote chains...] -- 0:27:12

      Average standard deviation of split frequencies: 0.006942

      2940000 -- (-6008.312) [...7 remote chains...] -- 0:27:11

      Average standard deviation of split frequencies: 0.006944

      2941000 -- (-6033.644) [...7 remote chains...] -- 0:27:11

      Average standard deviation of split frequencies: 0.006923

      2942000 -- [-6021.156] [...7 remote chains...] -- 0:27:09

      Average standard deviation of split frequencies: 0.006931

      2943000 -- (-6022.756) [...7 remote chains...] -- 0:27:09

      Average standard deviation of split frequencies: 0.006887

      2944000 -- (-6019.114) [...7 remote chains...] -- 0:27:08

      Average standard deviation of split frequencies: 0.006860

      2945000 -- (-6012.870) [...7 remote chains...] -- 0:27:07

      Average standard deviation of split frequencies: 0.006846

      2946000 -- (-6024.154) [...7 remote chains...] -- 0:27:07

      Average standard deviation of split frequencies: 0.006851

      2947000 -- (-6013.028) [...7 remote chains...] -- 0:27:06

      Average standard deviation of split frequencies: 0.006828

      2948000 -- (-6011.535) [...7 remote chains...] -- 0:27:06

      Average standard deviation of split frequencies: 0.006862

      2949000 -- (-6023.740) [...7 remote chains...] -- 0:27:05

      Average standard deviation of split frequencies: 0.006837

      2950000 -- (-6011.887) [...7 remote chains...] -- 0:27:04

      Average standard deviation of split frequencies: 0.006845

      2951000 -- [-5994.448] [...7 remote chains...] -- 0:27:04

      Average standard deviation of split frequencies: 0.006857

      2952000 -- (-6009.627) [...7 remote chains...] -- 0:27:03

      Average standard deviation of split frequencies: 0.006856

      2953000 -- (-6002.489) [...7 remote chains...] -- 0:27:02

      Average standard deviation of split frequencies: 0.006884

      2954000 -- (-6003.453) [...7 remote chains...] -- 0:27:02

      Average standard deviation of split frequencies: 0.006883

      2955000 -- [-6001.665] [...7 remote chains...] -- 0:27:01

      Average standard deviation of split frequencies: 0.006896

      2956000 -- (-5994.788) [...7 remote chains...] -- 0:27:00

      Average standard deviation of split frequencies: 0.006893

      2957000 -- (-6000.351) [...7 remote chains...] -- 0:27:00

      Average standard deviation of split frequencies: 0.006837

      2958000 -- [-6001.155] [...7 remote chains...] -- 0:26:59

      Average standard deviation of split frequencies: 0.006843

      2959000 -- [-6008.139] [...7 remote chains...] -- 0:26:58

      Average standard deviation of split frequencies: 0.006854

      2960000 -- [-6003.868] [...7 remote chains...] -- 0:26:58

      Average standard deviation of split frequencies: 0.006839

      2961000 -- (-6002.887) [...7 remote chains...] -- 0:26:57

      Average standard deviation of split frequencies: 0.006850

      2962000 -- (-6021.575) [...7 remote chains...] -- 0:26:56

      Average standard deviation of split frequencies: 0.006841

      2963000 -- (-6015.159) [...7 remote chains...] -- 0:26:56

      Average standard deviation of split frequencies: 0.006859

      2964000 -- (-6028.661) [...7 remote chains...] -- 0:26:54

      Average standard deviation of split frequencies: 0.006841

      2965000 -- (-6035.398) [...7 remote chains...] -- 0:26:54

      Average standard deviation of split frequencies: 0.006851

      2966000 -- (-6050.383) [...7 remote chains...] -- 0:26:53

      Average standard deviation of split frequencies: 0.006868

      2967000 -- (-6040.588) [...7 remote chains...] -- 0:26:52

      Average standard deviation of split frequencies: 0.006872

      2968000 -- (-6037.785) [...7 remote chains...] -- 0:26:52

      Average standard deviation of split frequencies: 0.006896

      2969000 -- (-6017.906) [...7 remote chains...] -- 0:26:51

      Average standard deviation of split frequencies: 0.006900

      2970000 -- (-6021.558) [...7 remote chains...] -- 0:26:51

      Average standard deviation of split frequencies: 0.006910

      2971000 -- (-6041.291) [...7 remote chains...] -- 0:26:50

      Average standard deviation of split frequencies: 0.006930

      2972000 -- (-6021.463) [...7 remote chains...] -- 0:26:49

      Average standard deviation of split frequencies: 0.006923

      2973000 -- (-6020.640) [...7 remote chains...] -- 0:26:49

      Average standard deviation of split frequencies: 0.006916

      2974000 -- (-6034.752) [...7 remote chains...] -- 0:26:47

      Average standard deviation of split frequencies: 0.006911

      2975000 -- (-6017.167) [...7 remote chains...] -- 0:26:47

      Average standard deviation of split frequencies: 0.006929

      2976000 -- (-6021.021) [...7 remote chains...] -- 0:26:46

      Average standard deviation of split frequencies: 0.006923

      2977000 -- (-6021.168) [...7 remote chains...] -- 0:26:45

      Average standard deviation of split frequencies: 0.006940

      2978000 -- (-6011.080) [...7 remote chains...] -- 0:26:45

      Average standard deviation of split frequencies: 0.006940

      2979000 -- (-6006.763) [...7 remote chains...] -- 0:26:44

      Average standard deviation of split frequencies: 0.006959

      2980000 -- (-6037.761) [...7 remote chains...] -- 0:26:43

      Average standard deviation of split frequencies: 0.006950

      2981000 -- (-6040.619) [...7 remote chains...] -- 0:26:43

      Average standard deviation of split frequencies: 0.006967

      2982000 -- (-6040.256) [...7 remote chains...] -- 0:26:42

      Average standard deviation of split frequencies: 0.006984

      2983000 -- (-6025.933) [...7 remote chains...] -- 0:26:41

      Average standard deviation of split frequencies: 0.006989

      2984000 -- [-6003.077] [...7 remote chains...] -- 0:26:40

      Average standard deviation of split frequencies: 0.006977

      2985000 -- [-6000.675] [...7 remote chains...] -- 0:26:39

      Average standard deviation of split frequencies: 0.006952

      2986000 -- [-6000.012] [...7 remote chains...] -- 0:26:39

      Average standard deviation of split frequencies: 0.006956

      2987000 -- [-5995.010] [...7 remote chains...] -- 0:26:38

      Average standard deviation of split frequencies: 0.006933

      2988000 -- [-5989.538] [...7 remote chains...] -- 0:26:37

      Average standard deviation of split frequencies: 0.006920

      2989000 -- (-5997.051) [...7 remote chains...] -- 0:26:37

      Average standard deviation of split frequencies: 0.006901

      2990000 -- (-6004.849) [...7 remote chains...] -- 0:26:36

      Average standard deviation of split frequencies: 0.006898

      2991000 -- (-6002.057) [...7 remote chains...] -- 0:26:35

      Average standard deviation of split frequencies: 0.006876

      2992000 -- (-6007.484) [...7 remote chains...] -- 0:26:35

      Average standard deviation of split frequencies: 0.006868

      2993000 -- (-6034.364) [...7 remote chains...] -- 0:26:33

      Average standard deviation of split frequencies: 0.006877

      2994000 -- (-6035.291) [...7 remote chains...] -- 0:26:33

      Average standard deviation of split frequencies: 0.006876

      2995000 -- (-6011.222) [...7 remote chains...] -- 0:26:32

      Average standard deviation of split frequencies: 0.006874

      2996000 -- [-5979.805] [...7 remote chains...] -- 0:26:31

      Average standard deviation of split frequencies: 0.006884

      2997000 -- (-5985.126) [...7 remote chains...] -- 0:26:31

      Average standard deviation of split frequencies: 0.006888

      2998000 -- (-6007.235) [...7 remote chains...] -- 0:26:30

      Average standard deviation of split frequencies: 0.006878

      2999000 -- (-6012.927) [...7 remote chains...] -- 0:26:29

      Average standard deviation of split frequencies: 0.006885

      3000000 -- (-6025.428) [...7 remote chains...] -- 0:26:29

      Average standard deviation of split frequencies: 0.006875

      3001000 -- (-6049.319) [...7 remote chains...] -- 0:26:28

      Average standard deviation of split frequencies: 0.006906

      3002000 -- (-6043.234) [...7 remote chains...] -- 0:26:27

      Average standard deviation of split frequencies: 0.006908

      3003000 -- (-6014.123) [...7 remote chains...] -- 0:26:26

      Average standard deviation of split frequencies: 0.006883

      3004000 -- (-6009.905) [...7 remote chains...] -- 0:26:26

      Average standard deviation of split frequencies: 0.006880

      3005000 -- (-6014.605) [...7 remote chains...] -- 0:26:25

      Average standard deviation of split frequencies: 0.006857

      3006000 -- (-6031.439) [...7 remote chains...] -- 0:26:24

      Average standard deviation of split frequencies: 0.006851

      3007000 -- (-6004.601) [...7 remote chains...] -- 0:26:24

      Average standard deviation of split frequencies: 0.006867

      3008000 -- (-5996.827) [...7 remote chains...] -- 0:26:23

      Average standard deviation of split frequencies: 0.006869

      3009000 -- (-6017.015) [...7 remote chains...] -- 0:26:22

      Average standard deviation of split frequencies: 0.006852

      3010000 -- (-6013.078) [...7 remote chains...] -- 0:26:21

      Average standard deviation of split frequencies: 0.006841

      3011000 -- (-6026.203) [...7 remote chains...] -- 0:26:20

      Average standard deviation of split frequencies: 0.006847

      3012000 -- (-6019.442) [...7 remote chains...] -- 0:26:20

      Average standard deviation of split frequencies: 0.006811

      3013000 -- [-6007.081] [...7 remote chains...] -- 0:26:19

      Average standard deviation of split frequencies: 0.006810

      3014000 -- (-6001.580) [...7 remote chains...] -- 0:26:18

      Average standard deviation of split frequencies: 0.006802

      3015000 -- [-5995.385] [...7 remote chains...] -- 0:26:17

      Average standard deviation of split frequencies: 0.006804

      3016000 -- (-6004.614) [...7 remote chains...] -- 0:26:16

      Average standard deviation of split frequencies: 0.006801

      3017000 -- (-6005.040) [...7 remote chains...] -- 0:26:16

      Average standard deviation of split frequencies: 0.006789

      3018000 -- (-6008.433) [...7 remote chains...] -- 0:26:15

      Average standard deviation of split frequencies: 0.006775

      3019000 -- (-6001.831) [...7 remote chains...] -- 0:26:14

      Average standard deviation of split frequencies: 0.006777

      3020000 -- (-6015.416) [...7 remote chains...] -- 0:26:13

      Average standard deviation of split frequencies: 0.006774

      3021000 -- (-6022.841) [...7 remote chains...] -- 0:26:12

      Average standard deviation of split frequencies: 0.006767

      3022000 -- (-6055.800) [...7 remote chains...] -- 0:26:12

      Average standard deviation of split frequencies: 0.006773

      3023000 -- (-6017.359) [...7 remote chains...] -- 0:26:11

      Average standard deviation of split frequencies: 0.006775

      3024000 -- (-6027.102) [...7 remote chains...] -- 0:26:10

      Average standard deviation of split frequencies: 0.006749

      3025000 -- (-6027.898) [...7 remote chains...] -- 0:26:09

      Average standard deviation of split frequencies: 0.006751

      3026000 -- (-6031.711) [...7 remote chains...] -- 0:26:08

      Average standard deviation of split frequencies: 0.006757

      3027000 -- (-6016.609) [...7 remote chains...] -- 0:26:08

      Average standard deviation of split frequencies: 0.006782

      3028000 -- [-5991.482] [...7 remote chains...] -- 0:26:07

      Average standard deviation of split frequencies: 0.006786

      3029000 -- [-5998.494] [...7 remote chains...] -- 0:26:06

      Average standard deviation of split frequencies: 0.006774

      3030000 -- [-5971.713] [...7 remote chains...] -- 0:26:05

      Average standard deviation of split frequencies: 0.006775

      3031000 -- [-5987.065] [...7 remote chains...] -- 0:26:04

      Average standard deviation of split frequencies: 0.006757

      3032000 -- [-5977.093] [...7 remote chains...] -- 0:26:04

      Average standard deviation of split frequencies: 0.006754

      3033000 -- (-5985.818) [...7 remote chains...] -- 0:26:03

      Average standard deviation of split frequencies: 0.006769

      3034000 -- [-5995.386] [...7 remote chains...] -- 0:26:02

      Average standard deviation of split frequencies: 0.006750

      3035000 -- [-5988.574] [...7 remote chains...] -- 0:26:01

      Average standard deviation of split frequencies: 0.006769

      3036000 -- [-5989.321] [...7 remote chains...] -- 0:26:00

      Average standard deviation of split frequencies: 0.006772

      3037000 -- (-6001.790) [...7 remote chains...] -- 0:26:00

      Average standard deviation of split frequencies: 0.006764

      3038000 -- (-6032.000) [...7 remote chains...] -- 0:25:59

      Average standard deviation of split frequencies: 0.006750

      3039000 -- (-6019.828) [...7 remote chains...] -- 0:25:58

      Average standard deviation of split frequencies: 0.006737

      3040000 -- [-5996.797] [...7 remote chains...] -- 0:25:57

      Average standard deviation of split frequencies: 0.006733

      3041000 -- [-5994.373] [...7 remote chains...] -- 0:25:57

      Average standard deviation of split frequencies: 0.006728

      3042000 -- [-6003.157] [...7 remote chains...] -- 0:25:56

      Average standard deviation of split frequencies: 0.006734

      3043000 -- [-5982.136] [...7 remote chains...] -- 0:25:55

      Average standard deviation of split frequencies: 0.006775

      3044000 -- [-5992.518] [...7 remote chains...] -- 0:25:55

      Average standard deviation of split frequencies: 0.006768

      3045000 -- (-6019.308) [...7 remote chains...] -- 0:25:53

      Average standard deviation of split frequencies: 0.006769

      3046000 -- (-6040.795) [...7 remote chains...] -- 0:25:53

      Average standard deviation of split frequencies: 0.006775

      3047000 -- (-6019.389) [...7 remote chains...] -- 0:25:52

      Average standard deviation of split frequencies: 0.006769

      3048000 -- (-6011.464) [...7 remote chains...] -- 0:25:51

      Average standard deviation of split frequencies: 0.006783

      3049000 -- (-6044.607) [...7 remote chains...] -- 0:25:51

      Average standard deviation of split frequencies: 0.006803

      3050000 -- (-6033.017) [...7 remote chains...] -- 0:25:49

      Average standard deviation of split frequencies: 0.006821

      3051000 -- (-6009.568) [...7 remote chains...] -- 0:25:49

      Average standard deviation of split frequencies: 0.006842

      3052000 -- (-6028.683) [...7 remote chains...] -- 0:25:48

      Average standard deviation of split frequencies: 0.006843

      3053000 -- (-6020.434) [...7 remote chains...] -- 0:25:47

      Average standard deviation of split frequencies: 0.006856

      3054000 -- (-6026.273) [...7 remote chains...] -- 0:25:47

      Average standard deviation of split frequencies: 0.006860

      3055000 -- (-6004.290) [...7 remote chains...] -- 0:25:45

      Average standard deviation of split frequencies: 0.006869

      3056000 -- (-6010.289) [...7 remote chains...] -- 0:25:45

      Average standard deviation of split frequencies: 0.006869

      3057000 -- (-6017.689) [...7 remote chains...] -- 0:25:44

      Average standard deviation of split frequencies: 0.006840

      3058000 -- (-6036.386) [...7 remote chains...] -- 0:25:43

      Average standard deviation of split frequencies: 0.006821

      3059000 -- (-6030.377) [...7 remote chains...] -- 0:25:43

      Average standard deviation of split frequencies: 0.006826

      3060000 -- (-6021.292) [...7 remote chains...] -- 0:25:41

      Average standard deviation of split frequencies: 0.006816

      3061000 -- (-6022.783) [...7 remote chains...] -- 0:25:41

      Average standard deviation of split frequencies: 0.006817

      3062000 -- (-5999.577) [...7 remote chains...] -- 0:25:40

      Average standard deviation of split frequencies: 0.006821

      3063000 -- (-5997.607) [...7 remote chains...] -- 0:25:39

      Average standard deviation of split frequencies: 0.006812

      3064000 -- (-5989.139) [...7 remote chains...] -- 0:25:38

      Average standard deviation of split frequencies: 0.006797

      3065000 -- (-6018.755) [...7 remote chains...] -- 0:25:37

      Average standard deviation of split frequencies: 0.006805

      3066000 -- (-6024.529) [...7 remote chains...] -- 0:25:37

      Average standard deviation of split frequencies: 0.006809

      3067000 -- (-6048.294) [...7 remote chains...] -- 0:25:36

      Average standard deviation of split frequencies: 0.006814

      3068000 -- (-6028.683) [...7 remote chains...] -- 0:25:35

      Average standard deviation of split frequencies: 0.006795

      3069000 -- (-6038.473) [...7 remote chains...] -- 0:25:34

      Average standard deviation of split frequencies: 0.006778

      3070000 -- (-6013.229) [...7 remote chains...] -- 0:25:33

      Average standard deviation of split frequencies: 0.006743

      3071000 -- (-6007.242) [...7 remote chains...] -- 0:25:33

      Average standard deviation of split frequencies: 0.006689

      3072000 -- [-6009.067] [...7 remote chains...] -- 0:25:32

      Average standard deviation of split frequencies: 0.006678

      3073000 -- (-6041.267) [...7 remote chains...] -- 0:25:31

      Average standard deviation of split frequencies: 0.006735

      3074000 -- (-6061.663) [...7 remote chains...] -- 0:25:30

      Average standard deviation of split frequencies: 0.006729

      3075000 -- (-6027.156) [...7 remote chains...] -- 0:25:29

      Average standard deviation of split frequencies: 0.006731

      3076000 -- (-6010.169) [...7 remote chains...] -- 0:25:29

      Average standard deviation of split frequencies: 0.006751

      3077000 -- (-6014.229) [...7 remote chains...] -- 0:25:28

      Average standard deviation of split frequencies: 0.006773

      3078000 -- (-6033.143) [...7 remote chains...] -- 0:25:27

      Average standard deviation of split frequencies: 0.006793

      3079000 -- (-6036.364) [...7 remote chains...] -- 0:25:27

      Average standard deviation of split frequencies: 0.006832

      3080000 -- (-6033.299) [...7 remote chains...] -- 0:25:26

      Average standard deviation of split frequencies: 0.006817

      3081000 -- (-6033.072) [...7 remote chains...] -- 0:25:25

      Average standard deviation of split frequencies: 0.006810

      3082000 -- (-6036.378) [...7 remote chains...] -- 0:25:24

      Average standard deviation of split frequencies: 0.006814

      3083000 -- (-6043.723) [...7 remote chains...] -- 0:25:24

      Average standard deviation of split frequencies: 0.006853

      3084000 -- (-6026.834) [...7 remote chains...] -- 0:25:22

      Average standard deviation of split frequencies: 0.006839

      3085000 -- (-6016.938) [...7 remote chains...] -- 0:25:22

      Average standard deviation of split frequencies: 0.006826

      3086000 -- [-5998.933] [...7 remote chains...] -- 0:25:21

      Average standard deviation of split frequencies: 0.006814

      3087000 -- (-6000.434) [...7 remote chains...] -- 0:25:20

      Average standard deviation of split frequencies: 0.006832

      3088000 -- [-5989.416] [...7 remote chains...] -- 0:25:20

      Average standard deviation of split frequencies: 0.006836

      3089000 -- (-5989.713) [...7 remote chains...] -- 0:25:18

      Average standard deviation of split frequencies: 0.006831

      3090000 -- (-5994.088) [...7 remote chains...] -- 0:25:18

      Average standard deviation of split frequencies: 0.006812

      3091000 -- (-6000.223) [...7 remote chains...] -- 0:25:17

      Average standard deviation of split frequencies: 0.006807

      3092000 -- (-5994.585) [...7 remote chains...] -- 0:25:16

      Average standard deviation of split frequencies: 0.006811

      3093000 -- [-5997.625] [...7 remote chains...] -- 0:25:16

      Average standard deviation of split frequencies: 0.006842

      3094000 -- (-6023.477) [...7 remote chains...] -- 0:25:15

      Average standard deviation of split frequencies: 0.006847

      3095000 -- (-6051.458) [...7 remote chains...] -- 0:25:14

      Average standard deviation of split frequencies: 0.006839

      3096000 -- (-6017.538) [...7 remote chains...] -- 0:25:13

      Average standard deviation of split frequencies: 0.006816

      3097000 -- (-6025.246) [...7 remote chains...] -- 0:25:12

      Average standard deviation of split frequencies: 0.006806

      3098000 -- (-6030.085) [...7 remote chains...] -- 0:25:12

      Average standard deviation of split frequencies: 0.006805

      3099000 -- (-6027.576) [...7 remote chains...] -- 0:25:10

      Average standard deviation of split frequencies: 0.006821

      3100000 -- (-6010.971) [...7 remote chains...] -- 0:25:10

      Average standard deviation of split frequencies: 0.006829

      3101000 -- (-6039.487) [...7 remote chains...] -- 0:25:09

      Average standard deviation of split frequencies: 0.006829

      3102000 -- [-6025.704] [...7 remote chains...] -- 0:25:08

      Average standard deviation of split frequencies: 0.006816

      3103000 -- (-6015.705) [...7 remote chains...] -- 0:25:08

      Average standard deviation of split frequencies: 0.006842

      3104000 -- [-5997.733] [...7 remote chains...] -- 0:25:06

      Average standard deviation of split frequencies: 0.006841

      3105000 -- [-5993.981] [...7 remote chains...] -- 0:25:06

      Average standard deviation of split frequencies: 0.006834

      3106000 -- [-5986.928] [...7 remote chains...] -- 0:25:05

      Average standard deviation of split frequencies: 0.006790

      3107000 -- [-5985.281] [...7 remote chains...] -- 0:25:04

      Average standard deviation of split frequencies: 0.006774

      3108000 -- (-5999.287) [...7 remote chains...] -- 0:25:04

      Average standard deviation of split frequencies: 0.006780

      3109000 -- (-6024.855) [...7 remote chains...] -- 0:25:03

      Average standard deviation of split frequencies: 0.006782

      3110000 -- (-6008.034) [...7 remote chains...] -- 0:25:02

      Average standard deviation of split frequencies: 0.006781

      3111000 -- (-6014.567) [...7 remote chains...] -- 0:25:01

      Average standard deviation of split frequencies: 0.006788

      3112000 -- [-6001.891] [...7 remote chains...] -- 0:25:00

      Average standard deviation of split frequencies: 0.006787

      3113000 -- (-6026.330) [...7 remote chains...] -- 0:25:00

      Average standard deviation of split frequencies: 0.006800

      3114000 -- (-6033.383) [...7 remote chains...] -- 0:24:59

      Average standard deviation of split frequencies: 0.006806

      3115000 -- (-6007.070) [...7 remote chains...] -- 0:24:58

      Average standard deviation of split frequencies: 0.006815

      3116000 -- (-6013.351) [...7 remote chains...] -- 0:24:57

      Average standard deviation of split frequencies: 0.006808

      3117000 -- (-6026.222) [...7 remote chains...] -- 0:24:56

      Average standard deviation of split frequencies: 0.006814

      3118000 -- (-6021.481) [...7 remote chains...] -- 0:24:56

      Average standard deviation of split frequencies: 0.006817

      3119000 -- (-5996.937) [...7 remote chains...] -- 0:24:55

      Average standard deviation of split frequencies: 0.006790

      3120000 -- [-5980.509] [...7 remote chains...] -- 0:24:54

      Average standard deviation of split frequencies: 0.006787

      3121000 -- (-5997.467) [...7 remote chains...] -- 0:24:53

      Average standard deviation of split frequencies: 0.006809

      3122000 -- (-6013.213) [...7 remote chains...] -- 0:24:53

      Average standard deviation of split frequencies: 0.006827

      3123000 -- (-6007.367) [...7 remote chains...] -- 0:24:52

      Average standard deviation of split frequencies: 0.006824

      3124000 -- (-5998.985) [...7 remote chains...] -- 0:24:51

      Average standard deviation of split frequencies: 0.006840

      3125000 -- (-5989.043) [...7 remote chains...] -- 0:24:51

      Average standard deviation of split frequencies: 0.006842

      3126000 -- (-6008.239) [...7 remote chains...] -- 0:24:49

      Average standard deviation of split frequencies: 0.006869

      3127000 -- [-6019.692] [...7 remote chains...] -- 0:24:49

      Average standard deviation of split frequencies: 0.006864

      3128000 -- (-6031.620) [...7 remote chains...] -- 0:24:48

      Average standard deviation of split frequencies: 0.006866

      3129000 -- (-6074.438) [...7 remote chains...] -- 0:24:47

      Average standard deviation of split frequencies: 0.006869

      3130000 -- (-6049.447) [...7 remote chains...] -- 0:24:47

      Average standard deviation of split frequencies: 0.006845

      3131000 -- (-6043.545) [...7 remote chains...] -- 0:24:45

      Average standard deviation of split frequencies: 0.006834

      3132000 -- (-6036.285) [...7 remote chains...] -- 0:24:45

      Average standard deviation of split frequencies: 0.006805

      3133000 -- (-6014.569) [...7 remote chains...] -- 0:24:44

      Average standard deviation of split frequencies: 0.006823

      3134000 -- [-6000.917] [...7 remote chains...] -- 0:24:43

      Average standard deviation of split frequencies: 0.006808

      3135000 -- (-6022.804) [...7 remote chains...] -- 0:24:43

      Average standard deviation of split frequencies: 0.006820

      3136000 -- (-6022.994) [...7 remote chains...] -- 0:24:41

      Average standard deviation of split frequencies: 0.006835

      3137000 -- (-6021.449) [...7 remote chains...] -- 0:24:41

      Average standard deviation of split frequencies: 0.006815

      3138000 -- (-6028.216) [...7 remote chains...] -- 0:24:40

      Average standard deviation of split frequencies: 0.006813

      3139000 -- (-6031.420) [...7 remote chains...] -- 0:24:39

      Average standard deviation of split frequencies: 0.006817

      3140000 -- (-6020.054) [...7 remote chains...] -- 0:24:39

      Average standard deviation of split frequencies: 0.006831

      3141000 -- (-6046.064) [...7 remote chains...] -- 0:24:37

      Average standard deviation of split frequencies: 0.006823

      3142000 -- (-6049.482) [...7 remote chains...] -- 0:24:37

      Average standard deviation of split frequencies: 0.006841

      3143000 -- (-6044.679) [...7 remote chains...] -- 0:24:36

      Average standard deviation of split frequencies: 0.006847

      3144000 -- (-6024.360) [...7 remote chains...] -- 0:24:35

      Average standard deviation of split frequencies: 0.006847

      3145000 -- (-6001.992) [...7 remote chains...] -- 0:24:35

      Average standard deviation of split frequencies: 0.006829

      3146000 -- (-6008.472) [...7 remote chains...] -- 0:24:34

      Average standard deviation of split frequencies: 0.006833

      3147000 -- (-6020.607) [...7 remote chains...] -- 0:24:33

      Average standard deviation of split frequencies: 0.006843

      3148000 -- [-6002.998] [...7 remote chains...] -- 0:24:32

      Average standard deviation of split frequencies: 0.006835

      3149000 -- (-6019.900) [...7 remote chains...] -- 0:24:31

      Average standard deviation of split frequencies: 0.006841

      3150000 -- (-6000.420) [...7 remote chains...] -- 0:24:31

      Average standard deviation of split frequencies: 0.006845

      3151000 -- (-6003.833) [...7 remote chains...] -- 0:24:30

      Average standard deviation of split frequencies: 0.006871

      3152000 -- (-6010.199) [...7 remote chains...] -- 0:24:29

      Average standard deviation of split frequencies: 0.006887

      3153000 -- [-6016.280] [...7 remote chains...] -- 0:24:29

      Average standard deviation of split frequencies: 0.006884

      3154000 -- (-6017.571) [...7 remote chains...] -- 0:24:28

      Average standard deviation of split frequencies: 0.006885

      3155000 -- (-6007.915) [...7 remote chains...] -- 0:24:27

      Average standard deviation of split frequencies: 0.006902

      3156000 -- [-6004.937] [...7 remote chains...] -- 0:24:27

      Average standard deviation of split frequencies: 0.006887

      3157000 -- (-6015.217) [...7 remote chains...] -- 0:24:25

      Average standard deviation of split frequencies: 0.006877

      3158000 -- (-6031.587) [...7 remote chains...] -- 0:24:25

      Average standard deviation of split frequencies: 0.006867

      3159000 -- (-6056.814) [...7 remote chains...] -- 0:24:24

      Average standard deviation of split frequencies: 0.006859

      3160000 -- (-6028.297) [...7 remote chains...] -- 0:24:23

      Average standard deviation of split frequencies: 0.006858

      3161000 -- (-6027.334) [...7 remote chains...] -- 0:24:23

      Average standard deviation of split frequencies: 0.006839

      3162000 -- (-6026.359) [...7 remote chains...] -- 0:24:22

      Average standard deviation of split frequencies: 0.006834

      3163000 -- (-6021.157) [...7 remote chains...] -- 0:24:21

      Average standard deviation of split frequencies: 0.006845

      3164000 -- (-6001.414) [...7 remote chains...] -- 0:24:21

      Average standard deviation of split frequencies: 0.006837

      3165000 -- [-6007.424] [...7 remote chains...] -- 0:24:20

      Average standard deviation of split frequencies: 0.006855

      3166000 -- [-5993.248] [...7 remote chains...] -- 0:24:19

      Average standard deviation of split frequencies: 0.006854

      3167000 -- [-6001.967] [...7 remote chains...] -- 0:24:18

      Average standard deviation of split frequencies: 0.006829

      3168000 -- (-6016.786) [...7 remote chains...] -- 0:24:17

      Average standard deviation of split frequencies: 0.006835

      3169000 -- (-5996.101) [...7 remote chains...] -- 0:24:17

      Average standard deviation of split frequencies: 0.006836

      3170000 -- (-6011.275) [...7 remote chains...] -- 0:24:16

      Average standard deviation of split frequencies: 0.006855

      3171000 -- (-5996.105) [...7 remote chains...] -- 0:24:15

      Average standard deviation of split frequencies: 0.006866

      3172000 -- [-5992.522] [...7 remote chains...] -- 0:24:15

      Average standard deviation of split frequencies: 0.006868

      3173000 -- (-6008.556) [...7 remote chains...] -- 0:24:14

      Average standard deviation of split frequencies: 0.006883

      3174000 -- [-5995.068] [...7 remote chains...] -- 0:24:13

      Average standard deviation of split frequencies: 0.006873

      3175000 -- (-5998.926) [...7 remote chains...] -- 0:24:13

      Average standard deviation of split frequencies: 0.006909

      3176000 -- (-6010.650) [...7 remote chains...] -- 0:24:11

      Average standard deviation of split frequencies: 0.006918

      3177000 -- [-5997.930] [...7 remote chains...] -- 0:24:11

      Average standard deviation of split frequencies: 0.006921

      3178000 -- [-5994.949] [...7 remote chains...] -- 0:24:10

      Average standard deviation of split frequencies: 0.006932

      3179000 -- [-5993.455] [...7 remote chains...] -- 0:24:09

      Average standard deviation of split frequencies: 0.006954

      3180000 -- (-6008.799) [...7 remote chains...] -- 0:24:09

      Average standard deviation of split frequencies: 0.006946

      3181000 -- [-5996.422] [...7 remote chains...] -- 0:24:08

      Average standard deviation of split frequencies: 0.006968

      3182000 -- (-5989.584) [...7 remote chains...] -- 0:24:07

      Average standard deviation of split frequencies: 0.006987

      3183000 -- [-6006.294] [...7 remote chains...] -- 0:24:07

      Average standard deviation of split frequencies: 0.006968

      3184000 -- [-5987.937] [...7 remote chains...] -- 0:24:06

      Average standard deviation of split frequencies: 0.006946

      3185000 -- [-6002.901] [...7 remote chains...] -- 0:24:05

      Average standard deviation of split frequencies: 0.006933

      3186000 -- [-5995.376] [...7 remote chains...] -- 0:24:04

      Average standard deviation of split frequencies: 0.006932

      3187000 -- (-6025.990) [...7 remote chains...] -- 0:24:03

      Average standard deviation of split frequencies: 0.006949

      3188000 -- (-6016.883) [...7 remote chains...] -- 0:24:03

      Average standard deviation of split frequencies: 0.006936

      3189000 -- (-6027.136) [...7 remote chains...] -- 0:24:02

      Average standard deviation of split frequencies: 0.006941

      3190000 -- (-6053.570) [...7 remote chains...] -- 0:24:01

      Average standard deviation of split frequencies: 0.006925

      3191000 -- (-6062.343) [...7 remote chains...] -- 0:24:01

      Average standard deviation of split frequencies: 0.006942

      3192000 -- (-6050.917) [...7 remote chains...] -- 0:24:00

      Average standard deviation of split frequencies: 0.006939

      3193000 -- (-6036.777) [...7 remote chains...] -- 0:23:59

      Average standard deviation of split frequencies: 0.006945

      3194000 -- (-6045.151) [...7 remote chains...] -- 0:23:59

      Average standard deviation of split frequencies: 0.006935

      3195000 -- (-6029.717) [...7 remote chains...] -- 0:23:58

      Average standard deviation of split frequencies: 0.006945

      3196000 -- (-6021.411) [...7 remote chains...] -- 0:23:57

      Average standard deviation of split frequencies: 0.006942

      3197000 -- (-6024.393) [...7 remote chains...] -- 0:23:56

      Average standard deviation of split frequencies: 0.006945

      3198000 -- (-6041.578) [...7 remote chains...] -- 0:23:55

      Average standard deviation of split frequencies: 0.006952

      3199000 -- (-6057.539) [...7 remote chains...] -- 0:23:55

      Average standard deviation of split frequencies: 0.006959

      3200000 -- (-6053.405) [...7 remote chains...] -- 0:23:54

      Average standard deviation of split frequencies: 0.006958

      3201000 -- (-6041.386) [...7 remote chains...] -- 0:23:53

      Average standard deviation of split frequencies: 0.006927

      3202000 -- (-6021.570) [...7 remote chains...] -- 0:23:53

      Average standard deviation of split frequencies: 0.006913

      3203000 -- (-6026.963) [...7 remote chains...] -- 0:23:52

      Average standard deviation of split frequencies: 0.006911

      3204000 -- [-6009.066] [...7 remote chains...] -- 0:23:51

      Average standard deviation of split frequencies: 0.006925

      3205000 -- (-6007.504) [...7 remote chains...] -- 0:23:50

      Average standard deviation of split frequencies: 0.006934

      3206000 -- (-6004.554) [...7 remote chains...] -- 0:23:49

      Average standard deviation of split frequencies: 0.006957

      3207000 -- (-6020.610) [...7 remote chains...] -- 0:23:49

      Average standard deviation of split frequencies: 0.006928

      3208000 -- [-6001.897] [...7 remote chains...] -- 0:23:48

      Average standard deviation of split frequencies: 0.006937

      3209000 -- (-6010.590) [...7 remote chains...] -- 0:23:47

      Average standard deviation of split frequencies: 0.006934

      3210000 -- (-5986.439) [...7 remote chains...] -- 0:23:46

      Average standard deviation of split frequencies: 0.006937

      3211000 -- [-6011.044] [...7 remote chains...] -- 0:23:46

      Average standard deviation of split frequencies: 0.006949

      3212000 -- [-5976.799] [...7 remote chains...] -- 0:23:45

      Average standard deviation of split frequencies: 0.006954

      3213000 -- (-6002.950) [...7 remote chains...] -- 0:23:44

      Average standard deviation of split frequencies: 0.006956

      3214000 -- (-6019.642) [...7 remote chains...] -- 0:23:44

      Average standard deviation of split frequencies: 0.006952

      3215000 -- (-6019.480) [...7 remote chains...] -- 0:23:43

      Average standard deviation of split frequencies: 0.006945

      3216000 -- (-6011.552) [...7 remote chains...] -- 0:23:42

      Average standard deviation of split frequencies: 0.006935

      3217000 -- (-6013.150) [...7 remote chains...] -- 0:23:41

      Average standard deviation of split frequencies: 0.006915

      3218000 -- (-5996.353) [...7 remote chains...] -- 0:23:40

      Average standard deviation of split frequencies: 0.006904

      3219000 -- (-6008.649) [...7 remote chains...] -- 0:23:40

      Average standard deviation of split frequencies: 0.006918

      3220000 -- (-6005.421) [...7 remote chains...] -- 0:23:39

      Average standard deviation of split frequencies: 0.006930

      3221000 -- (-6010.346) [...7 remote chains...] -- 0:23:38

      Average standard deviation of split frequencies: 0.006938

      3222000 -- (-6017.142) [...7 remote chains...] -- 0:23:38

      Average standard deviation of split frequencies: 0.006938

      3223000 -- (-6038.325) [...7 remote chains...] -- 0:23:37

      Average standard deviation of split frequencies: 0.006957

      3224000 -- (-6028.577) [...7 remote chains...] -- 0:23:36

      Average standard deviation of split frequencies: 0.006944

      3225000 -- (-6050.815) [...7 remote chains...] -- 0:23:36

      Average standard deviation of split frequencies: 0.006943

      3226000 -- (-6060.563) [...7 remote chains...] -- 0:23:35

      Average standard deviation of split frequencies: 0.006921

      3227000 -- (-6049.605) [...7 remote chains...] -- 0:23:34

      Average standard deviation of split frequencies: 0.006906

      3228000 -- (-6044.800) [...7 remote chains...] -- 0:23:33

      Average standard deviation of split frequencies: 0.006921

      3229000 -- (-6036.891) [...7 remote chains...] -- 0:23:32

      Average standard deviation of split frequencies: 0.006936

      3230000 -- (-6014.407) [...7 remote chains...] -- 0:23:32

      Average standard deviation of split frequencies: 0.006945

      3231000 -- (-6001.666) [...7 remote chains...] -- 0:23:31

      Average standard deviation of split frequencies: 0.006974

      3232000 -- (-6010.979) [...7 remote chains...] -- 0:23:30

      Average standard deviation of split frequencies: 0.006978

      3233000 -- [-6006.737] [...7 remote chains...] -- 0:23:30

      Average standard deviation of split frequencies: 0.006978

      3234000 -- [-6001.977] [...7 remote chains...] -- 0:23:29

      Average standard deviation of split frequencies: 0.006989

      3235000 -- (-6008.210) [...7 remote chains...] -- 0:23:28

      Average standard deviation of split frequencies: 0.006994

      3236000 -- (-6021.263) [...7 remote chains...] -- 0:23:28

      Average standard deviation of split frequencies: 0.006986

      3237000 -- (-6008.371) [...7 remote chains...] -- 0:23:27

      Average standard deviation of split frequencies: 0.006980

      3238000 -- (-6012.664) [...7 remote chains...] -- 0:23:26

      Average standard deviation of split frequencies: 0.006997

      3239000 -- (-6048.330) [...7 remote chains...] -- 0:23:25

      Average standard deviation of split frequencies: 0.007035

      3240000 -- (-6007.379) [...7 remote chains...] -- 0:23:24

      Average standard deviation of split frequencies: 0.007042

      3241000 -- (-6005.646) [...7 remote chains...] -- 0:23:24

      Average standard deviation of split frequencies: 0.007044

      3242000 -- [-5980.751] [...7 remote chains...] -- 0:23:23

      Average standard deviation of split frequencies: 0.007058

      3243000 -- (-6004.344) [...7 remote chains...] -- 0:23:22

      Average standard deviation of split frequencies: 0.007077

      3244000 -- [-6016.613] [...7 remote chains...] -- 0:23:21

      Average standard deviation of split frequencies: 0.007071

      3245000 -- (-6002.770) [...7 remote chains...] -- 0:23:21

      Average standard deviation of split frequencies: 0.007087

      3246000 -- [-6016.125] [...7 remote chains...] -- 0:23:20

      Average standard deviation of split frequencies: 0.007092

      3247000 -- (-6021.088) [...7 remote chains...] -- 0:23:19

      Average standard deviation of split frequencies: 0.007082

      3248000 -- (-6024.152) [...7 remote chains...] -- 0:23:19

      Average standard deviation of split frequencies: 0.007066

      3249000 -- (-6020.833) [...7 remote chains...] -- 0:23:17

      Average standard deviation of split frequencies: 0.007068

      3250000 -- (-6029.770) [...7 remote chains...] -- 0:23:17

      Average standard deviation of split frequencies: 0.007075

      3251000 -- (-6008.915) [...7 remote chains...] -- 0:23:16

      Average standard deviation of split frequencies: 0.007085

      3252000 -- (-6025.460) [...7 remote chains...] -- 0:23:15

      Average standard deviation of split frequencies: 0.007075

      3253000 -- (-6036.649) [...7 remote chains...] -- 0:23:15

      Average standard deviation of split frequencies: 0.007073

      3254000 -- (-6022.486) [...7 remote chains...] -- 0:23:14

      Average standard deviation of split frequencies: 0.007076

      3255000 -- (-6023.795) [...7 remote chains...] -- 0:23:13

      Average standard deviation of split frequencies: 0.007090

      3256000 -- (-6003.823) [...7 remote chains...] -- 0:23:13

      Average standard deviation of split frequencies: 0.007090

      3257000 -- (-6002.601) [...7 remote chains...] -- 0:23:11

      Average standard deviation of split frequencies: 0.007118

      3258000 -- (-5999.312) [...7 remote chains...] -- 0:23:11

      Average standard deviation of split frequencies: 0.007122

      3259000 -- (-5996.086) [...7 remote chains...] -- 0:23:10

      Average standard deviation of split frequencies: 0.007149

      3260000 -- (-6016.463) [...7 remote chains...] -- 0:23:09

      Average standard deviation of split frequencies: 0.007124

      3261000 -- (-6025.825) [...7 remote chains...] -- 0:23:09

      Average standard deviation of split frequencies: 0.007095

      3262000 -- (-6031.158) [...7 remote chains...] -- 0:23:08

      Average standard deviation of split frequencies: 0.007126

      3263000 -- (-6036.650) [...7 remote chains...] -- 0:23:07

      Average standard deviation of split frequencies: 0.007105

      3264000 -- (-6034.653) [...7 remote chains...] -- 0:23:07

      Average standard deviation of split frequencies: 0.007108

      3265000 -- (-6039.248) [...7 remote chains...] -- 0:23:05

      Average standard deviation of split frequencies: 0.007100

      3266000 -- (-6044.883) [...7 remote chains...] -- 0:23:05

      Average standard deviation of split frequencies: 0.007091

      3267000 -- (-6021.979) [...7 remote chains...] -- 0:23:04

      Average standard deviation of split frequencies: 0.007099

      3268000 -- (-6025.177) [...7 remote chains...] -- 0:23:03

      Average standard deviation of split frequencies: 0.007132

      3269000 -- (-6043.358) [...7 remote chains...] -- 0:23:03

      Average standard deviation of split frequencies: 0.007122

      3270000 -- (-6025.069) [...7 remote chains...] -- 0:23:02

      Average standard deviation of split frequencies: 0.007126

      3271000 -- (-6020.584) [...7 remote chains...] -- 0:23:01

      Average standard deviation of split frequencies: 0.007160

      3272000 -- (-6055.746) [...7 remote chains...] -- 0:23:01

      Average standard deviation of split frequencies: 0.007160

      3273000 -- (-6068.620) [...7 remote chains...] -- 0:23:00

      Average standard deviation of split frequencies: 0.007152

      3274000 -- (-6062.157) [...7 remote chains...] -- 0:22:59

      Average standard deviation of split frequencies: 0.007148

      3275000 -- (-6030.086) [...7 remote chains...] -- 0:22:58

      Average standard deviation of split frequencies: 0.007106

      3276000 -- (-6056.477) [...7 remote chains...] -- 0:22:57

      Average standard deviation of split frequencies: 0.007086

      3277000 -- (-6018.330) [...7 remote chains...] -- 0:22:57

      Average standard deviation of split frequencies: 0.007071

      3278000 -- (-6027.455) [...7 remote chains...] -- 0:22:56

      Average standard deviation of split frequencies: 0.007062

      3279000 -- (-6040.678) [...7 remote chains...] -- 0:22:55

      Average standard deviation of split frequencies: 0.007034

      3280000 -- [-6022.857] [...7 remote chains...] -- 0:22:54

      Average standard deviation of split frequencies: 0.007017

      3281000 -- (-6020.727) [...7 remote chains...] -- 0:22:54

      Average standard deviation of split frequencies: 0.007009

      3282000 -- (-6008.149) [...7 remote chains...] -- 0:22:53

      Average standard deviation of split frequencies: 0.006992

      3283000 -- [-6016.232] [...7 remote chains...] -- 0:22:52

      Average standard deviation of split frequencies: 0.006995

      3284000 -- (-6024.649) [...7 remote chains...] -- 0:22:51

      Average standard deviation of split frequencies: 0.006984

      3285000 -- (-6022.839) [...7 remote chains...] -- 0:22:50

      Average standard deviation of split frequencies: 0.006961

      3286000 -- [-5997.627] [...7 remote chains...] -- 0:22:50

      Average standard deviation of split frequencies: 0.006975

      3287000 -- (-6030.728) [...7 remote chains...] -- 0:22:49

      Average standard deviation of split frequencies: 0.006972

      3288000 -- (-6027.664) [...7 remote chains...] -- 0:22:48

      Average standard deviation of split frequencies: 0.006967

      3289000 -- (-6003.725) [...7 remote chains...] -- 0:22:47

      Average standard deviation of split frequencies: 0.006966

      3290000 -- [-5994.930] [...7 remote chains...] -- 0:22:46

      Average standard deviation of split frequencies: 0.006957

      3291000 -- (-5983.778) [...7 remote chains...] -- 0:22:46

      Average standard deviation of split frequencies: 0.006957

      3292000 -- [-5985.603] [...7 remote chains...] -- 0:22:45

      Average standard deviation of split frequencies: 0.006956

      3293000 -- [-6004.796] [...7 remote chains...] -- 0:22:44

      Average standard deviation of split frequencies: 0.006968

      3294000 -- (-6026.370) [...7 remote chains...] -- 0:22:43

      Average standard deviation of split frequencies: 0.006948

      3295000 -- (-6041.440) [...7 remote chains...] -- 0:22:42

      Average standard deviation of split frequencies: 0.006945

      3296000 -- (-6051.288) [...7 remote chains...] -- 0:22:42

      Average standard deviation of split frequencies: 0.006969

      3297000 -- (-6022.989) [...7 remote chains...] -- 0:22:41

      Average standard deviation of split frequencies: 0.006949

      3298000 -- (-6023.077) [...7 remote chains...] -- 0:22:40

      Average standard deviation of split frequencies: 0.006946

      3299000 -- (-6045.028) [...7 remote chains...] -- 0:22:39

      Average standard deviation of split frequencies: 0.006932

      3300000 -- (-6028.702) [...7 remote chains...] -- 0:22:38

      Average standard deviation of split frequencies: 0.006945

      3301000 -- (-6022.330) [...7 remote chains...] -- 0:22:38

      Average standard deviation of split frequencies: 0.006946

      3302000 -- (-6034.949) [...7 remote chains...] -- 0:22:37

      Average standard deviation of split frequencies: 0.006958

      3303000 -- [-6012.906] [...7 remote chains...] -- 0:22:36

      Average standard deviation of split frequencies: 0.006994

      3304000 -- (-6026.231) [...7 remote chains...] -- 0:22:35

      Average standard deviation of split frequencies: 0.007013

      3305000 -- (-6034.948) [...7 remote chains...] -- 0:22:34

      Average standard deviation of split frequencies: 0.007010

      3306000 -- (-6020.598) [...7 remote chains...] -- 0:22:34

      Average standard deviation of split frequencies: 0.007039

      3307000 -- (-6026.959) [...7 remote chains...] -- 0:22:33

      Average standard deviation of split frequencies: 0.007084

      3308000 -- (-6028.479) [...7 remote chains...] -- 0:22:32

      Average standard deviation of split frequencies: 0.007081

      3309000 -- (-6049.833) [...7 remote chains...] -- 0:22:31

      Average standard deviation of split frequencies: 0.007088

      3310000 -- (-6041.085) [...7 remote chains...] -- 0:22:30

      Average standard deviation of split frequencies: 0.007087

      3311000 -- (-6042.851) [...7 remote chains...] -- 0:22:29

      Average standard deviation of split frequencies: 0.007079

      3312000 -- (-6050.307) [...7 remote chains...] -- 0:22:29

      Average standard deviation of split frequencies: 0.007072

      3313000 -- (-6041.088) [...7 remote chains...] -- 0:22:28

      Average standard deviation of split frequencies: 0.007066

      3314000 -- (-6023.924) [...7 remote chains...] -- 0:22:27

      Average standard deviation of split frequencies: 0.007083

      3315000 -- (-6016.097) [...7 remote chains...] -- 0:22:26

      Average standard deviation of split frequencies: 0.007067

      3316000 -- (-6022.372) [...7 remote chains...] -- 0:22:25

      Average standard deviation of split frequencies: 0.007061

      3317000 -- (-6022.271) [...7 remote chains...] -- 0:22:25

      Average standard deviation of split frequencies: 0.007045

      3318000 -- (-6033.930) [...7 remote chains...] -- 0:22:24

      Average standard deviation of split frequencies: 0.007037

      3319000 -- (-6029.709) [...7 remote chains...] -- 0:22:23

      Average standard deviation of split frequencies: 0.007038

      3320000 -- (-6051.157) [...7 remote chains...] -- 0:22:22

      Average standard deviation of split frequencies: 0.007050

      3321000 -- (-6031.266) [...7 remote chains...] -- 0:22:21

      Average standard deviation of split frequencies: 0.007044

      3322000 -- (-6053.991) [...7 remote chains...] -- 0:22:21

      Average standard deviation of split frequencies: 0.007051

      3323000 -- (-6012.551) [...7 remote chains...] -- 0:22:20

      Average standard deviation of split frequencies: 0.007045

      3324000 -- [-6011.182] [...7 remote chains...] -- 0:22:19

      Average standard deviation of split frequencies: 0.007060

      3325000 -- (-6037.181) [...7 remote chains...] -- 0:22:18

      Average standard deviation of split frequencies: 0.007046

      3326000 -- (-6037.892) [...7 remote chains...] -- 0:22:17

      Average standard deviation of split frequencies: 0.007048

      3327000 -- (-6056.808) [...7 remote chains...] -- 0:22:17

      Average standard deviation of split frequencies: 0.007041

      3328000 -- (-6057.080) [...7 remote chains...] -- 0:22:16

      Average standard deviation of split frequencies: 0.007027

      3329000 -- (-6058.432) [...7 remote chains...] -- 0:22:15

      Average standard deviation of split frequencies: 0.007011

      3330000 -- (-6044.242) [...7 remote chains...] -- 0:22:14

      Average standard deviation of split frequencies: 0.007010

      3331000 -- (-6035.202) [...7 remote chains...] -- 0:22:13

      Average standard deviation of split frequencies: 0.006998

      3332000 -- (-6025.668) [...7 remote chains...] -- 0:22:13

      Average standard deviation of split frequencies: 0.006982

      3333000 -- (-6034.015) [...7 remote chains...] -- 0:22:12

      Average standard deviation of split frequencies: 0.006979

      3334000 -- (-6046.877) [...7 remote chains...] -- 0:22:11

      Average standard deviation of split frequencies: 0.006983

      3335000 -- (-6056.924) [...7 remote chains...] -- 0:22:11

      Average standard deviation of split frequencies: 0.007001

      3336000 -- (-6047.647) [...7 remote chains...] -- 0:22:09

      Average standard deviation of split frequencies: 0.007005

      3337000 -- [-6005.504] [...7 remote chains...] -- 0:22:09

      Average standard deviation of split frequencies: 0.006999

      3338000 -- (-6029.177) [...7 remote chains...] -- 0:22:08

      Average standard deviation of split frequencies: 0.006998

      3339000 -- [-6010.030] [...7 remote chains...] -- 0:22:07

      Average standard deviation of split frequencies: 0.007018

      3340000 -- (-6004.287) [...7 remote chains...] -- 0:22:07

      Average standard deviation of split frequencies: 0.006998

      3341000 -- (-6002.355) [...7 remote chains...] -- 0:22:05

      Average standard deviation of split frequencies: 0.006969

      3342000 -- [-6010.061] [...7 remote chains...] -- 0:22:05

      Average standard deviation of split frequencies: 0.006949

      3343000 -- (-6041.301) [...7 remote chains...] -- 0:22:04

      Average standard deviation of split frequencies: 0.006952

      3344000 -- (-6018.541) [...7 remote chains...] -- 0:22:03

      Average standard deviation of split frequencies: 0.006949

      3345000 -- (-6009.505) [...7 remote chains...] -- 0:22:02

      Average standard deviation of split frequencies: 0.006953

      3346000 -- (-6015.096) [...7 remote chains...] -- 0:22:01

      Average standard deviation of split frequencies: 0.006932

      3347000 -- (-6018.752) [...7 remote chains...] -- 0:22:01

      Average standard deviation of split frequencies: 0.006911

      3348000 -- (-6042.474) [...7 remote chains...] -- 0:22:00

      Average standard deviation of split frequencies: 0.006906

      3349000 -- (-6066.610) [...7 remote chains...] -- 0:21:59

      Average standard deviation of split frequencies: 0.006905

      3350000 -- (-6047.100) [...7 remote chains...] -- 0:21:58

      Average standard deviation of split frequencies: 0.006898

      3351000 -- (-6067.601) [...7 remote chains...] -- 0:21:57

      Average standard deviation of split frequencies: 0.006885

      3352000 -- (-6042.120) [...7 remote chains...] -- 0:21:57

      Average standard deviation of split frequencies: 0.006877

      3353000 -- (-6035.826) [...7 remote chains...] -- 0:21:56

      Average standard deviation of split frequencies: 0.006882

      3354000 -- (-6030.832) [...7 remote chains...] -- 0:21:55

      Average standard deviation of split frequencies: 0.006870

      3355000 -- (-6027.691) [...7 remote chains...] -- 0:21:54

      Average standard deviation of split frequencies: 0.006863

      3356000 -- (-6037.141) [...7 remote chains...] -- 0:21:53

      Average standard deviation of split frequencies: 0.006878

      3357000 -- (-6022.372) [...7 remote chains...] -- 0:21:53

      Average standard deviation of split frequencies: 0.006886

      3358000 -- (-6027.472) [...7 remote chains...] -- 0:21:52

      Average standard deviation of split frequencies: 0.006870

      3359000 -- (-6032.930) [...7 remote chains...] -- 0:21:51

      Average standard deviation of split frequencies: 0.006871

      3360000 -- (-6059.749) [...7 remote chains...] -- 0:21:51

      Average standard deviation of split frequencies: 0.006856

      3361000 -- (-6039.030) [...7 remote chains...] -- 0:21:50

      Average standard deviation of split frequencies: 0.006851

      3362000 -- (-6048.794) [...7 remote chains...] -- 0:21:49

      Average standard deviation of split frequencies: 0.006855

      3363000 -- (-6040.563) [...7 remote chains...] -- 0:21:48

      Average standard deviation of split frequencies: 0.006870

      3364000 -- (-6015.447) [...7 remote chains...] -- 0:21:47

      Average standard deviation of split frequencies: 0.006844

      3365000 -- [-5994.002] [...7 remote chains...] -- 0:21:46

      Average standard deviation of split frequencies: 0.006856

      3366000 -- (-6009.705) [...7 remote chains...] -- 0:21:45

      Average standard deviation of split frequencies: 0.006868

      3367000 -- [-5985.249] [...7 remote chains...] -- 0:21:45

      Average standard deviation of split frequencies: 0.006879

      3368000 -- (-6000.454) [...7 remote chains...] -- 0:21:43

      Average standard deviation of split frequencies: 0.006877

      3369000 -- [-6006.959] [...7 remote chains...] -- 0:21:43

      Average standard deviation of split frequencies: 0.006884

      3370000 -- (-6012.448) [...7 remote chains...] -- 0:21:42

      Average standard deviation of split frequencies: 0.006901

      3371000 -- (-6030.685) [...7 remote chains...] -- 0:21:41

      Average standard deviation of split frequencies: 0.006860

      3372000 -- (-6021.051) [...7 remote chains...] -- 0:21:40

      Average standard deviation of split frequencies: 0.006859

      3373000 -- (-6035.803) [...7 remote chains...] -- 0:21:39

      Average standard deviation of split frequencies: 0.006855

      3374000 -- (-6044.722) [...7 remote chains...] -- 0:21:38

      Average standard deviation of split frequencies: 0.006868

      3375000 -- (-6046.621) [...7 remote chains...] -- 0:21:38

      Average standard deviation of split frequencies: 0.006837

      3376000 -- (-6033.553) [...7 remote chains...] -- 0:21:36

      Average standard deviation of split frequencies: 0.006843

      3377000 -- (-6019.875) [...7 remote chains...] -- 0:21:36

      Average standard deviation of split frequencies: 0.006861

      3378000 -- (-6022.262) [...7 remote chains...] -- 0:21:35

      Average standard deviation of split frequencies: 0.006879

      3379000 -- (-6021.826) [...7 remote chains...] -- 0:21:34

      Average standard deviation of split frequencies: 0.006902

      3380000 -- (-6037.497) [...7 remote chains...] -- 0:21:33

      Average standard deviation of split frequencies: 0.006901

      3381000 -- (-6016.176) [...7 remote chains...] -- 0:21:32

      Average standard deviation of split frequencies: 0.006908

      3382000 -- (-6006.726) [...7 remote chains...] -- 0:21:31

      Average standard deviation of split frequencies: 0.006909

      3383000 -- (-6027.962) [...7 remote chains...] -- 0:21:31

      Average standard deviation of split frequencies: 0.006891

      3384000 -- (-6030.414) [...7 remote chains...] -- 0:21:29

      Average standard deviation of split frequencies: 0.006911

      3385000 -- (-6036.511) [...7 remote chains...] -- 0:21:29

      Average standard deviation of split frequencies: 0.006906

      3386000 -- (-6050.906) [...7 remote chains...] -- 0:21:27

      Average standard deviation of split frequencies: 0.006918

      3387000 -- (-6047.287) [...7 remote chains...] -- 0:21:27

      Average standard deviation of split frequencies: 0.006938

      3388000 -- (-6050.326) [...7 remote chains...] -- 0:21:26

      Average standard deviation of split frequencies: 0.006943

      3389000 -- (-6041.881) [...7 remote chains...] -- 0:21:25

      Average standard deviation of split frequencies: 0.006953

      3390000 -- (-6007.610) [...7 remote chains...] -- 0:21:24

      Average standard deviation of split frequencies: 0.006958

      3391000 -- (-6039.740) [...7 remote chains...] -- 0:21:23

      Average standard deviation of split frequencies: 0.006958

      3392000 -- (-6022.612) [...7 remote chains...] -- 0:21:22

      Average standard deviation of split frequencies: 0.006969

      3393000 -- (-6008.070) [...7 remote chains...] -- 0:21:22

      Average standard deviation of split frequencies: 0.006930

      3394000 -- (-6013.535) [...7 remote chains...] -- 0:21:20

      Average standard deviation of split frequencies: 0.006920

      3395000 -- (-6029.736) [...7 remote chains...] -- 0:21:20

      Average standard deviation of split frequencies: 0.006929

      3396000 -- (-6030.322) [...7 remote chains...] -- 0:21:19

      Average standard deviation of split frequencies: 0.006941

      3397000 -- (-6034.120) [...7 remote chains...] -- 0:21:18

      Average standard deviation of split frequencies: 0.006950

      3398000 -- [-5996.861] [...7 remote chains...] -- 0:21:17

      Average standard deviation of split frequencies: 0.006942

      3399000 -- (-5999.295) [...7 remote chains...] -- 0:21:16

      Average standard deviation of split frequencies: 0.006966

      3400000 -- (-5999.322) [...7 remote chains...] -- 0:21:15

      Average standard deviation of split frequencies: 0.006978

      3401000 -- [-5994.095] [...7 remote chains...] -- 0:21:15

      Average standard deviation of split frequencies: 0.006938

      3402000 -- [-6020.923] [...7 remote chains...] -- 0:21:13

      Average standard deviation of split frequencies: 0.006932

      3403000 -- [-6001.767] [...7 remote chains...] -- 0:21:13

      Average standard deviation of split frequencies: 0.006939

      3404000 -- (-6008.019) [...7 remote chains...] -- 0:21:12

      Average standard deviation of split frequencies: 0.006931

      3405000 -- (-5997.977) [...7 remote chains...] -- 0:21:11

      Average standard deviation of split frequencies: 0.006941

      3406000 -- (-6020.793) [...7 remote chains...] -- 0:21:10

      Average standard deviation of split frequencies: 0.006935

      3407000 -- (-6037.399) [...7 remote chains...] -- 0:21:09

      Average standard deviation of split frequencies: 0.006958

      3408000 -- (-6034.995) [...7 remote chains...] -- 0:21:08

      Average standard deviation of split frequencies: 0.006962

      3409000 -- (-6050.725) [...7 remote chains...] -- 0:21:07

      Average standard deviation of split frequencies: 0.006953

      3410000 -- (-6017.929) [...7 remote chains...] -- 0:21:06

      Average standard deviation of split frequencies: 0.006924

      3411000 -- (-6024.246) [...7 remote chains...] -- 0:21:06

      Average standard deviation of split frequencies: 0.006939

      3412000 -- [-5997.814] [...7 remote chains...] -- 0:21:05

      Average standard deviation of split frequencies: 0.006944

      3413000 -- [-6005.461] [...7 remote chains...] -- 0:21:04

      Average standard deviation of split frequencies: 0.006919

      3414000 -- [-6002.783] [...7 remote chains...] -- 0:21:03

      Average standard deviation of split frequencies: 0.006926

      3415000 -- (-6022.305) [...7 remote chains...] -- 0:21:02

      Average standard deviation of split frequencies: 0.006951

      3416000 -- (-6033.030) [...7 remote chains...] -- 0:21:01

      Average standard deviation of split frequencies: 0.006955

      3417000 -- (-6027.114) [...7 remote chains...] -- 0:21:00

      Average standard deviation of split frequencies: 0.006959

      3418000 -- (-6019.735) [...7 remote chains...] -- 0:20:59

      Average standard deviation of split frequencies: 0.006969

      3419000 -- (-6033.497) [...7 remote chains...] -- 0:20:59

      Average standard deviation of split frequencies: 0.006994

      3420000 -- (-6041.083) [...7 remote chains...] -- 0:20:57

      Average standard deviation of split frequencies: 0.006981

      3421000 -- (-6027.003) [...7 remote chains...] -- 0:20:57

      Average standard deviation of split frequencies: 0.006989

      3422000 -- (-6043.095) [...7 remote chains...] -- 0:20:56

      Average standard deviation of split frequencies: 0.006994

      3423000 -- (-6053.100) [...7 remote chains...] -- 0:20:55

      Average standard deviation of split frequencies: 0.006975

      3424000 -- (-6026.128) [...7 remote chains...] -- 0:20:54

      Average standard deviation of split frequencies: 0.006971

      3425000 -- (-6029.964) [...7 remote chains...] -- 0:20:53

      Average standard deviation of split frequencies: 0.006981

      3426000 -- (-6054.623) [...7 remote chains...] -- 0:20:52

      Average standard deviation of split frequencies: 0.006986

      3427000 -- (-6052.064) [...7 remote chains...] -- 0:20:52

      Average standard deviation of split frequencies: 0.006986

      3428000 -- (-6029.421) [...7 remote chains...] -- 0:20:50

      Average standard deviation of split frequencies: 0.006971

      3429000 -- (-6021.083) [...7 remote chains...] -- 0:20:50

      Average standard deviation of split frequencies: 0.006982

      3430000 -- (-6027.608) [...7 remote chains...] -- 0:20:49

      Average standard deviation of split frequencies: 0.006978

      3431000 -- (-6041.208) [...7 remote chains...] -- 0:20:48

      Average standard deviation of split frequencies: 0.006975

      3432000 -- (-6039.968) [...7 remote chains...] -- 0:20:47

      Average standard deviation of split frequencies: 0.007004

      3433000 -- (-6033.909) [...7 remote chains...] -- 0:20:46

      Average standard deviation of split frequencies: 0.007012

      3434000 -- (-6027.092) [...7 remote chains...] -- 0:20:45

      Average standard deviation of split frequencies: 0.007015

      3435000 -- (-6024.124) [...7 remote chains...] -- 0:20:44

      Average standard deviation of split frequencies: 0.007000

      3436000 -- (-6027.791) [...7 remote chains...] -- 0:20:44

      Average standard deviation of split frequencies: 0.006997

      3437000 -- (-6045.136) [...7 remote chains...] -- 0:20:43

      Average standard deviation of split frequencies: 0.006984

      3438000 -- (-6051.398) [...7 remote chains...] -- 0:20:42

      Average standard deviation of split frequencies: 0.006962

      3439000 -- (-6018.895) [...7 remote chains...] -- 0:20:41

      Average standard deviation of split frequencies: 0.006970

      3440000 -- [-5997.414] [...7 remote chains...] -- 0:20:40

      Average standard deviation of split frequencies: 0.006977

      3441000 -- [-5995.510] [...7 remote chains...] -- 0:20:39

      Average standard deviation of split frequencies: 0.006961

      3442000 -- [-5996.631] [...7 remote chains...] -- 0:20:38

      Average standard deviation of split frequencies: 0.006979

      3443000 -- [-5992.650] [...7 remote chains...] -- 0:20:37

      Average standard deviation of split frequencies: 0.006974

      3444000 -- [-5989.841] [...7 remote chains...] -- 0:20:37

      Average standard deviation of split frequencies: 0.006981

      3445000 -- [-6000.680] [...7 remote chains...] -- 0:20:36

      Average standard deviation of split frequencies: 0.007009

      3446000 -- [-5995.124] [...7 remote chains...] -- 0:20:35

      Average standard deviation of split frequencies: 0.007028

      3447000 -- [-5989.375] [...7 remote chains...] -- 0:20:34

      Average standard deviation of split frequencies: 0.007057

      3448000 -- (-5971.086) [...7 remote chains...] -- 0:20:33

      Average standard deviation of split frequencies: 0.007061

      3449000 -- [-5981.634] [...7 remote chains...] -- 0:20:32

      Average standard deviation of split frequencies: 0.007074

      3450000 -- [-5996.071] [...7 remote chains...] -- 0:20:31

      Average standard deviation of split frequencies: 0.007085

      3451000 -- (-6005.516) [...7 remote chains...] -- 0:20:30

      Average standard deviation of split frequencies: 0.007098

      3452000 -- [-5991.399] [...7 remote chains...] -- 0:20:30

      Average standard deviation of split frequencies: 0.007116

      3453000 -- (-5991.786) [...7 remote chains...] -- 0:20:29

      Average standard deviation of split frequencies: 0.007111

      3454000 -- (-6019.672) [...7 remote chains...] -- 0:20:28

      Average standard deviation of split frequencies: 0.007107

      3455000 -- (-6002.489) [...7 remote chains...] -- 0:20:27

      Average standard deviation of split frequencies: 0.007090

      3456000 -- (-6042.468) [...7 remote chains...] -- 0:20:26

      Average standard deviation of split frequencies: 0.007076

      3457000 -- (-6015.343) [...7 remote chains...] -- 0:20:25

      Average standard deviation of split frequencies: 0.007072

      3458000 -- (-5993.713) [...7 remote chains...] -- 0:20:24

      Average standard deviation of split frequencies: 0.007066

      3459000 -- (-6008.074) [...7 remote chains...] -- 0:20:23

      Average standard deviation of split frequencies: 0.007066

      3460000 -- (-6015.549) [...7 remote chains...] -- 0:20:23

      Average standard deviation of split frequencies: 0.007063

      3461000 -- (-6025.379) [...7 remote chains...] -- 0:20:22

      Average standard deviation of split frequencies: 0.007051

      3462000 -- (-6040.121) [...7 remote chains...] -- 0:20:21

      Average standard deviation of split frequencies: 0.007045

      3463000 -- (-6015.235) [...7 remote chains...] -- 0:20:20

      Average standard deviation of split frequencies: 0.007021

      3464000 -- [-5999.837] [...7 remote chains...] -- 0:20:19

      Average standard deviation of split frequencies: 0.007011

      3465000 -- [-5991.038] [...7 remote chains...] -- 0:20:18

      Average standard deviation of split frequencies: 0.007006

      3466000 -- (-6068.158) [...7 remote chains...] -- 0:20:17

      Average standard deviation of split frequencies: 0.007005

      3467000 -- (-6058.682) [...7 remote chains...] -- 0:20:16

      Average standard deviation of split frequencies: 0.006999

      3468000 -- (-6033.697) [...7 remote chains...] -- 0:20:16

      Average standard deviation of split frequencies: 0.006999

      3469000 -- (-6040.038) [...7 remote chains...] -- 0:20:15

      Average standard deviation of split frequencies: 0.007016

      3470000 -- (-6035.088) [...7 remote chains...] -- 0:20:14

      Average standard deviation of split frequencies: 0.007013

      3471000 -- (-6013.230) [...7 remote chains...] -- 0:20:13

      Average standard deviation of split frequencies: 0.007024

      3472000 -- (-6010.256) [...7 remote chains...] -- 0:20:12

      Average standard deviation of split frequencies: 0.007015

      3473000 -- (-6007.115) [...7 remote chains...] -- 0:20:11

      Average standard deviation of split frequencies: 0.007012

      3474000 -- (-6024.386) [...7 remote chains...] -- 0:20:10

      Average standard deviation of split frequencies: 0.006976

      3475000 -- (-6011.080) [...7 remote chains...] -- 0:20:09

      Average standard deviation of split frequencies: 0.006972

      3476000 -- (-6023.651) [...7 remote chains...] -- 0:20:09

      Average standard deviation of split frequencies: 0.006960

      3477000 -- (-6018.563) [...7 remote chains...] -- 0:20:08

      Average standard deviation of split frequencies: 0.006969

      3478000 -- (-6015.367) [...7 remote chains...] -- 0:20:07

      Average standard deviation of split frequencies: 0.006960

      3479000 -- (-6024.099) [...7 remote chains...] -- 0:20:06

      Average standard deviation of split frequencies: 0.006967

      3480000 -- (-6016.275) [...7 remote chains...] -- 0:20:05

      Average standard deviation of split frequencies: 0.006952

      3481000 -- (-6002.499) [...7 remote chains...] -- 0:20:04

      Average standard deviation of split frequencies: 0.006961

      3482000 -- [-5988.038] [...7 remote chains...] -- 0:20:03

      Average standard deviation of split frequencies: 0.006951

      3483000 -- (-6007.216) [...7 remote chains...] -- 0:20:02

      Average standard deviation of split frequencies: 0.006967

      3484000 -- (-6027.647) [...7 remote chains...] -- 0:20:02

      Average standard deviation of split frequencies: 0.006970

      3485000 -- (-6029.490) [...7 remote chains...] -- 0:20:01

      Average standard deviation of split frequencies: 0.006964

      3486000 -- (-6029.476) [...7 remote chains...] -- 0:20:00

      Average standard deviation of split frequencies: 0.006970

      3487000 -- (-6016.444) [...7 remote chains...] -- 0:19:59

      Average standard deviation of split frequencies: 0.006987

      3488000 -- (-6029.004) [...7 remote chains...] -- 0:19:58

      Average standard deviation of split frequencies: 0.006984

      3489000 -- (-6039.167) [...7 remote chains...] -- 0:19:57

      Average standard deviation of split frequencies: 0.006971

      3490000 -- (-6037.630) [...7 remote chains...] -- 0:19:56

      Average standard deviation of split frequencies: 0.006944

      3491000 -- (-6056.657) [...7 remote chains...] -- 0:19:56

      Average standard deviation of split frequencies: 0.006954

      3492000 -- (-6039.202) [...7 remote chains...] -- 0:19:54

      Average standard deviation of split frequencies: 0.006950

      3493000 -- (-6032.952) [...7 remote chains...] -- 0:19:54

      Average standard deviation of split frequencies: 0.006939

      3494000 -- (-6030.966) [...7 remote chains...] -- 0:19:53

      Average standard deviation of split frequencies: 0.006919

      3495000 -- (-6021.916) [...7 remote chains...] -- 0:19:52

      Average standard deviation of split frequencies: 0.006910

      3496000 -- (-6037.344) [...7 remote chains...] -- 0:19:51

      Average standard deviation of split frequencies: 0.006881

      3497000 -- (-6019.433) [...7 remote chains...] -- 0:19:50

      Average standard deviation of split frequencies: 0.006872

      3498000 -- [-6011.416] [...7 remote chains...] -- 0:19:49

      Average standard deviation of split frequencies: 0.006866

      3499000 -- (-6015.957) [...7 remote chains...] -- 0:19:49

      Average standard deviation of split frequencies: 0.006877

      3500000 -- (-6010.867) [...7 remote chains...] -- 0:19:48

      Average standard deviation of split frequencies: 0.006879

      3501000 -- (-6039.136) [...7 remote chains...] -- 0:19:47

      Average standard deviation of split frequencies: 0.006876

      3502000 -- (-6035.854) [...7 remote chains...] -- 0:19:46

      Average standard deviation of split frequencies: 0.006857

      3503000 -- (-6033.411) [...7 remote chains...] -- 0:19:45

      Average standard deviation of split frequencies: 0.006850

      3504000 -- (-6024.374) [...7 remote chains...] -- 0:19:44

      Average standard deviation of split frequencies: 0.006829

      3505000 -- (-6000.569) [...7 remote chains...] -- 0:19:43

      Average standard deviation of split frequencies: 0.006826

      3506000 -- [-6000.880] [...7 remote chains...] -- 0:19:42

      Average standard deviation of split frequencies: 0.006823

      3507000 -- [-5999.044] [...7 remote chains...] -- 0:19:42

      Average standard deviation of split frequencies: 0.006843

      3508000 -- [-5988.657] [...7 remote chains...] -- 0:19:41

      Average standard deviation of split frequencies: 0.006833

      3509000 -- [-5989.635] [...7 remote chains...] -- 0:19:40

      Average standard deviation of split frequencies: 0.006836

      3510000 -- [-6000.642] [...7 remote chains...] -- 0:19:39

      Average standard deviation of split frequencies: 0.006835

      3511000 -- (-6021.193) [...7 remote chains...] -- 0:19:38

      Average standard deviation of split frequencies: 0.006839

      3512000 -- (-6036.557) [...7 remote chains...] -- 0:19:37

      Average standard deviation of split frequencies: 0.006828

      3513000 -- [-6005.237] [...7 remote chains...] -- 0:19:36

      Average standard deviation of split frequencies: 0.006814

      3514000 -- (-6040.913) [...7 remote chains...] -- 0:19:36

      Average standard deviation of split frequencies: 0.006824

      3515000 -- (-6011.642) [...7 remote chains...] -- 0:19:34

      Average standard deviation of split frequencies: 0.006796

      3516000 -- (-6026.811) [...7 remote chains...] -- 0:19:34

      Average standard deviation of split frequencies: 0.006809

      3517000 -- (-6010.544) [...7 remote chains...] -- 0:19:33

      Average standard deviation of split frequencies: 0.006803

      3518000 -- (-5989.360) [...7 remote chains...] -- 0:19:32

      Average standard deviation of split frequencies: 0.006793

      3519000 -- (-5997.243) [...7 remote chains...] -- 0:19:31

      Average standard deviation of split frequencies: 0.006805

      3520000 -- (-6011.393) [...7 remote chains...] -- 0:19:30

      Average standard deviation of split frequencies: 0.006783

      3521000 -- [-5992.729] [...7 remote chains...] -- 0:19:29

      Average standard deviation of split frequencies: 0.006777

      3522000 -- [-5998.356] [...7 remote chains...] -- 0:19:29

      Average standard deviation of split frequencies: 0.006764

      3523000 -- (-5998.326) [...7 remote chains...] -- 0:19:28

      Average standard deviation of split frequencies: 0.006762

      3524000 -- (-6018.797) [...7 remote chains...] -- 0:19:27

      Average standard deviation of split frequencies: 0.006742

      3525000 -- [-5997.302] [...7 remote chains...] -- 0:19:26

      Average standard deviation of split frequencies: 0.006754

      3526000 -- (-6021.476) [...7 remote chains...] -- 0:19:25

      Average standard deviation of split frequencies: 0.006756

      3527000 -- (-6052.811) [...7 remote chains...] -- 0:19:24

      Average standard deviation of split frequencies: 0.006764

      3528000 -- (-6026.749) [...7 remote chains...] -- 0:19:23

      Average standard deviation of split frequencies: 0.006756

      3529000 -- [-6023.991] [...7 remote chains...] -- 0:19:22

      Average standard deviation of split frequencies: 0.006727

      3530000 -- [-5988.354] [...7 remote chains...] -- 0:19:22

      Average standard deviation of split frequencies: 0.006714

      3531000 -- [-5973.460] [...7 remote chains...] -- 0:19:21

      Average standard deviation of split frequencies: 0.006719

      3532000 -- [-5984.550] [...7 remote chains...] -- 0:19:20

      Average standard deviation of split frequencies: 0.006713

      3533000 -- (-5999.092) [...7 remote chains...] -- 0:19:19

      Average standard deviation of split frequencies: 0.006732

      3534000 -- (-5993.725) [...7 remote chains...] -- 0:19:18

      Average standard deviation of split frequencies: 0.006750

      3535000 -- [-5984.721] [...7 remote chains...] -- 0:19:17

      Average standard deviation of split frequencies: 0.006767

      3536000 -- [-5986.794] [...7 remote chains...] -- 0:19:16

      Average standard deviation of split frequencies: 0.006780

      3537000 -- (-6008.667) [...7 remote chains...] -- 0:19:16

      Average standard deviation of split frequencies: 0.006796

      3538000 -- (-5986.656) [...7 remote chains...] -- 0:19:15

      Average standard deviation of split frequencies: 0.006789

      3539000 -- [-5971.691] [...7 remote chains...] -- 0:19:14

      Average standard deviation of split frequencies: 0.006788

      3540000 -- [-5975.981] [...7 remote chains...] -- 0:19:13

      Average standard deviation of split frequencies: 0.006782

      3541000 -- [-5997.225] [...7 remote chains...] -- 0:19:12

      Average standard deviation of split frequencies: 0.006779

      3542000 -- [-5987.986] [...7 remote chains...] -- 0:19:11

      Average standard deviation of split frequencies: 0.006755

      3543000 -- (-6000.846) [...7 remote chains...] -- 0:19:11

      Average standard deviation of split frequencies: 0.006757

      3544000 -- (-6009.096) [...7 remote chains...] -- 0:19:09

      Average standard deviation of split frequencies: 0.006759

      3545000 -- (-6041.278) [...7 remote chains...] -- 0:19:09

      Average standard deviation of split frequencies: 0.006764

      3546000 -- (-6023.324) [...7 remote chains...] -- 0:19:08

      Average standard deviation of split frequencies: 0.006750

      3547000 -- (-6013.262) [...7 remote chains...] -- 0:19:07

      Average standard deviation of split frequencies: 0.006758

      3548000 -- (-6043.600) [...7 remote chains...] -- 0:19:06

      Average standard deviation of split frequencies: 0.006768

      3549000 -- (-6053.276) [...7 remote chains...] -- 0:19:05

      Average standard deviation of split frequencies: 0.006804

      3550000 -- (-6067.066) [...7 remote chains...] -- 0:19:04

      Average standard deviation of split frequencies: 0.006780

      3551000 -- (-6034.771) [...7 remote chains...] -- 0:19:03

      Average standard deviation of split frequencies: 0.006780

      3552000 -- (-6017.131) [...7 remote chains...] -- 0:19:03

      Average standard deviation of split frequencies: 0.006788

      3553000 -- (-6056.795) [...7 remote chains...] -- 0:19:02

      Average standard deviation of split frequencies: 0.006777

      3554000 -- [-6020.887] [...7 remote chains...] -- 0:19:01

      Average standard deviation of split frequencies: 0.006768

      3555000 -- (-6016.764) [...7 remote chains...] -- 0:19:00

      Average standard deviation of split frequencies: 0.006777

      3556000 -- (-6021.585) [...7 remote chains...] -- 0:18:59

      Average standard deviation of split frequencies: 0.006778

      3557000 -- (-6048.289) [...7 remote chains...] -- 0:18:58

      Average standard deviation of split frequencies: 0.006784

      3558000 -- (-6053.613) [...7 remote chains...] -- 0:18:58

      Average standard deviation of split frequencies: 0.006797

      3559000 -- (-6052.478) [...7 remote chains...] -- 0:18:56

      Average standard deviation of split frequencies: 0.006822

      3560000 -- (-6032.891) [...7 remote chains...] -- 0:18:56

      Average standard deviation of split frequencies: 0.006832

      3561000 -- (-6033.846) [...7 remote chains...] -- 0:18:55

      Average standard deviation of split frequencies: 0.006836

      3562000 -- [-6012.374] [...7 remote chains...] -- 0:18:54

      Average standard deviation of split frequencies: 0.006833

      3563000 -- [-5995.223] [...7 remote chains...] -- 0:18:53

      Average standard deviation of split frequencies: 0.006852

      3564000 -- [-5980.278] [...7 remote chains...] -- 0:18:52

      Average standard deviation of split frequencies: 0.006865

      3565000 -- [-5994.959] [...7 remote chains...] -- 0:18:51

      Average standard deviation of split frequencies: 0.006870

      3566000 -- [-6006.507] [...7 remote chains...] -- 0:18:51

      Average standard deviation of split frequencies: 0.006886

      3567000 -- [-5987.717] [...7 remote chains...] -- 0:18:50

      Average standard deviation of split frequencies: 0.006881

      3568000 -- (-6003.873) [...7 remote chains...] -- 0:18:49

      Average standard deviation of split frequencies: 0.006875

      3569000 -- (-6024.296) [...7 remote chains...] -- 0:18:48

      Average standard deviation of split frequencies: 0.006871

      3570000 -- (-6015.971) [...7 remote chains...] -- 0:18:47

      Average standard deviation of split frequencies: 0.006855

      3571000 -- [-5995.580] [...7 remote chains...] -- 0:18:46

      Average standard deviation of split frequencies: 0.006889

      3572000 -- [-6001.670] [...7 remote chains...] -- 0:18:45

      Average standard deviation of split frequencies: 0.006863

      3573000 -- (-6004.366) [...7 remote chains...] -- 0:18:45

      Average standard deviation of split frequencies: 0.006854

      3574000 -- [-5991.162] [...7 remote chains...] -- 0:18:44

      Average standard deviation of split frequencies: 0.006853

      3575000 -- [-5994.312] [...7 remote chains...] -- 0:18:43

      Average standard deviation of split frequencies: 0.006843

      3576000 -- (-6008.262) [...7 remote chains...] -- 0:18:42

      Average standard deviation of split frequencies: 0.006835

      3577000 -- (-5993.559) [...7 remote chains...] -- 0:18:41

      Average standard deviation of split frequencies: 0.006819

      3578000 -- (-6009.763) [...7 remote chains...] -- 0:18:40

      Average standard deviation of split frequencies: 0.006821

      3579000 -- (-6016.531) [...7 remote chains...] -- 0:18:40

      Average standard deviation of split frequencies: 0.006812

      3580000 -- (-6009.468) [...7 remote chains...] -- 0:18:38

      Average standard deviation of split frequencies: 0.006803

      3581000 -- (-6012.733) [...7 remote chains...] -- 0:18:38

      Average standard deviation of split frequencies: 0.006794

      3582000 -- (-6012.369) [...7 remote chains...] -- 0:18:37

      Average standard deviation of split frequencies: 0.006793

      3583000 -- (-6026.625) [...7 remote chains...] -- 0:18:36

      Average standard deviation of split frequencies: 0.006787

      3584000 -- (-5998.576) [...7 remote chains...] -- 0:18:35

      Average standard deviation of split frequencies: 0.006785

      3585000 -- [-5991.200] [...7 remote chains...] -- 0:18:34

      Average standard deviation of split frequencies: 0.006784

      3586000 -- (-6007.367) [...7 remote chains...] -- 0:18:33

      Average standard deviation of split frequencies: 0.006772

      3587000 -- (-6009.537) [...7 remote chains...] -- 0:18:32

      Average standard deviation of split frequencies: 0.006794

      3588000 -- (-6001.255) [...7 remote chains...] -- 0:18:32

      Average standard deviation of split frequencies: 0.006799

      3589000 -- (-5998.233) [...7 remote chains...] -- 0:18:31

      Average standard deviation of split frequencies: 0.006785

      3590000 -- (-6023.157) [...7 remote chains...] -- 0:18:30

      Average standard deviation of split frequencies: 0.006781

      3591000 -- (-6005.075) [...7 remote chains...] -- 0:18:29

      Average standard deviation of split frequencies: 0.006792

      3592000 -- (-6014.409) [...7 remote chains...] -- 0:18:28

      Average standard deviation of split frequencies: 0.006794

      3593000 -- (-6032.335) [...7 remote chains...] -- 0:18:27

      Average standard deviation of split frequencies: 0.006805

      3594000 -- (-6039.559) [...7 remote chains...] -- 0:18:27

      Average standard deviation of split frequencies: 0.006812

      3595000 -- (-6034.053) [...7 remote chains...] -- 0:18:26

      Average standard deviation of split frequencies: 0.006817

      3596000 -- (-6037.897) [...7 remote chains...] -- 0:18:25

      Average standard deviation of split frequencies: 0.006811

      3597000 -- (-6022.407) [...7 remote chains...] -- 0:18:24

      Average standard deviation of split frequencies: 0.006827

      3598000 -- (-5997.124) [...7 remote chains...] -- 0:18:23

      Average standard deviation of split frequencies: 0.006824

      3599000 -- (-6014.395) [...7 remote chains...] -- 0:18:22

      Average standard deviation of split frequencies: 0.006843

      3600000 -- (-6027.442) [...7 remote chains...] -- 0:18:22

      Average standard deviation of split frequencies: 0.006828

      3601000 -- (-6036.039) [...7 remote chains...] -- 0:18:21

      Average standard deviation of split frequencies: 0.006810

      3602000 -- (-6043.935) [...7 remote chains...] -- 0:18:20

      Average standard deviation of split frequencies: 0.006843

      3603000 -- (-6039.234) [...7 remote chains...] -- 0:18:19

      Average standard deviation of split frequencies: 0.006831

      3604000 -- (-6026.092) [...7 remote chains...] -- 0:18:18

      Average standard deviation of split frequencies: 0.006822

      3605000 -- (-6033.495) [...7 remote chains...] -- 0:18:17

      Average standard deviation of split frequencies: 0.006809

      3606000 -- (-6039.796) [...7 remote chains...] -- 0:18:16

      Average standard deviation of split frequencies: 0.006829

      3607000 -- (-6039.001) [...7 remote chains...] -- 0:18:16

      Average standard deviation of split frequencies: 0.006803

      3608000 -- [-6003.502] [...7 remote chains...] -- 0:18:14

      Average standard deviation of split frequencies: 0.006801

      3609000 -- (-6019.420) [...7 remote chains...] -- 0:18:14

      Average standard deviation of split frequencies: 0.006809

      3610000 -- (-6000.967) [...7 remote chains...] -- 0:18:13

      Average standard deviation of split frequencies: 0.006814

      3611000 -- [-5994.530] [...7 remote chains...] -- 0:18:12

      Average standard deviation of split frequencies: 0.006817

      3612000 -- [-5994.670] [...7 remote chains...] -- 0:18:11

      Average standard deviation of split frequencies: 0.006795

      3613000 -- (-6012.767) [...7 remote chains...] -- 0:18:10

      Average standard deviation of split frequencies: 0.006791

      3614000 -- [-6002.187] [...7 remote chains...] -- 0:18:09

      Average standard deviation of split frequencies: 0.006794

      3615000 -- (-6018.490) [...7 remote chains...] -- 0:18:09

      Average standard deviation of split frequencies: 0.006774

      3616000 -- (-6013.515) [...7 remote chains...] -- 0:18:08

      Average standard deviation of split frequencies: 0.006775

      3617000 -- (-5998.618) [...7 remote chains...] -- 0:18:07

      Average standard deviation of split frequencies: 0.006756

      3618000 -- (-6001.815) [...7 remote chains...] -- 0:18:06

      Average standard deviation of split frequencies: 0.006749

      3619000 -- [-5994.983] [...7 remote chains...] -- 0:18:05

      Average standard deviation of split frequencies: 0.006755

      3620000 -- (-6001.639) [...7 remote chains...] -- 0:18:04

      Average standard deviation of split frequencies: 0.006757

      3621000 -- (-6023.307) [...7 remote chains...] -- 0:18:03

      Average standard deviation of split frequencies: 0.006751

      3622000 -- (-6044.983) [...7 remote chains...] -- 0:18:03

      Average standard deviation of split frequencies: 0.006761

      3623000 -- (-6034.986) [...7 remote chains...] -- 0:18:02

      Average standard deviation of split frequencies: 0.006746

      3624000 -- (-6039.299) [...7 remote chains...] -- 0:18:01

      Average standard deviation of split frequencies: 0.006728

      3625000 -- (-6030.336) [...7 remote chains...] -- 0:18:00

      Average standard deviation of split frequencies: 0.006692

      3626000 -- (-6032.370) [...7 remote chains...] -- 0:17:59

      Average standard deviation of split frequencies: 0.006702

      3627000 -- (-6013.416) [...7 remote chains...] -- 0:17:58

      Average standard deviation of split frequencies: 0.006697

      3628000 -- (-5994.659) [...7 remote chains...] -- 0:17:58

      Average standard deviation of split frequencies: 0.006692

      3629000 -- (-6003.136) [...7 remote chains...] -- 0:17:57

      Average standard deviation of split frequencies: 0.006679

      3630000 -- (-6016.670) [...7 remote chains...] -- 0:17:56

      Average standard deviation of split frequencies: 0.006667

      3631000 -- [-6018.556] [...7 remote chains...] -- 0:17:55

      Average standard deviation of split frequencies: 0.006649

      3632000 -- [-6000.071] [...7 remote chains...] -- 0:17:54

      Average standard deviation of split frequencies: 0.006639

      3633000 -- (-6002.521) [...7 remote chains...] -- 0:17:53

      Average standard deviation of split frequencies: 0.006617

      3634000 -- (-6003.541) [...7 remote chains...] -- 0:17:52

      Average standard deviation of split frequencies: 0.006611

      3635000 -- (-5991.806) [...7 remote chains...] -- 0:17:52

      Average standard deviation of split frequencies: 0.006634

      3636000 -- (-6014.910) [...7 remote chains...] -- 0:17:51

      Average standard deviation of split frequencies: 0.006642

      3637000 -- (-6008.246) [...7 remote chains...] -- 0:17:50

      Average standard deviation of split frequencies: 0.006658

      3638000 -- [-6008.558] [...7 remote chains...] -- 0:17:49

      Average standard deviation of split frequencies: 0.006631

      3639000 -- (-6014.831) [...7 remote chains...] -- 0:17:48

      Average standard deviation of split frequencies: 0.006606

      3640000 -- (-6021.333) [...7 remote chains...] -- 0:17:47

      Average standard deviation of split frequencies: 0.006592

      3641000 -- (-6006.434) [...7 remote chains...] -- 0:17:47

      Average standard deviation of split frequencies: 0.006576

      3642000 -- (-6026.534) [...7 remote chains...] -- 0:17:46

      Average standard deviation of split frequencies: 0.006581

      3643000 -- (-6029.131) [...7 remote chains...] -- 0:17:45

      Average standard deviation of split frequencies: 0.006565

      3644000 -- (-6029.226) [...7 remote chains...] -- 0:17:44

      Average standard deviation of split frequencies: 0.006584

      3645000 -- (-6016.693) [...7 remote chains...] -- 0:17:43

      Average standard deviation of split frequencies: 0.006597

      3646000 -- (-6006.611) [...7 remote chains...] -- 0:17:42

      Average standard deviation of split frequencies: 0.006594

      3647000 -- (-6002.574) [...7 remote chains...] -- 0:17:42

      Average standard deviation of split frequencies: 0.006611

      3648000 -- [-5997.358] [...7 remote chains...] -- 0:17:41

      Average standard deviation of split frequencies: 0.006611

      3649000 -- (-6000.414) [...7 remote chains...] -- 0:17:40

      Average standard deviation of split frequencies: 0.006597

      3650000 -- [-5986.693] [...7 remote chains...] -- 0:17:39

      Average standard deviation of split frequencies: 0.006590

      3651000 -- (-6007.190) [...7 remote chains...] -- 0:17:38

      Average standard deviation of split frequencies: 0.006596

      3652000 -- [-6010.655] [...7 remote chains...] -- 0:17:37

      Average standard deviation of split frequencies: 0.006601

      3653000 -- [-6005.184] [...7 remote chains...] -- 0:17:36

      Average standard deviation of split frequencies: 0.006628

      3654000 -- (-6032.203) [...7 remote chains...] -- 0:17:36

      Average standard deviation of split frequencies: 0.006610

      3655000 -- (-6020.690) [...7 remote chains...] -- 0:17:35

      Average standard deviation of split frequencies: 0.006613

      3656000 -- (-6038.715) [...7 remote chains...] -- 0:17:34

      Average standard deviation of split frequencies: 0.006600

      3657000 -- (-6040.753) [...7 remote chains...] -- 0:17:33

      Average standard deviation of split frequencies: 0.006604

      3658000 -- (-6015.684) [...7 remote chains...] -- 0:17:32

      Average standard deviation of split frequencies: 0.006616

      3659000 -- (-5997.516) [...7 remote chains...] -- 0:17:31

      Average standard deviation of split frequencies: 0.006639

      3660000 -- (-6028.524) [...7 remote chains...] -- 0:17:30

      Average standard deviation of split frequencies: 0.006630

      3661000 -- [-5994.196] [...7 remote chains...] -- 0:17:30

      Average standard deviation of split frequencies: 0.006617

      3662000 -- (-6034.557) [...7 remote chains...] -- 0:17:29

      Average standard deviation of split frequencies: 0.006621

      3663000 -- (-6017.577) [...7 remote chains...] -- 0:17:28

      Average standard deviation of split frequencies: 0.006626

      3664000 -- (-6015.429) [...7 remote chains...] -- 0:17:27

      Average standard deviation of split frequencies: 0.006634

      3665000 -- (-6041.272) [...7 remote chains...] -- 0:17:26

      Average standard deviation of split frequencies: 0.006628

      3666000 -- [-6002.827] [...7 remote chains...] -- 0:17:25

      Average standard deviation of split frequencies: 0.006635

      3667000 -- [-5983.730] [...7 remote chains...] -- 0:17:25

      Average standard deviation of split frequencies: 0.006647

      3668000 -- (-6011.249) [...7 remote chains...] -- 0:17:24

      Average standard deviation of split frequencies: 0.006632

      3669000 -- [-6006.496] [...7 remote chains...] -- 0:17:23

      Average standard deviation of split frequencies: 0.006627

      3670000 -- [-6001.797] [...7 remote chains...] -- 0:17:22

      Average standard deviation of split frequencies: 0.006602

      3671000 -- [-6005.042] [...7 remote chains...] -- 0:17:21

      Average standard deviation of split frequencies: 0.006585

      3672000 -- [-5991.402] [...7 remote chains...] -- 0:17:20

      Average standard deviation of split frequencies: 0.006566

      3673000 -- (-6010.808) [...7 remote chains...] -- 0:17:19

      Average standard deviation of split frequencies: 0.006567

      3674000 -- [-6010.099] [...7 remote chains...] -- 0:17:19

      Average standard deviation of split frequencies: 0.006545

      3675000 -- [-5988.773] [...7 remote chains...] -- 0:17:18

      Average standard deviation of split frequencies: 0.006536

      3676000 -- (-5999.898) [...7 remote chains...] -- 0:17:17

      Average standard deviation of split frequencies: 0.006497

      3677000 -- [-6001.191] [...7 remote chains...] -- 0:17:16

      Average standard deviation of split frequencies: 0.006493

      3678000 -- (-6010.600) [...7 remote chains...] -- 0:17:15

      Average standard deviation of split frequencies: 0.006510

      3679000 -- (-6006.901) [...7 remote chains...] -- 0:17:14

      Average standard deviation of split frequencies: 0.006499

      3680000 -- (-6002.475) [...7 remote chains...] -- 0:17:14

      Average standard deviation of split frequencies: 0.006529

      3681000 -- [-6006.008] [...7 remote chains...] -- 0:17:13

      Average standard deviation of split frequencies: 0.006548

      3682000 -- (-6010.197) [...7 remote chains...] -- 0:17:12

      Average standard deviation of split frequencies: 0.006547

      3683000 -- (-6025.000) [...7 remote chains...] -- 0:17:11

      Average standard deviation of split frequencies: 0.006541

      3684000 -- (-6030.506) [...7 remote chains...] -- 0:17:10

      Average standard deviation of split frequencies: 0.006524

      3685000 -- (-6026.701) [...7 remote chains...] -- 0:17:09

      Average standard deviation of split frequencies: 0.006520

      3686000 -- (-6024.394) [...7 remote chains...] -- 0:17:08

      Average standard deviation of split frequencies: 0.006507

      3687000 -- (-6027.378) [...7 remote chains...] -- 0:17:08

      Average standard deviation of split frequencies: 0.006504

      3688000 -- (-6032.582) [...7 remote chains...] -- 0:17:07

      Average standard deviation of split frequencies: 0.006508

      3689000 -- (-6055.626) [...7 remote chains...] -- 0:17:06

      Average standard deviation of split frequencies: 0.006523

      3690000 -- (-6036.736) [...7 remote chains...] -- 0:17:05

      Average standard deviation of split frequencies: 0.006528

      3691000 -- (-6037.463) [...7 remote chains...] -- 0:17:04

      Average standard deviation of split frequencies: 0.006516

      3692000 -- (-6029.808) [...7 remote chains...] -- 0:17:03

      Average standard deviation of split frequencies: 0.006506

      3693000 -- (-6024.220) [...7 remote chains...] -- 0:17:03

      Average standard deviation of split frequencies: 0.006507

      3694000 -- (-6027.091) [...7 remote chains...] -- 0:17:02

      Average standard deviation of split frequencies: 0.006518

      3695000 -- (-6007.715) [...7 remote chains...] -- 0:17:01

      Average standard deviation of split frequencies: 0.006482

      3696000 -- (-6017.513) [...7 remote chains...] -- 0:17:00

      Average standard deviation of split frequencies: 0.006469

      3697000 -- (-6006.710) [...7 remote chains...] -- 0:16:59

      Average standard deviation of split frequencies: 0.006446

      3698000 -- (-6014.550) [...7 remote chains...] -- 0:16:58

      Average standard deviation of split frequencies: 0.006445

      3699000 -- [-6006.988] [...7 remote chains...] -- 0:16:57

      Average standard deviation of split frequencies: 0.006438

      3700000 -- (-6015.910) [...7 remote chains...] -- 0:16:57

      Average standard deviation of split frequencies: 0.006443

      3701000 -- (-6008.028) [...7 remote chains...] -- 0:16:56

      Average standard deviation of split frequencies: 0.006441

      3702000 -- (-6015.341) [...7 remote chains...] -- 0:16:55

      Average standard deviation of split frequencies: 0.006443

      3703000 -- [-6010.078] [...7 remote chains...] -- 0:16:54

      Average standard deviation of split frequencies: 0.006426

      3704000 -- (-6006.046) [...7 remote chains...] -- 0:16:53

      Average standard deviation of split frequencies: 0.006437

      3705000 -- [-5996.182] [...7 remote chains...] -- 0:16:52

      Average standard deviation of split frequencies: 0.006423

      3706000 -- [-5979.128] [...7 remote chains...] -- 0:16:52

      Average standard deviation of split frequencies: 0.006430

      3707000 -- [-5992.286] [...7 remote chains...] -- 0:16:51

      Average standard deviation of split frequencies: 0.006430

      3708000 -- (-5998.584) [...7 remote chains...] -- 0:16:50

      Average standard deviation of split frequencies: 0.006435

      3709000 -- [-5985.219] [...7 remote chains...] -- 0:16:49

      Average standard deviation of split frequencies: 0.006454

      3710000 -- [-5986.037] [...7 remote chains...] -- 0:16:48

      Average standard deviation of split frequencies: 0.006457

      3711000 -- [-5988.763] [...7 remote chains...] -- 0:16:47

      Average standard deviation of split frequencies: 0.006457

      3712000 -- [-5975.372] [...7 remote chains...] -- 0:16:46

      Average standard deviation of split frequencies: 0.006447

      3713000 -- [-5982.313] [...7 remote chains...] -- 0:16:46

      Average standard deviation of split frequencies: 0.006430

      3714000 -- [-5984.413] [...7 remote chains...] -- 0:16:45

      Average standard deviation of split frequencies: 0.006453

      3715000 -- (-5998.314) [...7 remote chains...] -- 0:16:44

      Average standard deviation of split frequencies: 0.006488

      3716000 -- [-5987.379] [...7 remote chains...] -- 0:16:43

      Average standard deviation of split frequencies: 0.006480

      3717000 -- (-6005.298) [...7 remote chains...] -- 0:16:43

      Average standard deviation of split frequencies: 0.006487

      3718000 -- [-5994.050] [...7 remote chains...] -- 0:16:42

      Average standard deviation of split frequencies: 0.006480

      3719000 -- [-5998.443] [...7 remote chains...] -- 0:16:41

      Average standard deviation of split frequencies: 0.006495

      3720000 -- [-5994.981] [...7 remote chains...] -- 0:16:40

      Average standard deviation of split frequencies: 0.006501

      3721000 -- [-5975.247] [...7 remote chains...] -- 0:16:39

      Average standard deviation of split frequencies: 0.006497

      3722000 -- [-5972.258] [...7 remote chains...] -- 0:16:38

      Average standard deviation of split frequencies: 0.006508

      3723000 -- [-5992.045] [...7 remote chains...] -- 0:16:37

      Average standard deviation of split frequencies: 0.006523

      3724000 -- (-6011.793) [...7 remote chains...] -- 0:16:37

      Average standard deviation of split frequencies: 0.006505

      3725000 -- (-6027.156) [...7 remote chains...] -- 0:16:36

      Average standard deviation of split frequencies: 0.006489

      3726000 -- (-6041.835) [...7 remote chains...] -- 0:16:35

      Average standard deviation of split frequencies: 0.006482

      3727000 -- (-6026.044) [...7 remote chains...] -- 0:16:34

      Average standard deviation of split frequencies: 0.006473

      3728000 -- (-6017.319) [...7 remote chains...] -- 0:16:33

      Average standard deviation of split frequencies: 0.006490

      3729000 -- [-6009.260] [...7 remote chains...] -- 0:16:32

      Average standard deviation of split frequencies: 0.006500

      3730000 -- (-6034.823) [...7 remote chains...] -- 0:16:32

      Average standard deviation of split frequencies: 0.006494

      3731000 -- (-6024.492) [...7 remote chains...] -- 0:16:31

      Average standard deviation of split frequencies: 0.006508

      3732000 -- [-5996.651] [...7 remote chains...] -- 0:16:30

      Average standard deviation of split frequencies: 0.006523

      3733000 -- (-6003.589) [...7 remote chains...] -- 0:16:29

      Average standard deviation of split frequencies: 0.006519

      3734000 -- (-6012.019) [...7 remote chains...] -- 0:16:28

      Average standard deviation of split frequencies: 0.006508

      3735000 -- (-6062.962) [...7 remote chains...] -- 0:16:27

      Average standard deviation of split frequencies: 0.006538

      3736000 -- (-6027.493) [...7 remote chains...] -- 0:16:26

      Average standard deviation of split frequencies: 0.006521

      3737000 -- (-6062.265) [...7 remote chains...] -- 0:16:26

      Average standard deviation of split frequencies: 0.006499

      3738000 -- (-6035.021) [...7 remote chains...] -- 0:16:25

      Average standard deviation of split frequencies: 0.006482

      3739000 -- (-6004.005) [...7 remote chains...] -- 0:16:24

      Average standard deviation of split frequencies: 0.006475

      3740000 -- (-5997.221) [...7 remote chains...] -- 0:16:23

      Average standard deviation of split frequencies: 0.006465

      3741000 -- (-6007.713) [...7 remote chains...] -- 0:16:22

      Average standard deviation of split frequencies: 0.006457

      3742000 -- (-6013.689) [...7 remote chains...] -- 0:16:21

      Average standard deviation of split frequencies: 0.006472

      3743000 -- (-6007.070) [...7 remote chains...] -- 0:16:20

      Average standard deviation of split frequencies: 0.006471

      3744000 -- [-5992.000] [...7 remote chains...] -- 0:16:20

      Average standard deviation of split frequencies: 0.006448

      3745000 -- (-6007.523) [...7 remote chains...] -- 0:16:19

      Average standard deviation of split frequencies: 0.006443

      3746000 -- [-5987.617] [...7 remote chains...] -- 0:16:18

      Average standard deviation of split frequencies: 0.006415

      3747000 -- [-5995.028] [...7 remote chains...] -- 0:16:17

      Average standard deviation of split frequencies: 0.006389

      3748000 -- (-6007.851) [...7 remote chains...] -- 0:16:16

      Average standard deviation of split frequencies: 0.006394

      3749000 -- (-6012.221) [...7 remote chains...] -- 0:16:16

      Average standard deviation of split frequencies: 0.006378

      3750000 -- (-6029.942) [...7 remote chains...] -- 0:16:15

      Average standard deviation of split frequencies: 0.006364

      3751000 -- (-6023.284) [...7 remote chains...] -- 0:16:14

      Average standard deviation of split frequencies: 0.006364

      3752000 -- [-5996.389] [...7 remote chains...] -- 0:16:13

      Average standard deviation of split frequencies: 0.006347

      3753000 -- (-6009.017) [...7 remote chains...] -- 0:16:12

      Average standard deviation of split frequencies: 0.006332

      3754000 -- (-6032.870) [...7 remote chains...] -- 0:16:11

      Average standard deviation of split frequencies: 0.006303

      3755000 -- (-6030.898) [...7 remote chains...] -- 0:16:11

      Average standard deviation of split frequencies: 0.006267

      3756000 -- (-6046.566) [...7 remote chains...] -- 0:16:10

      Average standard deviation of split frequencies: 0.006251

      3757000 -- (-6037.535) [...7 remote chains...] -- 0:16:09

      Average standard deviation of split frequencies: 0.006265

      3758000 -- (-6019.939) [...7 remote chains...] -- 0:16:08

      Average standard deviation of split frequencies: 0.006288

      3759000 -- (-6001.647) [...7 remote chains...] -- 0:16:07

      Average standard deviation of split frequencies: 0.006269

      3760000 -- (-5995.831) [...7 remote chains...] -- 0:16:06

      Average standard deviation of split frequencies: 0.006286

      3761000 -- [-6015.610] [...7 remote chains...] -- 0:16:05

      Average standard deviation of split frequencies: 0.006292

      3762000 -- [-6011.366] [...7 remote chains...] -- 0:16:05

      Average standard deviation of split frequencies: 0.006306

      3763000 -- (-5995.012) [...7 remote chains...] -- 0:16:04

      Average standard deviation of split frequencies: 0.006300

      3764000 -- [-5981.357] [...7 remote chains...] -- 0:16:03

      Average standard deviation of split frequencies: 0.006336

      3765000 -- (-5999.299) [...7 remote chains...] -- 0:16:02

      Average standard deviation of split frequencies: 0.006342

      3766000 -- (-5997.459) [...7 remote chains...] -- 0:16:02

      Average standard deviation of split frequencies: 0.006362

      3767000 -- [-5993.369] [...7 remote chains...] -- 0:16:01

      Average standard deviation of split frequencies: 0.006365

      3768000 -- (-6000.331) [...7 remote chains...] -- 0:16:00

      Average standard deviation of split frequencies: 0.006391

      3769000 -- (-6017.781) [...7 remote chains...] -- 0:15:59

      Average standard deviation of split frequencies: 0.006425

      3770000 -- (-6018.616) [...7 remote chains...] -- 0:15:58

      Average standard deviation of split frequencies: 0.006414

      3771000 -- (-6011.879) [...7 remote chains...] -- 0:15:57

      Average standard deviation of split frequencies: 0.006420

      3772000 -- [-6006.258] [...7 remote chains...] -- 0:15:56

      Average standard deviation of split frequencies: 0.006413

      3773000 -- [-5994.810] [...7 remote chains...] -- 0:15:56

      Average standard deviation of split frequencies: 0.006380

      3774000 -- (-6016.102) [...7 remote chains...] -- 0:15:55

      Average standard deviation of split frequencies: 0.006376

      3775000 -- (-6008.878) [...7 remote chains...] -- 0:15:54

      Average standard deviation of split frequencies: 0.006372

      3776000 -- (-6019.526) [...7 remote chains...] -- 0:15:53

      Average standard deviation of split frequencies: 0.006364

      3777000 -- (-6024.255) [...7 remote chains...] -- 0:15:52

      Average standard deviation of split frequencies: 0.006357

      3778000 -- (-6003.894) [...7 remote chains...] -- 0:15:51

      Average standard deviation of split frequencies: 0.006358

      3779000 -- [-5994.366] [...7 remote chains...] -- 0:15:51

      Average standard deviation of split frequencies: 0.006393

      3780000 -- [-5998.284] [...7 remote chains...] -- 0:15:50

      Average standard deviation of split frequencies: 0.006388

      3781000 -- [-6002.575] [...7 remote chains...] -- 0:15:49

      Average standard deviation of split frequencies: 0.006387

      3782000 -- (-6003.295) [...7 remote chains...] -- 0:15:48

      Average standard deviation of split frequencies: 0.006388

      3783000 -- (-6001.798) [...7 remote chains...] -- 0:15:47

      Average standard deviation of split frequencies: 0.006401

      3784000 -- (-6016.729) [...7 remote chains...] -- 0:15:47

      Average standard deviation of split frequencies: 0.006387

      3785000 -- (-6036.208) [...7 remote chains...] -- 0:15:45

      Average standard deviation of split frequencies: 0.006379

      3786000 -- [-6006.070] [...7 remote chains...] -- 0:15:45

      Average standard deviation of split frequencies: 0.006372

      3787000 -- [-5994.509] [...7 remote chains...] -- 0:15:44

      Average standard deviation of split frequencies: 0.006361

      3788000 -- [-5997.482] [...7 remote chains...] -- 0:15:43

      Average standard deviation of split frequencies: 0.006360

      3789000 -- [-5993.524] [...7 remote chains...] -- 0:15:42

      Average standard deviation of split frequencies: 0.006384

      3790000 -- [-5990.414] [...7 remote chains...] -- 0:15:41

      Average standard deviation of split frequencies: 0.006382

      3791000 -- (-5992.839) [...7 remote chains...] -- 0:15:41

      Average standard deviation of split frequencies: 0.006380

      3792000 -- (-6001.106) [...7 remote chains...] -- 0:15:40

      Average standard deviation of split frequencies: 0.006360

      3793000 -- (-6006.477) [...7 remote chains...] -- 0:15:39

      Average standard deviation of split frequencies: 0.006361

      3794000 -- (-6005.562) [...7 remote chains...] -- 0:15:38

      Average standard deviation of split frequencies: 0.006368

      3795000 -- (-5990.746) [...7 remote chains...] -- 0:15:37

      Average standard deviation of split frequencies: 0.006362

      3796000 -- [-6001.528] [...7 remote chains...] -- 0:15:36

      Average standard deviation of split frequencies: 0.006348

      3797000 -- (-5974.820) [...7 remote chains...] -- 0:15:36

      Average standard deviation of split frequencies: 0.006344

      3798000 -- [-5979.193] [...7 remote chains...] -- 0:15:35

      Average standard deviation of split frequencies: 0.006341

      3799000 -- [-5981.001] [...7 remote chains...] -- 0:15:34

      Average standard deviation of split frequencies: 0.006343

      3800000 -- [-5987.061] [...7 remote chains...] -- 0:15:33

      Average standard deviation of split frequencies: 0.006344

      3801000 -- (-5995.344) [...7 remote chains...] -- 0:15:32

      Average standard deviation of split frequencies: 0.006335

      3802000 -- [-5981.044] [...7 remote chains...] -- 0:15:32

      Average standard deviation of split frequencies: 0.006324

      3803000 -- [-5985.119] [...7 remote chains...] -- 0:15:31

      Average standard deviation of split frequencies: 0.006290

      3804000 -- (-6010.753) [...7 remote chains...] -- 0:15:30

      Average standard deviation of split frequencies: 0.006284

      3805000 -- [-5979.392] [...7 remote chains...] -- 0:15:29

      Average standard deviation of split frequencies: 0.006251

      3806000 -- [-5983.081] [...7 remote chains...] -- 0:15:28

      Average standard deviation of split frequencies: 0.006242

      3807000 -- [-5984.266] [...7 remote chains...] -- 0:15:27

      Average standard deviation of split frequencies: 0.006264

      3808000 -- (-5998.235) [...7 remote chains...] -- 0:15:26

      Average standard deviation of split frequencies: 0.006258

      3809000 -- [-5997.374] [...7 remote chains...] -- 0:15:26

      Average standard deviation of split frequencies: 0.006274

      3810000 -- (-6009.208) [...7 remote chains...] -- 0:15:25

      Average standard deviation of split frequencies: 0.006296

      3811000 -- (-6001.975) [...7 remote chains...] -- 0:15:24

      Average standard deviation of split frequencies: 0.006312

      3812000 -- [-6000.853] [...7 remote chains...] -- 0:15:23

      Average standard deviation of split frequencies: 0.006301

      3813000 -- [-5994.813] [...7 remote chains...] -- 0:15:22

      Average standard deviation of split frequencies: 0.006325

      3814000 -- [-6000.357] [...7 remote chains...] -- 0:15:21

      Average standard deviation of split frequencies: 0.006328

      3815000 -- [-5994.262] [...7 remote chains...] -- 0:15:21

      Average standard deviation of split frequencies: 0.006324

      3816000 -- [-5988.587] [...7 remote chains...] -- 0:15:20

      Average standard deviation of split frequencies: 0.006313

      3817000 -- (-6022.743) [...7 remote chains...] -- 0:15:19

      Average standard deviation of split frequencies: 0.006312

      3818000 -- (-6030.579) [...7 remote chains...] -- 0:15:18

      Average standard deviation of split frequencies: 0.006307

      3819000 -- (-6022.197) [...7 remote chains...] -- 0:15:17

      Average standard deviation of split frequencies: 0.006273

      3820000 -- (-6050.829) [...7 remote chains...] -- 0:15:17

      Average standard deviation of split frequencies: 0.006273

      3821000 -- (-6034.802) [...7 remote chains...] -- 0:15:16

      Average standard deviation of split frequencies: 0.006265

      3822000 -- (-6012.453) [...7 remote chains...] -- 0:15:15

      Average standard deviation of split frequencies: 0.006253

      3823000 -- (-6020.069) [...7 remote chains...] -- 0:15:14

      Average standard deviation of split frequencies: 0.006253

      3824000 -- (-6026.587) [...7 remote chains...] -- 0:15:13

      Average standard deviation of split frequencies: 0.006257

      3825000 -- (-6012.216) [...7 remote chains...] -- 0:15:12

      Average standard deviation of split frequencies: 0.006253

      3826000 -- (-5999.805) [...7 remote chains...] -- 0:15:11

      Average standard deviation of split frequencies: 0.006255

      3827000 -- (-6014.295) [...7 remote chains...] -- 0:15:11

      Average standard deviation of split frequencies: 0.006251

      3828000 -- (-6021.986) [...7 remote chains...] -- 0:15:10

      Average standard deviation of split frequencies: 0.006272

      3829000 -- (-6026.016) [...7 remote chains...] -- 0:15:09

      Average standard deviation of split frequencies: 0.006255

      3830000 -- (-6020.040) [...7 remote chains...] -- 0:15:08

      Average standard deviation of split frequencies: 0.006263

      3831000 -- (-6013.163) [...7 remote chains...] -- 0:15:07

      Average standard deviation of split frequencies: 0.006269

      3832000 -- [-5992.995] [...7 remote chains...] -- 0:15:07

      Average standard deviation of split frequencies: 0.006254

      3833000 -- [-5977.718] [...7 remote chains...] -- 0:15:06

      Average standard deviation of split frequencies: 0.006253

      3834000 -- [-5985.680] [...7 remote chains...] -- 0:15:05

      Average standard deviation of split frequencies: 0.006239

      3835000 -- [-5980.975] [...7 remote chains...] -- 0:15:04

      Average standard deviation of split frequencies: 0.006209

      3836000 -- [-5975.021] [...7 remote chains...] -- 0:15:03

      Average standard deviation of split frequencies: 0.006200

      3837000 -- [-5982.661] [...7 remote chains...] -- 0:15:02

      Average standard deviation of split frequencies: 0.006213

      3838000 -- [-5981.965] [...7 remote chains...] -- 0:15:02

      Average standard deviation of split frequencies: 0.006234

      3839000 -- (-5996.944) [...7 remote chains...] -- 0:15:01

      Average standard deviation of split frequencies: 0.006236

      3840000 -- [-5987.935] [...7 remote chains...] -- 0:15:00

      Average standard deviation of split frequencies: 0.006236

      3841000 -- (-6010.288) [...7 remote chains...] -- 0:14:59

      Average standard deviation of split frequencies: 0.006249

      3842000 -- [-6000.470] [...7 remote chains...] -- 0:14:58

      Average standard deviation of split frequencies: 0.006222

      3843000 -- (-6001.450) [...7 remote chains...] -- 0:14:58

      Average standard deviation of split frequencies: 0.006216

      3844000 -- [-6012.904] [...7 remote chains...] -- 0:14:57

      Average standard deviation of split frequencies: 0.006194

      3845000 -- (-6013.749) [...7 remote chains...] -- 0:14:56

      Average standard deviation of split frequencies: 0.006170

      3846000 -- (-6062.848) [...7 remote chains...] -- 0:14:55

      Average standard deviation of split frequencies: 0.006160

      3847000 -- (-6036.453) [...7 remote chains...] -- 0:14:54

      Average standard deviation of split frequencies: 0.006155

      3848000 -- (-6034.772) [...7 remote chains...] -- 0:14:53

      Average standard deviation of split frequencies: 0.006138

      3849000 -- (-6018.599) [...7 remote chains...] -- 0:14:53

      Average standard deviation of split frequencies: 0.006148

      3850000 -- (-5998.754) [...7 remote chains...] -- 0:14:52

      Average standard deviation of split frequencies: 0.006145

      3851000 -- (-6002.971) [...7 remote chains...] -- 0:14:51

      Average standard deviation of split frequencies: 0.006105

      3852000 -- (-6004.276) [...7 remote chains...] -- 0:14:50

      Average standard deviation of split frequencies: 0.006107

      3853000 -- [-6011.236] [...7 remote chains...] -- 0:14:49

      Average standard deviation of split frequencies: 0.006106

      3854000 -- (-6014.570) [...7 remote chains...] -- 0:14:49

      Average standard deviation of split frequencies: 0.006085

      3855000 -- (-6000.836) [...7 remote chains...] -- 0:14:48

      Average standard deviation of split frequencies: 0.006075

      3856000 -- [-5967.122] [...7 remote chains...] -- 0:14:47

      Average standard deviation of split frequencies: 0.006065

      3857000 -- [-5984.889] [...7 remote chains...] -- 0:14:46

      Average standard deviation of split frequencies: 0.006046

      3858000 -- [-5990.543] [...7 remote chains...] -- 0:14:45

      Average standard deviation of split frequencies: 0.006055

      3859000 -- [-6000.214] [...7 remote chains...] -- 0:14:44

      Average standard deviation of split frequencies: 0.006063

      3860000 -- [-6001.466] [...7 remote chains...] -- 0:14:43

      Average standard deviation of split frequencies: 0.006080

      3861000 -- [-5990.741] [...7 remote chains...] -- 0:14:43

      Average standard deviation of split frequencies: 0.006088

      3862000 -- [-6004.636] [...7 remote chains...] -- 0:14:42

      Average standard deviation of split frequencies: 0.006101

      3863000 -- [-6005.289] [...7 remote chains...] -- 0:14:41

      Average standard deviation of split frequencies: 0.006089

      3864000 -- (-6008.246) [...7 remote chains...] -- 0:14:40

      Average standard deviation of split frequencies: 0.006085

      3865000 -- (-5993.504) [...7 remote chains...] -- 0:14:39

      Average standard deviation of split frequencies: 0.006079

      3866000 -- [-5992.985] [...7 remote chains...] -- 0:14:39

      Average standard deviation of split frequencies: 0.006078

      3867000 -- (-6014.673) [...7 remote chains...] -- 0:14:38

      Average standard deviation of split frequencies: 0.006065

      3868000 -- [-6007.705] [...7 remote chains...] -- 0:14:37

      Average standard deviation of split frequencies: 0.006066

      3869000 -- (-6010.095) [...7 remote chains...] -- 0:14:36

      Average standard deviation of split frequencies: 0.006071

      3870000 -- [-5997.978] [...7 remote chains...] -- 0:14:35

      Average standard deviation of split frequencies: 0.006056

      3871000 -- [-6006.378] [...7 remote chains...] -- 0:14:34

      Average standard deviation of split frequencies: 0.006039

      3872000 -- [-6018.527] [...7 remote chains...] -- 0:14:34

      Average standard deviation of split frequencies: 0.006033

      3873000 -- (-6030.157) [...7 remote chains...] -- 0:14:33

      Average standard deviation of split frequencies: 0.006036

      3874000 -- (-6003.973) [...7 remote chains...] -- 0:14:32

      Average standard deviation of split frequencies: 0.006033

      3875000 -- (-6013.943) [...7 remote chains...] -- 0:14:31

      Average standard deviation of split frequencies: 0.006038

      3876000 -- [-6025.436] [...7 remote chains...] -- 0:14:30

      Average standard deviation of split frequencies: 0.006031

      3877000 -- (-6024.283) [...7 remote chains...] -- 0:14:30

      Average standard deviation of split frequencies: 0.006020

      3878000 -- [-6014.060] [...7 remote chains...] -- 0:14:29

      Average standard deviation of split frequencies: 0.006032

      3879000 -- (-6034.488) [...7 remote chains...] -- 0:14:28

      Average standard deviation of split frequencies: 0.006024

      3880000 -- (-6055.812) [...7 remote chains...] -- 0:14:27

      Average standard deviation of split frequencies: 0.006012

      3881000 -- (-6037.272) [...7 remote chains...] -- 0:14:26

      Average standard deviation of split frequencies: 0.006005

      3882000 -- (-6052.528) [...7 remote chains...] -- 0:14:26

      Average standard deviation of split frequencies: 0.006010

      3883000 -- (-6024.536) [...7 remote chains...] -- 0:14:25

      Average standard deviation of split frequencies: 0.005992

      3884000 -- (-6010.600) [...7 remote chains...] -- 0:14:24

      Average standard deviation of split frequencies: 0.006010

      3885000 -- (-6013.569) [...7 remote chains...] -- 0:14:23

      Average standard deviation of split frequencies: 0.006020

      3886000 -- (-6013.295) [...7 remote chains...] -- 0:14:22

      Average standard deviation of split frequencies: 0.006018

      3887000 -- (-6016.622) [...7 remote chains...] -- 0:14:21

      Average standard deviation of split frequencies: 0.006013

      3888000 -- (-6040.393) [...7 remote chains...] -- 0:14:20

      Average standard deviation of split frequencies: 0.006004

      3889000 -- (-6014.291) [...7 remote chains...] -- 0:14:20

      Average standard deviation of split frequencies: 0.006010

      3890000 -- [-6007.957] [...7 remote chains...] -- 0:14:19

      Average standard deviation of split frequencies: 0.006021

      3891000 -- [-6000.870] [...7 remote chains...] -- 0:14:18

      Average standard deviation of split frequencies: 0.006019

      3892000 -- (-6005.916) [...7 remote chains...] -- 0:14:17

      Average standard deviation of split frequencies: 0.005987

      3893000 -- (-6003.765) [...7 remote chains...] -- 0:14:17

      Average standard deviation of split frequencies: 0.005984

      3894000 -- (-6008.892) [...7 remote chains...] -- 0:14:16

      Average standard deviation of split frequencies: 0.005996

      3895000 -- (-6030.269) [...7 remote chains...] -- 0:14:15

      Average standard deviation of split frequencies: 0.005978

      3896000 -- (-6021.186) [...7 remote chains...] -- 0:14:14

      Average standard deviation of split frequencies: 0.005967

      3897000 -- (-6040.175) [...7 remote chains...] -- 0:14:13

      Average standard deviation of split frequencies: 0.005954

      3898000 -- (-6059.538) [...7 remote chains...] -- 0:14:12

      Average standard deviation of split frequencies: 0.005957

      3899000 -- (-6039.412) [...7 remote chains...] -- 0:14:11

      Average standard deviation of split frequencies: 0.005916

      3900000 -- (-6024.034) [...7 remote chains...] -- 0:14:11

      Average standard deviation of split frequencies: 0.005904

      3901000 -- (-6033.256) [...7 remote chains...] -- 0:14:10

      Average standard deviation of split frequencies: 0.005888

      3902000 -- (-6041.388) [...7 remote chains...] -- 0:14:09

      Average standard deviation of split frequencies: 0.005889

      3903000 -- (-6057.569) [...7 remote chains...] -- 0:14:08

      Average standard deviation of split frequencies: 0.005888

      3904000 -- (-6046.562) [...7 remote chains...] -- 0:14:07

      Average standard deviation of split frequencies: 0.005866

      3905000 -- (-6034.399) [...7 remote chains...] -- 0:14:07

      Average standard deviation of split frequencies: 0.005843

      3906000 -- (-6035.864) [...7 remote chains...] -- 0:14:06

      Average standard deviation of split frequencies: 0.005832

      3907000 -- (-6020.046) [...7 remote chains...] -- 0:14:05

      Average standard deviation of split frequencies: 0.005810

      3908000 -- [-6005.286] [...7 remote chains...] -- 0:14:04

      Average standard deviation of split frequencies: 0.005806

      3909000 -- (-6039.271) [...7 remote chains...] -- 0:14:03

      Average standard deviation of split frequencies: 0.005811

      3910000 -- (-6031.855) [...7 remote chains...] -- 0:14:03

      Average standard deviation of split frequencies: 0.005819

      3911000 -- (-6013.442) [...7 remote chains...] -- 0:14:02

      Average standard deviation of split frequencies: 0.005843

      3912000 -- (-6008.749) [...7 remote chains...] -- 0:14:01

      Average standard deviation of split frequencies: 0.005822

      3913000 -- [-5995.404] [...7 remote chains...] -- 0:14:00

      Average standard deviation of split frequencies: 0.005839

      3914000 -- [-5992.210] [...7 remote chains...] -- 0:13:59

      Average standard deviation of split frequencies: 0.005856

      3915000 -- [-5978.839] [...7 remote chains...] -- 0:13:58

      Average standard deviation of split frequencies: 0.005868

      3916000 -- [-5998.110] [...7 remote chains...] -- 0:13:58

      Average standard deviation of split frequencies: 0.005883

      3917000 -- (-5998.793) [...7 remote chains...] -- 0:13:57

      Average standard deviation of split frequencies: 0.005890

      3918000 -- (-6003.226) [...7 remote chains...] -- 0:13:56

      Average standard deviation of split frequencies: 0.005905

      3919000 -- [-5982.985] [...7 remote chains...] -- 0:13:55

      Average standard deviation of split frequencies: 0.005909

      3920000 -- [-5966.225] [...7 remote chains...] -- 0:13:54

      Average standard deviation of split frequencies: 0.005912

      3921000 -- (-6001.204) [...7 remote chains...] -- 0:13:54

      Average standard deviation of split frequencies: 0.005941

      3922000 -- [-5992.789] [...7 remote chains...] -- 0:13:53

      Average standard deviation of split frequencies: 0.005959

      3923000 -- [-5991.753] [...7 remote chains...] -- 0:13:52

      Average standard deviation of split frequencies: 0.005960

      3924000 -- (-5991.808) [...7 remote chains...] -- 0:13:51

      Average standard deviation of split frequencies: 0.005958

      3925000 -- [-6003.771] [...7 remote chains...] -- 0:13:50

      Average standard deviation of split frequencies: 0.005942

      3926000 -- [-6026.775] [...7 remote chains...] -- 0:13:49

      Average standard deviation of split frequencies: 0.005933

      3927000 -- (-6034.110) [...7 remote chains...] -- 0:13:48

      Average standard deviation of split frequencies: 0.005944

      3928000 -- (-6039.795) [...7 remote chains...] -- 0:13:48

      Average standard deviation of split frequencies: 0.005940

      3929000 -- (-6031.340) [...7 remote chains...] -- 0:13:47

      Average standard deviation of split frequencies: 0.005936

      3930000 -- (-6006.756) [...7 remote chains...] -- 0:13:46

      Average standard deviation of split frequencies: 0.005927

      3931000 -- (-6038.934) [...7 remote chains...] -- 0:13:45

      Average standard deviation of split frequencies: 0.005945

      3932000 -- (-6049.736) [...7 remote chains...] -- 0:13:44

      Average standard deviation of split frequencies: 0.005929

      3933000 -- (-6030.669) [...7 remote chains...] -- 0:13:44

      Average standard deviation of split frequencies: 0.005937

      3934000 -- (-6042.576) [...7 remote chains...] -- 0:13:43

      Average standard deviation of split frequencies: 0.005946

      3935000 -- (-6030.846) [...7 remote chains...] -- 0:13:42

      Average standard deviation of split frequencies: 0.005984

      3936000 -- (-6024.569) [...7 remote chains...] -- 0:13:41

      Average standard deviation of split frequencies: 0.005977

      3937000 -- (-6028.332) [...7 remote chains...] -- 0:13:41

      Average standard deviation of split frequencies: 0.005965

      3938000 -- (-6031.572) [...7 remote chains...] -- 0:13:40

      Average standard deviation of split frequencies: 0.005959

      3939000 -- (-6048.569) [...7 remote chains...] -- 0:13:39

      Average standard deviation of split frequencies: 0.005959

      3940000 -- (-6046.838) [...7 remote chains...] -- 0:13:38

      Average standard deviation of split frequencies: 0.005955

      3941000 -- (-6047.799) [...7 remote chains...] -- 0:13:37

      Average standard deviation of split frequencies: 0.005949

      3942000 -- (-6047.284) [...7 remote chains...] -- 0:13:36

      Average standard deviation of split frequencies: 0.005944

      3943000 -- (-6055.694) [...7 remote chains...] -- 0:13:36

      Average standard deviation of split frequencies: 0.005976

      3944000 -- (-6065.954) [...7 remote chains...] -- 0:13:35

      Average standard deviation of split frequencies: 0.005969

      3945000 -- (-6065.847) [...7 remote chains...] -- 0:13:34

      Average standard deviation of split frequencies: 0.005989

      3946000 -- (-6101.077) [...7 remote chains...] -- 0:13:33

      Average standard deviation of split frequencies: 0.005967

      3947000 -- (-6066.029) [...7 remote chains...] -- 0:13:32

      Average standard deviation of split frequencies: 0.005953

      3948000 -- (-6055.215) [...7 remote chains...] -- 0:13:31

      Average standard deviation of split frequencies: 0.005956

      3949000 -- (-6081.903) [...7 remote chains...] -- 0:13:31

      Average standard deviation of split frequencies: 0.005948

      3950000 -- (-6060.646) [...7 remote chains...] -- 0:13:30

      Average standard deviation of split frequencies: 0.005947

      3951000 -- (-6047.935) [...7 remote chains...] -- 0:13:29

      Average standard deviation of split frequencies: 0.005929

      3952000 -- (-6049.090) [...7 remote chains...] -- 0:13:28

      Average standard deviation of split frequencies: 0.005930

      3953000 -- (-6037.442) [...7 remote chains...] -- 0:13:27

      Average standard deviation of split frequencies: 0.005948

      3954000 -- (-6025.597) [...7 remote chains...] -- 0:13:27

      Average standard deviation of split frequencies: 0.005933

      3955000 -- (-6043.485) [...7 remote chains...] -- 0:13:26

      Average standard deviation of split frequencies: 0.005929

      3956000 -- (-6016.362) [...7 remote chains...] -- 0:13:25

      Average standard deviation of split frequencies: 0.005916

      3957000 -- (-6048.338) [...7 remote chains...] -- 0:13:24

      Average standard deviation of split frequencies: 0.005912

      3958000 -- (-6048.991) [...7 remote chains...] -- 0:13:23

      Average standard deviation of split frequencies: 0.005913

      3959000 -- (-6037.633) [...7 remote chains...] -- 0:13:23

      Average standard deviation of split frequencies: 0.005927

      3960000 -- (-6025.127) [...7 remote chains...] -- 0:13:22

      Average standard deviation of split frequencies: 0.005924

      3961000 -- (-6024.396) [...7 remote chains...] -- 0:13:21

      Average standard deviation of split frequencies: 0.005936

      3962000 -- (-6014.975) [...7 remote chains...] -- 0:13:20

      Average standard deviation of split frequencies: 0.005934

      3963000 -- (-6012.877) [...7 remote chains...] -- 0:13:19

      Average standard deviation of split frequencies: 0.005920

      3964000 -- (-6012.893) [...7 remote chains...] -- 0:13:18

      Average standard deviation of split frequencies: 0.005911

      3965000 -- (-6024.096) [...7 remote chains...] -- 0:13:18

      Average standard deviation of split frequencies: 0.005891

      3966000 -- (-6006.300) [...7 remote chains...] -- 0:13:17

      Average standard deviation of split frequencies: 0.005864

      3967000 -- (-6040.837) [...7 remote chains...] -- 0:13:16

      Average standard deviation of split frequencies: 0.005886

      3968000 -- (-6050.102) [...7 remote chains...] -- 0:13:15

      Average standard deviation of split frequencies: 0.005877

      3969000 -- (-6038.528) [...7 remote chains...] -- 0:13:14

      Average standard deviation of split frequencies: 0.005865

      3970000 -- (-6047.519) [...7 remote chains...] -- 0:13:14

      Average standard deviation of split frequencies: 0.005877

      3971000 -- (-6047.778) [...7 remote chains...] -- 0:13:13

      Average standard deviation of split frequencies: 0.005899

      3972000 -- (-6057.217) [...7 remote chains...] -- 0:13:12

      Average standard deviation of split frequencies: 0.005900

      3973000 -- (-6044.578) [...7 remote chains...] -- 0:13:11

      Average standard deviation of split frequencies: 0.005900

      3974000 -- (-6054.457) [...7 remote chains...] -- 0:13:10

      Average standard deviation of split frequencies: 0.005882

      3975000 -- (-6044.242) [...7 remote chains...] -- 0:13:10

      Average standard deviation of split frequencies: 0.005880

      3976000 -- (-6038.700) [...7 remote chains...] -- 0:13:09

      Average standard deviation of split frequencies: 0.005875

      3977000 -- (-6039.761) [...7 remote chains...] -- 0:13:08

      Average standard deviation of split frequencies: 0.005866

      3978000 -- (-6031.683) [...7 remote chains...] -- 0:13:07

      Average standard deviation of split frequencies: 0.005865

      3979000 -- (-6047.875) [...7 remote chains...] -- 0:13:06

      Average standard deviation of split frequencies: 0.005879

      3980000 -- (-6039.729) [...7 remote chains...] -- 0:13:06

      Average standard deviation of split frequencies: 0.005884

      3981000 -- (-6001.741) [...7 remote chains...] -- 0:13:05

      Average standard deviation of split frequencies: 0.005882

      3982000 -- [-5987.427] [...7 remote chains...] -- 0:13:04

      Average standard deviation of split frequencies: 0.005890

      3983000 -- [-5994.333] [...7 remote chains...] -- 0:13:03

      Average standard deviation of split frequencies: 0.005877

      3984000 -- [-5983.690] [...7 remote chains...] -- 0:13:02

      Average standard deviation of split frequencies: 0.005888

      3985000 -- (-6008.568) [...7 remote chains...] -- 0:13:01

      Average standard deviation of split frequencies: 0.005890

      3986000 -- (-6018.818) [...7 remote chains...] -- 0:13:01

      Average standard deviation of split frequencies: 0.005884

      3987000 -- [-5998.578] [...7 remote chains...] -- 0:13:00

      Average standard deviation of split frequencies: 0.005906

      3988000 -- [-6011.636] [...7 remote chains...] -- 0:12:59

      Average standard deviation of split frequencies: 0.005882

      3989000 -- (-6015.033) [...7 remote chains...] -- 0:12:58

      Average standard deviation of split frequencies: 0.005866

      3990000 -- (-6038.645) [...7 remote chains...] -- 0:12:57

      Average standard deviation of split frequencies: 0.005867

      3991000 -- (-6026.077) [...7 remote chains...] -- 0:12:57

      Average standard deviation of split frequencies: 0.005859

      3992000 -- [-5984.430] [...7 remote chains...] -- 0:12:56

      Average standard deviation of split frequencies: 0.005853

      3993000 -- [-6000.408] [...7 remote chains...] -- 0:12:55

      Average standard deviation of split frequencies: 0.005819

      3994000 -- [-5994.618] [...7 remote chains...] -- 0:12:54

      Average standard deviation of split frequencies: 0.005814

      3995000 -- (-6031.829) [...7 remote chains...] -- 0:12:53

      Average standard deviation of split frequencies: 0.005803

      3996000 -- (-6022.037) [...7 remote chains...] -- 0:12:53

      Average standard deviation of split frequencies: 0.005804

      3997000 -- (-6009.189) [...7 remote chains...] -- 0:12:52

      Average standard deviation of split frequencies: 0.005798

      3998000 -- (-6007.073) [...7 remote chains...] -- 0:12:51

      Average standard deviation of split frequencies: 0.005817

      3999000 -- (-6002.029) [...7 remote chains...] -- 0:12:50

      Average standard deviation of split frequencies: 0.005831

      4000000 -- (-6023.136) [...7 remote chains...] -- 0:12:49

      Average standard deviation of split frequencies: 0.005830

      4001000 -- (-6018.268) [...7 remote chains...] -- 0:12:49

      Average standard deviation of split frequencies: 0.005825

      4002000 -- [-5999.532] [...7 remote chains...] -- 0:12:48

      Average standard deviation of split frequencies: 0.005788

      4003000 -- [-6005.232] [...7 remote chains...] -- 0:12:47

      Average standard deviation of split frequencies: 0.005805

      4004000 -- (-6012.984) [...7 remote chains...] -- 0:12:46

      Average standard deviation of split frequencies: 0.005808

      4005000 -- (-6044.094) [...7 remote chains...] -- 0:12:45

      Average standard deviation of split frequencies: 0.005810

      4006000 -- (-6050.966) [...7 remote chains...] -- 0:12:44

      Average standard deviation of split frequencies: 0.005796

      4007000 -- (-6052.114) [...7 remote chains...] -- 0:12:44

      Average standard deviation of split frequencies: 0.005769

      4008000 -- (-6032.051) [...7 remote chains...] -- 0:12:43

      Average standard deviation of split frequencies: 0.005761

      4009000 -- (-6059.463) [...7 remote chains...] -- 0:12:42

      Average standard deviation of split frequencies: 0.005742

      4010000 -- (-6060.781) [...7 remote chains...] -- 0:12:41

      Average standard deviation of split frequencies: 0.005727

      4011000 -- (-6041.869) [...7 remote chains...] -- 0:12:40

      Average standard deviation of split frequencies: 0.005731

      4012000 -- (-6049.927) [...7 remote chains...] -- 0:12:40

      Average standard deviation of split frequencies: 0.005712

      4013000 -- (-6039.958) [...7 remote chains...] -- 0:12:39

      Average standard deviation of split frequencies: 0.005719

      4014000 -- (-6028.436) [...7 remote chains...] -- 0:12:38

      Average standard deviation of split frequencies: 0.005702

      4015000 -- (-6026.038) [...7 remote chains...] -- 0:12:37

      Average standard deviation of split frequencies: 0.005688

      4016000 -- (-6046.977) [...7 remote chains...] -- 0:12:36

      Average standard deviation of split frequencies: 0.005696

      4017000 -- (-6046.331) [...7 remote chains...] -- 0:12:36

      Average standard deviation of split frequencies: 0.005698

      4018000 -- (-6030.460) [...7 remote chains...] -- 0:12:35

      Average standard deviation of split frequencies: 0.005681

      4019000 -- (-6034.905) [...7 remote chains...] -- 0:12:34

      Average standard deviation of split frequencies: 0.005677

      4020000 -- (-6028.468) [...7 remote chains...] -- 0:12:33

      Average standard deviation of split frequencies: 0.005686

      4021000 -- (-6032.940) [...7 remote chains...] -- 0:12:32

      Average standard deviation of split frequencies: 0.005677

      4022000 -- (-6033.459) [...7 remote chains...] -- 0:12:32

      Average standard deviation of split frequencies: 0.005700

      4023000 -- (-6018.925) [...7 remote chains...] -- 0:12:31

      Average standard deviation of split frequencies: 0.005714

      4024000 -- (-6017.778) [...7 remote chains...] -- 0:12:30

      Average standard deviation of split frequencies: 0.005725

      4025000 -- (-6016.400) [...7 remote chains...] -- 0:12:29

      Average standard deviation of split frequencies: 0.005719

      4026000 -- [-5999.812] [...7 remote chains...] -- 0:12:28

      Average standard deviation of split frequencies: 0.005728

      4027000 -- [-5980.529] [...7 remote chains...] -- 0:12:28

      Average standard deviation of split frequencies: 0.005735

      4028000 -- (-6003.441) [...7 remote chains...] -- 0:12:27

      Average standard deviation of split frequencies: 0.005740

      4029000 -- (-6013.267) [...7 remote chains...] -- 0:12:26

      Average standard deviation of split frequencies: 0.005747

      4030000 -- (-6004.014) [...7 remote chains...] -- 0:12:25

      Average standard deviation of split frequencies: 0.005746

      4031000 -- [-6001.688] [...7 remote chains...] -- 0:12:24

      Average standard deviation of split frequencies: 0.005749

      4032000 -- (-6017.930) [...7 remote chains...] -- 0:12:24

      Average standard deviation of split frequencies: 0.005747

      4033000 -- (-6004.206) [...7 remote chains...] -- 0:12:23

      Average standard deviation of split frequencies: 0.005742

      4034000 -- (-6020.855) [...7 remote chains...] -- 0:12:22

      Average standard deviation of split frequencies: 0.005738

      4035000 -- (-6029.165) [...7 remote chains...] -- 0:12:21

      Average standard deviation of split frequencies: 0.005727

      4036000 -- (-6036.585) [...7 remote chains...] -- 0:12:20

      Average standard deviation of split frequencies: 0.005718

      4037000 -- (-6013.866) [...7 remote chains...] -- 0:12:19

      Average standard deviation of split frequencies: 0.005709

      4038000 -- (-6017.457) [...7 remote chains...] -- 0:12:19

      Average standard deviation of split frequencies: 0.005709

      4039000 -- (-6052.311) [...7 remote chains...] -- 0:12:18

      Average standard deviation of split frequencies: 0.005711

      4040000 -- (-6026.087) [...7 remote chains...] -- 0:12:17

      Average standard deviation of split frequencies: 0.005697

      4041000 -- (-6039.776) [...7 remote chains...] -- 0:12:16

      Average standard deviation of split frequencies: 0.005702

      4042000 -- (-6056.603) [...7 remote chains...] -- 0:12:15

      Average standard deviation of split frequencies: 0.005688

      4043000 -- (-6052.575) [...7 remote chains...] -- 0:12:15

      Average standard deviation of split frequencies: 0.005703

      4044000 -- (-6040.991) [...7 remote chains...] -- 0:12:14

      Average standard deviation of split frequencies: 0.005702

      4045000 -- (-6076.256) [...7 remote chains...] -- 0:12:13

      Average standard deviation of split frequencies: 0.005684

      4046000 -- (-6065.648) [...7 remote chains...] -- 0:12:12

      Average standard deviation of split frequencies: 0.005689

      4047000 -- (-6063.977) [...7 remote chains...] -- 0:12:11

      Average standard deviation of split frequencies: 0.005692

      4048000 -- (-6025.111) [...7 remote chains...] -- 0:12:11

      Average standard deviation of split frequencies: 0.005697

      4049000 -- (-6028.415) [...7 remote chains...] -- 0:12:10

      Average standard deviation of split frequencies: 0.005688

      4050000 -- (-6028.272) [...7 remote chains...] -- 0:12:09

      Average standard deviation of split frequencies: 0.005692

      4051000 -- (-6036.483) [...7 remote chains...] -- 0:12:08

      Average standard deviation of split frequencies: 0.005689

      4052000 -- (-6005.862) [...7 remote chains...] -- 0:12:07

      Average standard deviation of split frequencies: 0.005690

      4053000 -- (-5993.722) [...7 remote chains...] -- 0:12:07

      Average standard deviation of split frequencies: 0.005692

      4054000 -- (-5993.260) [...7 remote chains...] -- 0:12:06

      Average standard deviation of split frequencies: 0.005693

      4055000 -- (-6004.410) [...7 remote chains...] -- 0:12:05

      Average standard deviation of split frequencies: 0.005689

      4056000 -- (-6040.758) [...7 remote chains...] -- 0:12:04

      Average standard deviation of split frequencies: 0.005691

      4057000 -- (-6018.774) [...7 remote chains...] -- 0:12:03

      Average standard deviation of split frequencies: 0.005689

      4058000 -- (-6019.520) [...7 remote chains...] -- 0:12:03

      Average standard deviation of split frequencies: 0.005675

      4059000 -- (-6054.452) [...7 remote chains...] -- 0:12:02

      Average standard deviation of split frequencies: 0.005686

      4060000 -- (-6062.670) [...7 remote chains...] -- 0:12:01

      Average standard deviation of split frequencies: 0.005692

      4061000 -- (-6048.047) [...7 remote chains...] -- 0:12:00

      Average standard deviation of split frequencies: 0.005692

      4062000 -- (-6006.493) [...7 remote chains...] -- 0:11:59

      Average standard deviation of split frequencies: 0.005686

      4063000 -- (-5997.449) [...7 remote chains...] -- 0:11:59

      Average standard deviation of split frequencies: 0.005701

      4064000 -- (-6015.395) [...7 remote chains...] -- 0:11:58

      Average standard deviation of split frequencies: 0.005700

      4065000 -- (-6013.775) [...7 remote chains...] -- 0:11:57

      Average standard deviation of split frequencies: 0.005697

      4066000 -- (-5996.836) [...7 remote chains...] -- 0:11:56

      Average standard deviation of split frequencies: 0.005706

      4067000 -- [-5996.959] [...7 remote chains...] -- 0:11:55

      Average standard deviation of split frequencies: 0.005717

      4068000 -- (-6011.110) [...7 remote chains...] -- 0:11:55

      Average standard deviation of split frequencies: 0.005722

      4069000 -- (-6025.550) [...7 remote chains...] -- 0:11:54

      Average standard deviation of split frequencies: 0.005706

      4070000 -- (-6032.826) [...7 remote chains...] -- 0:11:53

      Average standard deviation of split frequencies: 0.005702

      4071000 -- [-6012.300] [...7 remote chains...] -- 0:11:52

      Average standard deviation of split frequencies: 0.005703

      4072000 -- [-5986.069] [...7 remote chains...] -- 0:11:51

      Average standard deviation of split frequencies: 0.005697

      4073000 -- (-5998.931) [...7 remote chains...] -- 0:11:51

      Average standard deviation of split frequencies: 0.005695

      4074000 -- [-6004.701] [...7 remote chains...] -- 0:11:50

      Average standard deviation of split frequencies: 0.005699

      4075000 -- [-6014.613] [...7 remote chains...] -- 0:11:49

      Average standard deviation of split frequencies: 0.005714

      4076000 -- [-6018.323] [...7 remote chains...] -- 0:11:48

      Average standard deviation of split frequencies: 0.005706

      4077000 -- [-6025.544] [...7 remote chains...] -- 0:11:47

      Average standard deviation of split frequencies: 0.005717

      4078000 -- [-6007.239] [...7 remote chains...] -- 0:11:46

      Average standard deviation of split frequencies: 0.005734

      4079000 -- (-6003.185) [...7 remote chains...] -- 0:11:46

      Average standard deviation of split frequencies: 0.005749

      4080000 -- (-6017.591) [...7 remote chains...] -- 0:11:45

      Average standard deviation of split frequencies: 0.005743

      4081000 -- (-6025.298) [...7 remote chains...] -- 0:11:44

      Average standard deviation of split frequencies: 0.005731

      4082000 -- (-6019.903) [...7 remote chains...] -- 0:11:43

      Average standard deviation of split frequencies: 0.005721

      4083000 -- (-6031.778) [...7 remote chains...] -- 0:11:42

      Average standard deviation of split frequencies: 0.005708

      4084000 -- [-6022.584] [...7 remote chains...] -- 0:11:42

      Average standard deviation of split frequencies: 0.005729

      4085000 -- (-6011.165) [...7 remote chains...] -- 0:11:41

      Average standard deviation of split frequencies: 0.005747

      4086000 -- (-6014.681) [...7 remote chains...] -- 0:11:40

      Average standard deviation of split frequencies: 0.005750

      4087000 -- (-6001.806) [...7 remote chains...] -- 0:11:39

      Average standard deviation of split frequencies: 0.005748

      4088000 -- [-6007.380] [...7 remote chains...] -- 0:11:38

      Average standard deviation of split frequencies: 0.005753

      4089000 -- [-6015.474] [...7 remote chains...] -- 0:11:38

      Average standard deviation of split frequencies: 0.005746

      4090000 -- (-6027.483) [...7 remote chains...] -- 0:11:37

      Average standard deviation of split frequencies: 0.005726

      4091000 -- (-6022.505) [...7 remote chains...] -- 0:11:36

      Average standard deviation of split frequencies: 0.005729

      4092000 -- (-6026.699) [...7 remote chains...] -- 0:11:35

      Average standard deviation of split frequencies: 0.005722

      4093000 -- (-6010.536) [...7 remote chains...] -- 0:11:34

      Average standard deviation of split frequencies: 0.005708

      4094000 -- (-6017.950) [...7 remote chains...] -- 0:11:34

      Average standard deviation of split frequencies: 0.005703

      4095000 -- (-6018.165) [...7 remote chains...] -- 0:11:33

      Average standard deviation of split frequencies: 0.005683

      4096000 -- [-6009.788] [...7 remote chains...] -- 0:11:32

      Average standard deviation of split frequencies: 0.005676

      4097000 -- (-6002.811) [...7 remote chains...] -- 0:11:31

      Average standard deviation of split frequencies: 0.005669

      4098000 -- [-5996.079] [...7 remote chains...] -- 0:11:31

      Average standard deviation of split frequencies: 0.005679

      4099000 -- (-5998.257) [...7 remote chains...] -- 0:11:30

      Average standard deviation of split frequencies: 0.005686

      4100000 -- [-5988.994] [...7 remote chains...] -- 0:11:29

      Average standard deviation of split frequencies: 0.005673

      4101000 -- [-5996.613] [...7 remote chains...] -- 0:11:28

      Average standard deviation of split frequencies: 0.005666

      4102000 -- [-5974.656] [...7 remote chains...] -- 0:11:27

      Average standard deviation of split frequencies: 0.005664

      4103000 -- [-5985.867] [...7 remote chains...] -- 0:11:27

      Average standard deviation of split frequencies: 0.005664

      4104000 -- [-5986.301] [...7 remote chains...] -- 0:11:26

      Average standard deviation of split frequencies: 0.005682

      4105000 -- [-5990.495] [...7 remote chains...] -- 0:11:25

      Average standard deviation of split frequencies: 0.005683

      4106000 -- (-6009.155) [...7 remote chains...] -- 0:11:24

      Average standard deviation of split frequencies: 0.005691

      4107000 -- (-6011.511) [...7 remote chains...] -- 0:11:23

      Average standard deviation of split frequencies: 0.005697

      4108000 -- (-6010.650) [...7 remote chains...] -- 0:11:23

      Average standard deviation of split frequencies: 0.005697

      4109000 -- (-6032.408) [...7 remote chains...] -- 0:11:22

      Average standard deviation of split frequencies: 0.005688

      4110000 -- (-6027.361) [...7 remote chains...] -- 0:11:21

      Average standard deviation of split frequencies: 0.005669

      4111000 -- (-6010.585) [...7 remote chains...] -- 0:11:20

      Average standard deviation of split frequencies: 0.005660

      4112000 -- (-6001.380) [...7 remote chains...] -- 0:11:19

      Average standard deviation of split frequencies: 0.005643

      4113000 -- (-6019.511) [...7 remote chains...] -- 0:11:19

      Average standard deviation of split frequencies: 0.005643

      4114000 -- (-6036.145) [...7 remote chains...] -- 0:11:18

      Average standard deviation of split frequencies: 0.005641

      4115000 -- (-6010.403) [...7 remote chains...] -- 0:11:17

      Average standard deviation of split frequencies: 0.005611

      4116000 -- (-6014.524) [...7 remote chains...] -- 0:11:16

      Average standard deviation of split frequencies: 0.005605

      4117000 -- (-5991.977) [...7 remote chains...] -- 0:11:15

      Average standard deviation of split frequencies: 0.005602

      4118000 -- (-6023.460) [...7 remote chains...] -- 0:11:15

      Average standard deviation of split frequencies: 0.005600

      4119000 -- (-6006.905) [...7 remote chains...] -- 0:11:14

      Average standard deviation of split frequencies: 0.005600

      4120000 -- [-5995.244] [...7 remote chains...] -- 0:11:13

      Average standard deviation of split frequencies: 0.005591

      4121000 -- (-6005.998) [...7 remote chains...] -- 0:11:12

      Average standard deviation of split frequencies: 0.005585

      4122000 -- [-5999.011] [...7 remote chains...] -- 0:11:11

      Average standard deviation of split frequencies: 0.005595

      4123000 -- (-6031.668) [...7 remote chains...] -- 0:11:11

      Average standard deviation of split frequencies: 0.005600

      4124000 -- (-6036.499) [...7 remote chains...] -- 0:11:10

      Average standard deviation of split frequencies: 0.005579

      4125000 -- (-6022.835) [...7 remote chains...] -- 0:11:09

      Average standard deviation of split frequencies: 0.005573

      4126000 -- (-6002.354) [...7 remote chains...] -- 0:11:08

      Average standard deviation of split frequencies: 0.005560

      4127000 -- [-6013.415] [...7 remote chains...] -- 0:11:07

      Average standard deviation of split frequencies: 0.005558

      4128000 -- [-5997.801] [...7 remote chains...] -- 0:11:07

      Average standard deviation of split frequencies: 0.005541

      4129000 -- [-5983.956] [...7 remote chains...] -- 0:11:06

      Average standard deviation of split frequencies: 0.005538

      4130000 -- [-5991.749] [...7 remote chains...] -- 0:11:05

      Average standard deviation of split frequencies: 0.005534

      4131000 -- (-6002.056) [...7 remote chains...] -- 0:11:04

      Average standard deviation of split frequencies: 0.005543

      4132000 -- [-6000.267] [...7 remote chains...] -- 0:11:03

      Average standard deviation of split frequencies: 0.005534

      4133000 -- (-6023.282) [...7 remote chains...] -- 0:11:03

      Average standard deviation of split frequencies: 0.005533

      4134000 -- (-6004.875) [...7 remote chains...] -- 0:11:02

      Average standard deviation of split frequencies: 0.005531

      4135000 -- (-6014.501) [...7 remote chains...] -- 0:11:01

      Average standard deviation of split frequencies: 0.005526

      4136000 -- (-6030.092) [...7 remote chains...] -- 0:11:00

      Average standard deviation of split frequencies: 0.005522

      4137000 -- (-6029.067) [...7 remote chains...] -- 0:10:59

      Average standard deviation of split frequencies: 0.005514

      4138000 -- (-6038.354) [...7 remote chains...] -- 0:10:59

      Average standard deviation of split frequencies: 0.005494

      4139000 -- (-6032.634) [...7 remote chains...] -- 0:10:58

      Average standard deviation of split frequencies: 0.005478

      4140000 -- (-6019.214) [...7 remote chains...] -- 0:10:57

      Average standard deviation of split frequencies: 0.005452

      4141000 -- (-6027.510) [...7 remote chains...] -- 0:10:56

      Average standard deviation of split frequencies: 0.005446

      4142000 -- (-6000.951) [...7 remote chains...] -- 0:10:55

      Average standard deviation of split frequencies: 0.005426

      4143000 -- (-5995.691) [...7 remote chains...] -- 0:10:55

      Average standard deviation of split frequencies: 0.005402

      4144000 -- [-5982.498] [...7 remote chains...] -- 0:10:54

      Average standard deviation of split frequencies: 0.005405

      4145000 -- [-6004.034] [...7 remote chains...] -- 0:10:53

      Average standard deviation of split frequencies: 0.005397

      4146000 -- [-6018.050] [...7 remote chains...] -- 0:10:52

      Average standard deviation of split frequencies: 0.005391

      4147000 -- [-6018.256] [...7 remote chains...] -- 0:10:52

      Average standard deviation of split frequencies: 0.005390

      4148000 -- (-6041.562) [...7 remote chains...] -- 0:10:51

      Average standard deviation of split frequencies: 0.005391

      4149000 -- (-6058.218) [...7 remote chains...] -- 0:10:50

      Average standard deviation of split frequencies: 0.005405

      4150000 -- (-6037.188) [...7 remote chains...] -- 0:10:49

      Average standard deviation of split frequencies: 0.005426

      4151000 -- [-6018.818] [...7 remote chains...] -- 0:10:48

      Average standard deviation of split frequencies: 0.005425

      4152000 -- [-5993.936] [...7 remote chains...] -- 0:10:48

      Average standard deviation of split frequencies: 0.005431

      4153000 -- [-5989.915] [...7 remote chains...] -- 0:10:47

      Average standard deviation of split frequencies: 0.005416

      4154000 -- [-5979.962] [...7 remote chains...] -- 0:10:46

      Average standard deviation of split frequencies: 0.005407

      4155000 -- [-5977.287] [...7 remote chains...] -- 0:10:45

      Average standard deviation of split frequencies: 0.005386

      4156000 -- [-5979.383] [...7 remote chains...] -- 0:10:44

      Average standard deviation of split frequencies: 0.005387

      4157000 -- [-5981.122] [...7 remote chains...] -- 0:10:44

      Average standard deviation of split frequencies: 0.005379

      4158000 -- [-5982.351] [...7 remote chains...] -- 0:10:43

      Average standard deviation of split frequencies: 0.005361

      4159000 -- [-5971.205] [...7 remote chains...] -- 0:10:42

      Average standard deviation of split frequencies: 0.005350

      4160000 -- [-5967.988] [...7 remote chains...] -- 0:10:41

      Average standard deviation of split frequencies: 0.005346

      4161000 -- [-6001.558] [...7 remote chains...] -- 0:10:40

      Average standard deviation of split frequencies: 0.005344

      4162000 -- (-6016.172) [...7 remote chains...] -- 0:10:40

      Average standard deviation of split frequencies: 0.005341

      4163000 -- [-6000.252] [...7 remote chains...] -- 0:10:39

      Average standard deviation of split frequencies: 0.005339

      4164000 -- (-6013.727) [...7 remote chains...] -- 0:10:38

      Average standard deviation of split frequencies: 0.005346

      4165000 -- (-6012.587) [...7 remote chains...] -- 0:10:37

      Average standard deviation of split frequencies: 0.005349

      4166000 -- [-6018.400] [...7 remote chains...] -- 0:10:36

      Average standard deviation of split frequencies: 0.005340

      4167000 -- [-5993.525] [...7 remote chains...] -- 0:10:36

      Average standard deviation of split frequencies: 0.005334

      4168000 -- [-5996.478] [...7 remote chains...] -- 0:10:35

      Average standard deviation of split frequencies: 0.005320

      4169000 -- [-5992.138] [...7 remote chains...] -- 0:10:34

      Average standard deviation of split frequencies: 0.005310

      4170000 -- [-5987.079] [...7 remote chains...] -- 0:10:33

      Average standard deviation of split frequencies: 0.005301

      4171000 -- [-5992.856] [...7 remote chains...] -- 0:10:32

      Average standard deviation of split frequencies: 0.005269

      4172000 -- (-5991.652) [...7 remote chains...] -- 0:10:32

      Average standard deviation of split frequencies: 0.005286

      4173000 -- [-5985.071] [...7 remote chains...] -- 0:10:31

      Average standard deviation of split frequencies: 0.005297

      4174000 -- [-5993.294] [...7 remote chains...] -- 0:10:30

      Average standard deviation of split frequencies: 0.005293

      4175000 -- (-5990.711) [...7 remote chains...] -- 0:10:29

      Average standard deviation of split frequencies: 0.005277

      4176000 -- (-6001.589) [...7 remote chains...] -- 0:10:28

      Average standard deviation of split frequencies: 0.005285

      4177000 -- [-5994.322] [...7 remote chains...] -- 0:10:28

      Average standard deviation of split frequencies: 0.005283

      4178000 -- (-6000.736) [...7 remote chains...] -- 0:10:27

      Average standard deviation of split frequencies: 0.005289

      4179000 -- (-6001.334) [...7 remote chains...] -- 0:10:26

      Average standard deviation of split frequencies: 0.005281

      4180000 -- (-6039.329) [...7 remote chains...] -- 0:10:25

      Average standard deviation of split frequencies: 0.005282

      4181000 -- [-6028.079] [...7 remote chains...] -- 0:10:24

      Average standard deviation of split frequencies: 0.005285

      4182000 -- (-6022.943) [...7 remote chains...] -- 0:10:24

      Average standard deviation of split frequencies: 0.005284

      4183000 -- (-6026.998) [...7 remote chains...] -- 0:10:23

      Average standard deviation of split frequencies: 0.005283

      4184000 -- (-6031.837) [...7 remote chains...] -- 0:10:22

      Average standard deviation of split frequencies: 0.005283

      4185000 -- [-6014.423] [...7 remote chains...] -- 0:10:21

      Average standard deviation of split frequencies: 0.005281

      4186000 -- [-5991.401] [...7 remote chains...] -- 0:10:20

      Average standard deviation of split frequencies: 0.005278

      4187000 -- (-5999.584) [...7 remote chains...] -- 0:10:20

      Average standard deviation of split frequencies: 0.005300

      4188000 -- (-6006.541) [...7 remote chains...] -- 0:10:19

      Average standard deviation of split frequencies: 0.005305

      4189000 -- [-5998.663] [...7 remote chains...] -- 0:10:18

      Average standard deviation of split frequencies: 0.005297

      4190000 -- [-5991.216] [...7 remote chains...] -- 0:10:17

      Average standard deviation of split frequencies: 0.005294

      4191000 -- [-5997.974] [...7 remote chains...] -- 0:10:17

      Average standard deviation of split frequencies: 0.005269

      4192000 -- (-6015.080) [...7 remote chains...] -- 0:10:16

      Average standard deviation of split frequencies: 0.005272

      4193000 -- (-6001.470) [...7 remote chains...] -- 0:10:15

      Average standard deviation of split frequencies: 0.005262

      4194000 -- [-6010.546] [...7 remote chains...] -- 0:10:14

      Average standard deviation of split frequencies: 0.005265

      4195000 -- [-6000.082] [...7 remote chains...] -- 0:10:13

      Average standard deviation of split frequencies: 0.005276

      4196000 -- [-5983.064] [...7 remote chains...] -- 0:10:13

      Average standard deviation of split frequencies: 0.005281

      4197000 -- [-6005.328] [...7 remote chains...] -- 0:10:12

      Average standard deviation of split frequencies: 0.005285

      4198000 -- (-6001.663) [...7 remote chains...] -- 0:10:11

      Average standard deviation of split frequencies: 0.005288

      4199000 -- [-5995.274] [...7 remote chains...] -- 0:10:10

      Average standard deviation of split frequencies: 0.005259

      4200000 -- [-5994.477] [...7 remote chains...] -- 0:10:09

      Average standard deviation of split frequencies: 0.005264

      4201000 -- [-5984.529] [...7 remote chains...] -- 0:10:09

      Average standard deviation of split frequencies: 0.005282

      4202000 -- (-5999.646) [...7 remote chains...] -- 0:10:08

      Average standard deviation of split frequencies: 0.005288

      4203000 -- (-6013.028) [...7 remote chains...] -- 0:10:07

      Average standard deviation of split frequencies: 0.005264

      4204000 -- (-6032.330) [...7 remote chains...] -- 0:10:06

      Average standard deviation of split frequencies: 0.005280

      4205000 -- (-6033.115) [...7 remote chains...] -- 0:10:05

      Average standard deviation of split frequencies: 0.005257

      4206000 -- [-6020.716] [...7 remote chains...] -- 0:10:05

      Average standard deviation of split frequencies: 0.005268

      4207000 -- (-6011.688) [...7 remote chains...] -- 0:10:04

      Average standard deviation of split frequencies: 0.005254

      4208000 -- (-6020.299) [...7 remote chains...] -- 0:10:03

      Average standard deviation of split frequencies: 0.005248

      4209000 -- [-6003.046] [...7 remote chains...] -- 0:10:02

      Average standard deviation of split frequencies: 0.005257

      4210000 -- [-5985.698] [...7 remote chains...] -- 0:10:01

      Average standard deviation of split frequencies: 0.005254

      4211000 -- (-6007.986) [...7 remote chains...] -- 0:10:01

      Average standard deviation of split frequencies: 0.005248

      4212000 -- (-6006.253) [...7 remote chains...] -- 0:10:00

      Average standard deviation of split frequencies: 0.005251

      4213000 -- [-5990.673] [...7 remote chains...] -- 0:09:59

      Average standard deviation of split frequencies: 0.005244

      4214000 -- (-6011.078) [...7 remote chains...] -- 0:09:58

      Average standard deviation of split frequencies: 0.005236

      4215000 -- (-6020.696) [...7 remote chains...] -- 0:09:58

      Average standard deviation of split frequencies: 0.005235

      4216000 -- (-6007.323) [...7 remote chains...] -- 0:09:57

      Average standard deviation of split frequencies: 0.005232

      4217000 -- (-6013.590) [...7 remote chains...] -- 0:09:56

      Average standard deviation of split frequencies: 0.005230

      4218000 -- (-6024.195) [...7 remote chains...] -- 0:09:55

      Average standard deviation of split frequencies: 0.005242

      4219000 -- [-5991.447] [...7 remote chains...] -- 0:09:54

      Average standard deviation of split frequencies: 0.005229

      4220000 -- (-5987.713) [...7 remote chains...] -- 0:09:54

      Average standard deviation of split frequencies: 0.005214

      4221000 -- (-5994.963) [...7 remote chains...] -- 0:09:53

      Average standard deviation of split frequencies: 0.005211

      4222000 -- [-5985.850] [...7 remote chains...] -- 0:09:52

      Average standard deviation of split frequencies: 0.005205

      4223000 -- [-5996.066] [...7 remote chains...] -- 0:09:51

      Average standard deviation of split frequencies: 0.005215

      4224000 -- (-6007.571) [...7 remote chains...] -- 0:09:51

      Average standard deviation of split frequencies: 0.005219

      4225000 -- [-5990.692] [...7 remote chains...] -- 0:09:50

      Average standard deviation of split frequencies: 0.005218

      4226000 -- (-6007.481) [...7 remote chains...] -- 0:09:49

      Average standard deviation of split frequencies: 0.005207

      4227000 -- (-6011.541) [...7 remote chains...] -- 0:09:48

      Average standard deviation of split frequencies: 0.005197

      4228000 -- (-6019.183) [...7 remote chains...] -- 0:09:47

      Average standard deviation of split frequencies: 0.005205

      4229000 -- (-6002.507) [...7 remote chains...] -- 0:09:47

      Average standard deviation of split frequencies: 0.005204

      4230000 -- [-5997.443] [...7 remote chains...] -- 0:09:46

      Average standard deviation of split frequencies: 0.005197

      4231000 -- (-5992.184) [...7 remote chains...] -- 0:09:45

      Average standard deviation of split frequencies: 0.005186

      4232000 -- [-5991.573] [...7 remote chains...] -- 0:09:44

      Average standard deviation of split frequencies: 0.005193

      4233000 -- (-6032.986) [...7 remote chains...] -- 0:09:43

      Average standard deviation of split frequencies: 0.005192

      4234000 -- (-6029.842) [...7 remote chains...] -- 0:09:43

      Average standard deviation of split frequencies: 0.005178

      4235000 -- (-6009.676) [...7 remote chains...] -- 0:09:42

      Average standard deviation of split frequencies: 0.005178

      4236000 -- (-6035.487) [...7 remote chains...] -- 0:09:41

      Average standard deviation of split frequencies: 0.005193

      4237000 -- (-6013.594) [...7 remote chains...] -- 0:09:40

      Average standard deviation of split frequencies: 0.005202

      4238000 -- [-6011.499] [...7 remote chains...] -- 0:09:39

      Average standard deviation of split frequencies: 0.005175

      4239000 -- (-6012.998) [...7 remote chains...] -- 0:09:39

      Average standard deviation of split frequencies: 0.005175

      4240000 -- [-5997.449] [...7 remote chains...] -- 0:09:38

      Average standard deviation of split frequencies: 0.005191

      4241000 -- (-5999.338) [...7 remote chains...] -- 0:09:37

      Average standard deviation of split frequencies: 0.005197

      4242000 -- [-5987.602] [...7 remote chains...] -- 0:09:36

      Average standard deviation of split frequencies: 0.005202

      4243000 -- (-6012.025) [...7 remote chains...] -- 0:09:35

      Average standard deviation of split frequencies: 0.005200

      4244000 -- (-6000.243) [...7 remote chains...] -- 0:09:35

      Average standard deviation of split frequencies: 0.005182

      4245000 -- (-6000.112) [...7 remote chains...] -- 0:09:34

      Average standard deviation of split frequencies: 0.005167

      4246000 -- (-6004.968) [...7 remote chains...] -- 0:09:33

      Average standard deviation of split frequencies: 0.005154

      4247000 -- (-5995.795) [...7 remote chains...] -- 0:09:32

      Average standard deviation of split frequencies: 0.005133

      4248000 -- (-6008.530) [...7 remote chains...] -- 0:09:31

      Average standard deviation of split frequencies: 0.005139

      4249000 -- (-6000.924) [...7 remote chains...] -- 0:09:31

      Average standard deviation of split frequencies: 0.005148

      4250000 -- [-6001.612] [...7 remote chains...] -- 0:09:30

      Average standard deviation of split frequencies: 0.005153

      4251000 -- [-5984.487] [...7 remote chains...] -- 0:09:29

      Average standard deviation of split frequencies: 0.005144

      4252000 -- (-6010.540) [...7 remote chains...] -- 0:09:28

      Average standard deviation of split frequencies: 0.005133

      4253000 -- (-6016.693) [...7 remote chains...] -- 0:09:28

      Average standard deviation of split frequencies: 0.005142

      4254000 -- (-6017.121) [...7 remote chains...] -- 0:09:27

      Average standard deviation of split frequencies: 0.005140

      4255000 -- (-6013.841) [...7 remote chains...] -- 0:09:26

      Average standard deviation of split frequencies: 0.005131

      4256000 -- (-6020.384) [...7 remote chains...] -- 0:09:25

      Average standard deviation of split frequencies: 0.005144

      4257000 -- (-6022.956) [...7 remote chains...] -- 0:09:24

      Average standard deviation of split frequencies: 0.005149

      4258000 -- [-6007.897] [...7 remote chains...] -- 0:09:24

      Average standard deviation of split frequencies: 0.005132

      4259000 -- (-6044.854) [...7 remote chains...] -- 0:09:23

      Average standard deviation of split frequencies: 0.005142

      4260000 -- (-6018.948) [...7 remote chains...] -- 0:09:22

      Average standard deviation of split frequencies: 0.005142

      4261000 -- (-5998.951) [...7 remote chains...] -- 0:09:21

      Average standard deviation of split frequencies: 0.005148

      4262000 -- (-6013.312) [...7 remote chains...] -- 0:09:21

      Average standard deviation of split frequencies: 0.005151

      4263000 -- (-6007.057) [...7 remote chains...] -- 0:09:20

      Average standard deviation of split frequencies: 0.005148

      4264000 -- [-6011.409] [...7 remote chains...] -- 0:09:19

      Average standard deviation of split frequencies: 0.005164

      4265000 -- (-6009.056) [...7 remote chains...] -- 0:09:18

      Average standard deviation of split frequencies: 0.005168

      4266000 -- (-6004.656) [...7 remote chains...] -- 0:09:17

      Average standard deviation of split frequencies: 0.005181

      4267000 -- [-6002.720] [...7 remote chains...] -- 0:09:17

      Average standard deviation of split frequencies: 0.005195

      4268000 -- (-5989.554) [...7 remote chains...] -- 0:09:16

      Average standard deviation of split frequencies: 0.005178

      4269000 -- (-5997.866) [...7 remote chains...] -- 0:09:15

      Average standard deviation of split frequencies: 0.005188

      4270000 -- (-6007.773) [...7 remote chains...] -- 0:09:14

      Average standard deviation of split frequencies: 0.005179

      4271000 -- (-6020.023) [...7 remote chains...] -- 0:09:13

      Average standard deviation of split frequencies: 0.005185

      4272000 -- (-6012.749) [...7 remote chains...] -- 0:09:13

      Average standard deviation of split frequencies: 0.005182

      4273000 -- [-6006.354] [...7 remote chains...] -- 0:09:12

      Average standard deviation of split frequencies: 0.005195

      4274000 -- (-6039.156) [...7 remote chains...] -- 0:09:11

      Average standard deviation of split frequencies: 0.005202

      4275000 -- (-6004.741) [...7 remote chains...] -- 0:09:10

      Average standard deviation of split frequencies: 0.005213

      4276000 -- [-5984.971] [...7 remote chains...] -- 0:09:10

      Average standard deviation of split frequencies: 0.005229

      4277000 -- [-5990.503] [...7 remote chains...] -- 0:09:09

      Average standard deviation of split frequencies: 0.005230

      4278000 -- [-5984.921] [...7 remote chains...] -- 0:09:08

      Average standard deviation of split frequencies: 0.005226

      4279000 -- [-5995.180] [...7 remote chains...] -- 0:09:07

      Average standard deviation of split frequencies: 0.005223

      4280000 -- [-6003.478] [...7 remote chains...] -- 0:09:06

      Average standard deviation of split frequencies: 0.005222

      4281000 -- (-6007.172) [...7 remote chains...] -- 0:09:06

      Average standard deviation of split frequencies: 0.005223

      4282000 -- [-5990.084] [...7 remote chains...] -- 0:09:05

      Average standard deviation of split frequencies: 0.005229

      4283000 -- [-5975.738] [...7 remote chains...] -- 0:09:04

      Average standard deviation of split frequencies: 0.005238

      4284000 -- [-5997.058] [...7 remote chains...] -- 0:09:03

      Average standard deviation of split frequencies: 0.005237

      4285000 -- (-6006.392) [...7 remote chains...] -- 0:09:02

      Average standard deviation of split frequencies: 0.005242

      4286000 -- [-6020.296] [...7 remote chains...] -- 0:09:02

      Average standard deviation of split frequencies: 0.005248

      4287000 -- (-6008.304) [...7 remote chains...] -- 0:09:01

      Average standard deviation of split frequencies: 0.005259

      4288000 -- [-5998.872] [...7 remote chains...] -- 0:09:00

      Average standard deviation of split frequencies: 0.005258

      4289000 -- (-6004.960) [...7 remote chains...] -- 0:08:59

      Average standard deviation of split frequencies: 0.005257

      4290000 -- [-6000.856] [...7 remote chains...] -- 0:08:59

      Average standard deviation of split frequencies: 0.005258

      4291000 -- [-5995.630] [...7 remote chains...] -- 0:08:58

      Average standard deviation of split frequencies: 0.005244

      4292000 -- (-6012.988) [...7 remote chains...] -- 0:08:57

      Average standard deviation of split frequencies: 0.005233

      4293000 -- (-6009.617) [...7 remote chains...] -- 0:08:56

      Average standard deviation of split frequencies: 0.005242

      4294000 -- [-6007.589] [...7 remote chains...] -- 0:08:55

      Average standard deviation of split frequencies: 0.005236

      4295000 -- (-6016.382) [...7 remote chains...] -- 0:08:55

      Average standard deviation of split frequencies: 0.005235

      4296000 -- (-6022.993) [...7 remote chains...] -- 0:08:54

      Average standard deviation of split frequencies: 0.005237

      4297000 -- (-6029.911) [...7 remote chains...] -- 0:08:53

      Average standard deviation of split frequencies: 0.005238

      4298000 -- (-6021.899) [...7 remote chains...] -- 0:08:52

      Average standard deviation of split frequencies: 0.005249

      4299000 -- (-6027.991) [...7 remote chains...] -- 0:08:52

      Average standard deviation of split frequencies: 0.005254

      4300000 -- (-6046.894) [...7 remote chains...] -- 0:08:51

      Average standard deviation of split frequencies: 0.005245

      4301000 -- (-6040.040) [...7 remote chains...] -- 0:08:50

      Average standard deviation of split frequencies: 0.005247

      4302000 -- (-6015.087) [...7 remote chains...] -- 0:08:49

      Average standard deviation of split frequencies: 0.005256

      4303000 -- (-6008.263) [...7 remote chains...] -- 0:08:48

      Average standard deviation of split frequencies: 0.005262

      4304000 -- (-6028.020) [...7 remote chains...] -- 0:08:48

      Average standard deviation of split frequencies: 0.005274

      4305000 -- (-6007.258) [...7 remote chains...] -- 0:08:47

      Average standard deviation of split frequencies: 0.005273

      4306000 -- (-6011.576) [...7 remote chains...] -- 0:08:46

      Average standard deviation of split frequencies: 0.005272

      4307000 -- (-6020.068) [...7 remote chains...] -- 0:08:45

      Average standard deviation of split frequencies: 0.005268

      4308000 -- (-6054.853) [...7 remote chains...] -- 0:08:44

      Average standard deviation of split frequencies: 0.005266

      4309000 -- (-6030.805) [...7 remote chains...] -- 0:08:44

      Average standard deviation of split frequencies: 0.005270

      4310000 -- (-6015.363) [...7 remote chains...] -- 0:08:43

      Average standard deviation of split frequencies: 0.005268

      4311000 -- (-6030.574) [...7 remote chains...] -- 0:08:42

      Average standard deviation of split frequencies: 0.005272

      4312000 -- (-6009.699) [...7 remote chains...] -- 0:08:41

      Average standard deviation of split frequencies: 0.005265

      4313000 -- (-6020.429) [...7 remote chains...] -- 0:08:41

      Average standard deviation of split frequencies: 0.005262

      4314000 -- (-5989.761) [...7 remote chains...] -- 0:08:40

      Average standard deviation of split frequencies: 0.005264

      4315000 -- [-5981.842] [...7 remote chains...] -- 0:08:39

      Average standard deviation of split frequencies: 0.005268

      4316000 -- [-5983.201] [...7 remote chains...] -- 0:08:38

      Average standard deviation of split frequencies: 0.005264

      4317000 -- (-5988.732) [...7 remote chains...] -- 0:08:37

      Average standard deviation of split frequencies: 0.005257

      4318000 -- [-5982.218] [...7 remote chains...] -- 0:08:37

      Average standard deviation of split frequencies: 0.005263

      4319000 -- (-5998.804) [...7 remote chains...] -- 0:08:36

      Average standard deviation of split frequencies: 0.005261

      4320000 -- [-5996.368] [...7 remote chains...] -- 0:08:35

      Average standard deviation of split frequencies: 0.005259

      4321000 -- (-5997.041) [...7 remote chains...] -- 0:08:34

      Average standard deviation of split frequencies: 0.005260

      4322000 -- (-6016.296) [...7 remote chains...] -- 0:08:34

      Average standard deviation of split frequencies: 0.005265

      4323000 -- (-6034.592) [...7 remote chains...] -- 0:08:33

      Average standard deviation of split frequencies: 0.005276

      4324000 -- (-6008.069) [...7 remote chains...] -- 0:08:32

      Average standard deviation of split frequencies: 0.005271

      4325000 -- (-5995.801) [...7 remote chains...] -- 0:08:31

      Average standard deviation of split frequencies: 0.005279

      4326000 -- (-6005.915) [...7 remote chains...] -- 0:08:30

      Average standard deviation of split frequencies: 0.005263

      4327000 -- [-5998.751] [...7 remote chains...] -- 0:08:30

      Average standard deviation of split frequencies: 0.005266

      4328000 -- (-6008.493) [...7 remote chains...] -- 0:08:29

      Average standard deviation of split frequencies: 0.005265

      4329000 -- (-6024.733) [...7 remote chains...] -- 0:08:28

      Average standard deviation of split frequencies: 0.005268

      4330000 -- (-6009.339) [...7 remote chains...] -- 0:08:27

      Average standard deviation of split frequencies: 0.005269

      4331000 -- (-6019.078) [...7 remote chains...] -- 0:08:26

      Average standard deviation of split frequencies: 0.005251

      4332000 -- (-6025.070) [...7 remote chains...] -- 0:08:26

      Average standard deviation of split frequencies: 0.005247

      4333000 -- (-6016.553) [...7 remote chains...] -- 0:08:25

      Average standard deviation of split frequencies: 0.005232

      4334000 -- (-6027.605) [...7 remote chains...] -- 0:08:24

      Average standard deviation of split frequencies: 0.005219

      4335000 -- (-6041.584) [...7 remote chains...] -- 0:08:23

      Average standard deviation of split frequencies: 0.005203

      4336000 -- (-6022.560) [...7 remote chains...] -- 0:08:23

      Average standard deviation of split frequencies: 0.005204

      4337000 -- (-6016.449) [...7 remote chains...] -- 0:08:22

      Average standard deviation of split frequencies: 0.005200

      4338000 -- (-6019.268) [...7 remote chains...] -- 0:08:21

      Average standard deviation of split frequencies: 0.005204

      4339000 -- (-6006.357) [...7 remote chains...] -- 0:08:20

      Average standard deviation of split frequencies: 0.005202

      4340000 -- (-6013.269) [...7 remote chains...] -- 0:08:20

      Average standard deviation of split frequencies: 0.005210

      4341000 -- (-6013.118) [...7 remote chains...] -- 0:08:19

      Average standard deviation of split frequencies: 0.005212

      4342000 -- (-6016.839) [...7 remote chains...] -- 0:08:18

      Average standard deviation of split frequencies: 0.005213

      4343000 -- (-6067.388) [...7 remote chains...] -- 0:08:17

      Average standard deviation of split frequencies: 0.005208

      4344000 -- (-6053.163) [...7 remote chains...] -- 0:08:16

      Average standard deviation of split frequencies: 0.005200

      4345000 -- (-6055.686) [...7 remote chains...] -- 0:08:16

      Average standard deviation of split frequencies: 0.005197

      4346000 -- (-6054.735) [...7 remote chains...] -- 0:08:15

      Average standard deviation of split frequencies: 0.005207

      4347000 -- (-6046.864) [...7 remote chains...] -- 0:08:14

      Average standard deviation of split frequencies: 0.005212

      4348000 -- (-6034.948) [...7 remote chains...] -- 0:08:13

      Average standard deviation of split frequencies: 0.005213

      4349000 -- (-6006.403) [...7 remote chains...] -- 0:08:12

      Average standard deviation of split frequencies: 0.005202

      4350000 -- (-6023.866) [...7 remote chains...] -- 0:08:12

      Average standard deviation of split frequencies: 0.005212

      4351000 -- [-6011.120] [...7 remote chains...] -- 0:08:11

      Average standard deviation of split frequencies: 0.005208

      4352000 -- (-6010.881) [...7 remote chains...] -- 0:08:10

      Average standard deviation of split frequencies: 0.005208

      4353000 -- [-6000.387] [...7 remote chains...] -- 0:08:09

      Average standard deviation of split frequencies: 0.005208

      4354000 -- [-5984.286] [...7 remote chains...] -- 0:08:09

      Average standard deviation of split frequencies: 0.005207

      4355000 -- [-6005.933] [...7 remote chains...] -- 0:08:08

      Average standard deviation of split frequencies: 0.005196

      4356000 -- (-6013.446) [...7 remote chains...] -- 0:08:07

      Average standard deviation of split frequencies: 0.005177

      4357000 -- [-5996.508] [...7 remote chains...] -- 0:08:06

      Average standard deviation of split frequencies: 0.005184

      4358000 -- [-5980.423] [...7 remote chains...] -- 0:08:05

      Average standard deviation of split frequencies: 0.005190

      4359000 -- [-5991.989] [...7 remote chains...] -- 0:08:05

      Average standard deviation of split frequencies: 0.005186

      4360000 -- (-6003.865) [...7 remote chains...] -- 0:08:04

      Average standard deviation of split frequencies: 0.005206

      4361000 -- (-6019.064) [...7 remote chains...] -- 0:08:03

      Average standard deviation of split frequencies: 0.005208

      4362000 -- (-6008.970) [...7 remote chains...] -- 0:08:02

      Average standard deviation of split frequencies: 0.005201

      4363000 -- (-6050.755) [...7 remote chains...] -- 0:08:02

      Average standard deviation of split frequencies: 0.005215

      4364000 -- (-6005.740) [...7 remote chains...] -- 0:08:01

      Average standard deviation of split frequencies: 0.005220

      4365000 -- (-6030.107) [...7 remote chains...] -- 0:08:00

      Average standard deviation of split frequencies: 0.005236

      4366000 -- (-6028.562) [...7 remote chains...] -- 0:07:59

      Average standard deviation of split frequencies: 0.005250

      4367000 -- (-6035.370) [...7 remote chains...] -- 0:07:59

      Average standard deviation of split frequencies: 0.005256

      4368000 -- (-6021.947) [...7 remote chains...] -- 0:07:58

      Average standard deviation of split frequencies: 0.005257

      4369000 -- (-6030.192) [...7 remote chains...] -- 0:07:57

      Average standard deviation of split frequencies: 0.005262

      4370000 -- (-6049.855) [...7 remote chains...] -- 0:07:56

      Average standard deviation of split frequencies: 0.005250

      4371000 -- (-6019.387) [...7 remote chains...] -- 0:07:55

      Average standard deviation of split frequencies: 0.005245

      4372000 -- (-6027.609) [...7 remote chains...] -- 0:07:55

      Average standard deviation of split frequencies: 0.005241

      4373000 -- [-6015.809] [...7 remote chains...] -- 0:07:54

      Average standard deviation of split frequencies: 0.005260

      4374000 -- (-6025.713) [...7 remote chains...] -- 0:07:53

      Average standard deviation of split frequencies: 0.005262

      4375000 -- [-6012.043] [...7 remote chains...] -- 0:07:52

      Average standard deviation of split frequencies: 0.005282

      4376000 -- (-6018.608) [...7 remote chains...] -- 0:07:51

      Average standard deviation of split frequencies: 0.005287

      4377000 -- (-6020.292) [...7 remote chains...] -- 0:07:51

      Average standard deviation of split frequencies: 0.005304

      4378000 -- (-6028.455) [...7 remote chains...] -- 0:07:50

      Average standard deviation of split frequencies: 0.005326

      4379000 -- (-6016.011) [...7 remote chains...] -- 0:07:49

      Average standard deviation of split frequencies: 0.005319

      4380000 -- (-5999.909) [...7 remote chains...] -- 0:07:48

      Average standard deviation of split frequencies: 0.005318

      4381000 -- [-5997.494] [...7 remote chains...] -- 0:07:48

      Average standard deviation of split frequencies: 0.005325

      4382000 -- [-5979.702] [...7 remote chains...] -- 0:07:47

      Average standard deviation of split frequencies: 0.005321

      4383000 -- [-5966.437] [...7 remote chains...] -- 0:07:46

      Average standard deviation of split frequencies: 0.005335

      4384000 -- [-6010.501] [...7 remote chains...] -- 0:07:45

      Average standard deviation of split frequencies: 0.005320

      4385000 -- (-6032.222) [...7 remote chains...] -- 0:07:45

      Average standard deviation of split frequencies: 0.005314

      4386000 -- (-6031.688) [...7 remote chains...] -- 0:07:44

      Average standard deviation of split frequencies: 0.005325

      4387000 -- (-6035.069) [...7 remote chains...] -- 0:07:43

      Average standard deviation of split frequencies: 0.005315

      4388000 -- (-6016.079) [...7 remote chains...] -- 0:07:42

      Average standard deviation of split frequencies: 0.005327

      4389000 -- (-6034.092) [...7 remote chains...] -- 0:07:41

      Average standard deviation of split frequencies: 0.005338

      4390000 -- (-6012.241) [...7 remote chains...] -- 0:07:41

      Average standard deviation of split frequencies: 0.005329

      4391000 -- (-5996.959) [...7 remote chains...] -- 0:07:40

      Average standard deviation of split frequencies: 0.005334

      4392000 -- [-5979.288] [...7 remote chains...] -- 0:07:39

      Average standard deviation of split frequencies: 0.005326

      4393000 -- [-5990.380] [...7 remote chains...] -- 0:07:38

      Average standard deviation of split frequencies: 0.005341

      4394000 -- [-6014.726] [...7 remote chains...] -- 0:07:38

      Average standard deviation of split frequencies: 0.005344

      4395000 -- [-6011.937] [...7 remote chains...] -- 0:07:37

      Average standard deviation of split frequencies: 0.005345

      4396000 -- [-5999.182] [...7 remote chains...] -- 0:07:36

      Average standard deviation of split frequencies: 0.005351

      4397000 -- (-5996.127) [...7 remote chains...] -- 0:07:35

      Average standard deviation of split frequencies: 0.005364

      4398000 -- (-6026.959) [...7 remote chains...] -- 0:07:34

      Average standard deviation of split frequencies: 0.005374

      4399000 -- (-6041.413) [...7 remote chains...] -- 0:07:34

      Average standard deviation of split frequencies: 0.005387

      4400000 -- (-6041.183) [...7 remote chains...] -- 0:07:33

      Average standard deviation of split frequencies: 0.005368

      4401000 -- (-6000.392) [...7 remote chains...] -- 0:07:32

      Average standard deviation of split frequencies: 0.005344

      4402000 -- (-6016.696) [...7 remote chains...] -- 0:07:31

      Average standard deviation of split frequencies: 0.005348

      4403000 -- (-6059.678) [...7 remote chains...] -- 0:07:31

      Average standard deviation of split frequencies: 0.005331

      4404000 -- (-6032.666) [...7 remote chains...] -- 0:07:30

      Average standard deviation of split frequencies: 0.005333

      4405000 -- (-6029.096) [...7 remote chains...] -- 0:07:29

      Average standard deviation of split frequencies: 0.005321

      4406000 -- (-6023.750) [...7 remote chains...] -- 0:07:28

      Average standard deviation of split frequencies: 0.005319

      4407000 -- (-6026.883) [...7 remote chains...] -- 0:07:27

      Average standard deviation of split frequencies: 0.005338

      4408000 -- (-6031.918) [...7 remote chains...] -- 0:07:27

      Average standard deviation of split frequencies: 0.005346

      4409000 -- (-6021.208) [...7 remote chains...] -- 0:07:26

      Average standard deviation of split frequencies: 0.005338

      4410000 -- (-6013.593) [...7 remote chains...] -- 0:07:25

      Average standard deviation of split frequencies: 0.005321

      4411000 -- (-6028.309) [...7 remote chains...] -- 0:07:24

      Average standard deviation of split frequencies: 0.005315

      4412000 -- (-6055.532) [...7 remote chains...] -- 0:07:24

      Average standard deviation of split frequencies: 0.005326

      4413000 -- (-6034.822) [...7 remote chains...] -- 0:07:23

      Average standard deviation of split frequencies: 0.005328

      4414000 -- (-6046.507) [...7 remote chains...] -- 0:07:22

      Average standard deviation of split frequencies: 0.005322

      4415000 -- (-6028.156) [...7 remote chains...] -- 0:07:21

      Average standard deviation of split frequencies: 0.005312

      4416000 -- (-6023.929) [...7 remote chains...] -- 0:07:21

      Average standard deviation of split frequencies: 0.005309

      4417000 -- (-6033.023) [...7 remote chains...] -- 0:07:20

      Average standard deviation of split frequencies: 0.005328

      4418000 -- (-6014.918) [...7 remote chains...] -- 0:07:19

      Average standard deviation of split frequencies: 0.005305

      4419000 -- (-6010.015) [...7 remote chains...] -- 0:07:18

      Average standard deviation of split frequencies: 0.005313

      4420000 -- (-6019.311) [...7 remote chains...] -- 0:07:17

      Average standard deviation of split frequencies: 0.005303

      4421000 -- (-6021.588) [...7 remote chains...] -- 0:07:17

      Average standard deviation of split frequencies: 0.005299

      4422000 -- (-6054.932) [...7 remote chains...] -- 0:07:16

      Average standard deviation of split frequencies: 0.005305

      4423000 -- (-6044.855) [...7 remote chains...] -- 0:07:15

      Average standard deviation of split frequencies: 0.005317

      4424000 -- (-6015.501) [...7 remote chains...] -- 0:07:14

      Average standard deviation of split frequencies: 0.005310

      4425000 -- (-6019.961) [...7 remote chains...] -- 0:07:14

      Average standard deviation of split frequencies: 0.005316

      4426000 -- (-6024.582) [...7 remote chains...] -- 0:07:13

      Average standard deviation of split frequencies: 0.005324

      4427000 -- (-6027.906) [...7 remote chains...] -- 0:07:12

      Average standard deviation of split frequencies: 0.005332

      4428000 -- (-6038.660) [...7 remote chains...] -- 0:07:11

      Average standard deviation of split frequencies: 0.005335

      4429000 -- [-6008.514] [...7 remote chains...] -- 0:07:10

      Average standard deviation of split frequencies: 0.005342

      4430000 -- [-6024.754] [...7 remote chains...] -- 0:07:10

      Average standard deviation of split frequencies: 0.005338

      4431000 -- (-6022.357) [...7 remote chains...] -- 0:07:09

      Average standard deviation of split frequencies: 0.005321

      4432000 -- (-6020.822) [...7 remote chains...] -- 0:07:08

      Average standard deviation of split frequencies: 0.005302

      4433000 -- (-6022.815) [...7 remote chains...] -- 0:07:07

      Average standard deviation of split frequencies: 0.005307

      4434000 -- (-6045.628) [...7 remote chains...] -- 0:07:07

      Average standard deviation of split frequencies: 0.005315

      4435000 -- (-6048.808) [...7 remote chains...] -- 0:07:06

      Average standard deviation of split frequencies: 0.005301

      4436000 -- (-6043.147) [...7 remote chains...] -- 0:07:05

      Average standard deviation of split frequencies: 0.005302

      4437000 -- (-6010.472) [...7 remote chains...] -- 0:07:04

      Average standard deviation of split frequencies: 0.005311

      4438000 -- (-6002.776) [...7 remote chains...] -- 0:07:03

      Average standard deviation of split frequencies: 0.005310

      4439000 -- (-6029.001) [...7 remote chains...] -- 0:07:03

      Average standard deviation of split frequencies: 0.005325

      4440000 -- (-6023.804) [...7 remote chains...] -- 0:07:02

      Average standard deviation of split frequencies: 0.005326

      4441000 -- (-6018.616) [...7 remote chains...] -- 0:07:01

      Average standard deviation of split frequencies: 0.005323

      4442000 -- (-6029.396) [...7 remote chains...] -- 0:07:00

      Average standard deviation of split frequencies: 0.005335

      4443000 -- (-6010.241) [...7 remote chains...] -- 0:07:00

      Average standard deviation of split frequencies: 0.005372

      4444000 -- (-6014.080) [...7 remote chains...] -- 0:06:59

      Average standard deviation of split frequencies: 0.005387

      4445000 -- [-6002.536] [...7 remote chains...] -- 0:06:58

      Average standard deviation of split frequencies: 0.005378

      4446000 -- (-6012.255) [...7 remote chains...] -- 0:06:57

      Average standard deviation of split frequencies: 0.005375

      4447000 -- (-6014.908) [...7 remote chains...] -- 0:06:57

      Average standard deviation of split frequencies: 0.005382

      4448000 -- [-6016.568] [...7 remote chains...] -- 0:06:56

      Average standard deviation of split frequencies: 0.005376

      4449000 -- (-6024.824) [...7 remote chains...] -- 0:06:55

      Average standard deviation of split frequencies: 0.005383

      4450000 -- (-6049.762) [...7 remote chains...] -- 0:06:54

      Average standard deviation of split frequencies: 0.005383

      4451000 -- (-6033.211) [...7 remote chains...] -- 0:06:53

      Average standard deviation of split frequencies: 0.005393

      4452000 -- (-6032.181) [...7 remote chains...] -- 0:06:53

      Average standard deviation of split frequencies: 0.005376

      4453000 -- [-6007.840] [...7 remote chains...] -- 0:06:52

      Average standard deviation of split frequencies: 0.005370

      4454000 -- (-6018.219) [...7 remote chains...] -- 0:06:51

      Average standard deviation of split frequencies: 0.005370

      4455000 -- (-6046.107) [...7 remote chains...] -- 0:06:50

      Average standard deviation of split frequencies: 0.005406

      4456000 -- (-6029.755) [...7 remote chains...] -- 0:06:50

      Average standard deviation of split frequencies: 0.005405

      4457000 -- (-6043.192) [...7 remote chains...] -- 0:06:49

      Average standard deviation of split frequencies: 0.005409

      4458000 -- (-6023.355) [...7 remote chains...] -- 0:06:48

      Average standard deviation of split frequencies: 0.005405

      4459000 -- (-6009.596) [...7 remote chains...] -- 0:06:47

      Average standard deviation of split frequencies: 0.005385

      4460000 -- (-6008.146) [...7 remote chains...] -- 0:06:47

      Average standard deviation of split frequencies: 0.005388

      4461000 -- (-6002.647) [...7 remote chains...] -- 0:06:46

      Average standard deviation of split frequencies: 0.005389

      4462000 -- (-6015.371) [...7 remote chains...] -- 0:06:45

      Average standard deviation of split frequencies: 0.005385

      4463000 -- [-5992.668] [...7 remote chains...] -- 0:06:44

      Average standard deviation of split frequencies: 0.005399

      4464000 -- (-6006.615) [...7 remote chains...] -- 0:06:43

      Average standard deviation of split frequencies: 0.005414

      4465000 -- (-6027.825) [...7 remote chains...] -- 0:06:43

      Average standard deviation of split frequencies: 0.005424

      4466000 -- (-6021.458) [...7 remote chains...] -- 0:06:42

      Average standard deviation of split frequencies: 0.005437

      4467000 -- (-6007.715) [...7 remote chains...] -- 0:06:41

      Average standard deviation of split frequencies: 0.005433

      4468000 -- [-5994.309] [...7 remote chains...] -- 0:06:40

      Average standard deviation of split frequencies: 0.005422

      4469000 -- [-5990.106] [...7 remote chains...] -- 0:06:40

      Average standard deviation of split frequencies: 0.005408

      4470000 -- (-6002.683) [...7 remote chains...] -- 0:06:39

      Average standard deviation of split frequencies: 0.005405

      4471000 -- [-5991.870] [...7 remote chains...] -- 0:06:38

      Average standard deviation of split frequencies: 0.005420

      4472000 -- [-5989.120] [...7 remote chains...] -- 0:06:37

      Average standard deviation of split frequencies: 0.005419

      4473000 -- [-6014.459] [...7 remote chains...] -- 0:06:37

      Average standard deviation of split frequencies: 0.005414

      4474000 -- (-6024.846) [...7 remote chains...] -- 0:06:36

      Average standard deviation of split frequencies: 0.005398

      4475000 -- (-6019.163) [...7 remote chains...] -- 0:06:35

      Average standard deviation of split frequencies: 0.005385

      4476000 -- (-6014.378) [...7 remote chains...] -- 0:06:34

      Average standard deviation of split frequencies: 0.005381

      4477000 -- [-5987.961] [...7 remote chains...] -- 0:06:33

      Average standard deviation of split frequencies: 0.005382

      4478000 -- [-5982.600] [...7 remote chains...] -- 0:06:33

      Average standard deviation of split frequencies: 0.005371

      4479000 -- [-5987.769] [...7 remote chains...] -- 0:06:32

      Average standard deviation of split frequencies: 0.005360

      4480000 -- [-5993.671] [...7 remote chains...] -- 0:06:31

      Average standard deviation of split frequencies: 0.005349

      4481000 -- [-5987.086] [...7 remote chains...] -- 0:06:30

      Average standard deviation of split frequencies: 0.005356

      4482000 -- [-5980.072] [...7 remote chains...] -- 0:06:30

      Average standard deviation of split frequencies: 0.005340

      4483000 -- [-5981.834] [...7 remote chains...] -- 0:06:29

      Average standard deviation of split frequencies: 0.005311

      4484000 -- [-5997.534] [...7 remote chains...] -- 0:06:28

      Average standard deviation of split frequencies: 0.005310

      4485000 -- (-5999.426) [...7 remote chains...] -- 0:06:27

      Average standard deviation of split frequencies: 0.005325

      4486000 -- (-6015.500) [...7 remote chains...] -- 0:06:27

      Average standard deviation of split frequencies: 0.005329

      4487000 -- (-6006.134) [...7 remote chains...] -- 0:06:26

      Average standard deviation of split frequencies: 0.005342

      4488000 -- [-6009.461] [...7 remote chains...] -- 0:06:25

      Average standard deviation of split frequencies: 0.005350

      4489000 -- [-6006.661] [...7 remote chains...] -- 0:06:24

      Average standard deviation of split frequencies: 0.005363

      4490000 -- [-6007.016] [...7 remote chains...] -- 0:06:23

      Average standard deviation of split frequencies: 0.005375

      4491000 -- [-6003.706] [...7 remote chains...] -- 0:06:23

      Average standard deviation of split frequencies: 0.005387

      4492000 -- [-5976.091] [...7 remote chains...] -- 0:06:22

      Average standard deviation of split frequencies: 0.005397

      4493000 -- [-5976.384] [...7 remote chains...] -- 0:06:21

      Average standard deviation of split frequencies: 0.005410

      4494000 -- [-5986.999] [...7 remote chains...] -- 0:06:20

      Average standard deviation of split frequencies: 0.005403

      4495000 -- [-5986.540] [...7 remote chains...] -- 0:06:20

      Average standard deviation of split frequencies: 0.005392

      4496000 -- [-5998.730] [...7 remote chains...] -- 0:06:19

      Average standard deviation of split frequencies: 0.005378

      4497000 -- [-5997.759] [...7 remote chains...] -- 0:06:18

      Average standard deviation of split frequencies: 0.005375

      4498000 -- (-6002.467) [...7 remote chains...] -- 0:06:17

      Average standard deviation of split frequencies: 0.005365

      4499000 -- (-5999.546) [...7 remote chains...] -- 0:06:17

      Average standard deviation of split frequencies: 0.005352

      4500000 -- (-6015.139) [...7 remote chains...] -- 0:06:16

      Average standard deviation of split frequencies: 0.005359

      4501000 -- (-6023.878) [...7 remote chains...] -- 0:06:15

      Average standard deviation of split frequencies: 0.005360

      4502000 -- (-6028.014) [...7 remote chains...] -- 0:06:14

      Average standard deviation of split frequencies: 0.005358

      4503000 -- (-6001.820) [...7 remote chains...] -- 0:06:13

      Average standard deviation of split frequencies: 0.005364

      4504000 -- (-6010.041) [...7 remote chains...] -- 0:06:13

      Average standard deviation of split frequencies: 0.005363

      4505000 -- [-6001.788] [...7 remote chains...] -- 0:06:12

      Average standard deviation of split frequencies: 0.005366

      4506000 -- (-6003.590) [...7 remote chains...] -- 0:06:11

      Average standard deviation of split frequencies: 0.005386

      4507000 -- (-6020.116) [...7 remote chains...] -- 0:06:10

      Average standard deviation of split frequencies: 0.005392

      4508000 -- [-6009.478] [...7 remote chains...] -- 0:06:10

      Average standard deviation of split frequencies: 0.005387

      4509000 -- [-6004.910] [...7 remote chains...] -- 0:06:09

      Average standard deviation of split frequencies: 0.005382

      4510000 -- (-6003.630) [...7 remote chains...] -- 0:06:08

      Average standard deviation of split frequencies: 0.005386

      4511000 -- [-5999.585] [...7 remote chains...] -- 0:06:07

      Average standard deviation of split frequencies: 0.005379

      4512000 -- [-5993.406] [...7 remote chains...] -- 0:06:07

      Average standard deviation of split frequencies: 0.005386

      4513000 -- [-5998.225] [...7 remote chains...] -- 0:06:06

      Average standard deviation of split frequencies: 0.005387

      4514000 -- (-6009.012) [...7 remote chains...] -- 0:06:05

      Average standard deviation of split frequencies: 0.005382

      4515000 -- [-6000.552] [...7 remote chains...] -- 0:06:04

      Average standard deviation of split frequencies: 0.005365

      4516000 -- (-6032.099) [...7 remote chains...] -- 0:06:03

      Average standard deviation of split frequencies: 0.005362

      4517000 -- (-6029.321) [...7 remote chains...] -- 0:06:03

      Average standard deviation of split frequencies: 0.005353

      4518000 -- (-6024.795) [...7 remote chains...] -- 0:06:02

      Average standard deviation of split frequencies: 0.005338

      4519000 -- (-6040.074) [...7 remote chains...] -- 0:06:01

      Average standard deviation of split frequencies: 0.005350

      4520000 -- (-6031.916) [...7 remote chains...] -- 0:06:00

      Average standard deviation of split frequencies: 0.005346

      4521000 -- (-6045.420) [...7 remote chains...] -- 0:06:00

      Average standard deviation of split frequencies: 0.005353

      4522000 -- (-6019.948) [...7 remote chains...] -- 0:05:59

      Average standard deviation of split frequencies: 0.005361

      4523000 -- [-6004.479] [...7 remote chains...] -- 0:05:58

      Average standard deviation of split frequencies: 0.005347

      4524000 -- (-6010.467) [...7 remote chains...] -- 0:05:57

      Average standard deviation of split frequencies: 0.005336

      4525000 -- (-6027.391) [...7 remote chains...] -- 0:05:57

      Average standard deviation of split frequencies: 0.005312

      4526000 -- (-6038.890) [...7 remote chains...] -- 0:05:56

      Average standard deviation of split frequencies: 0.005312

      4527000 -- (-6024.636) [...7 remote chains...] -- 0:05:55

      Average standard deviation of split frequencies: 0.005318

      4528000 -- [-6000.997] [...7 remote chains...] -- 0:05:54

      Average standard deviation of split frequencies: 0.005302

      4529000 -- [-5997.348] [...7 remote chains...] -- 0:05:54

      Average standard deviation of split frequencies: 0.005295

      4530000 -- [-5984.169] [...7 remote chains...] -- 0:05:53

      Average standard deviation of split frequencies: 0.005300

      4531000 -- [-6010.048] [...7 remote chains...] -- 0:05:52

      Average standard deviation of split frequencies: 0.005291

      4532000 -- [-6012.164] [...7 remote chains...] -- 0:05:51

      Average standard deviation of split frequencies: 0.005292

      4533000 -- (-6015.384) [...7 remote chains...] -- 0:05:50

      Average standard deviation of split frequencies: 0.005304

      4534000 -- (-6033.972) [...7 remote chains...] -- 0:05:50

      Average standard deviation of split frequencies: 0.005315

      4535000 -- (-6023.429) [...7 remote chains...] -- 0:05:49

      Average standard deviation of split frequencies: 0.005319

      4536000 -- (-6015.693) [...7 remote chains...] -- 0:05:48

      Average standard deviation of split frequencies: 0.005332

      4537000 -- (-6013.665) [...7 remote chains...] -- 0:05:47

      Average standard deviation of split frequencies: 0.005342

      4538000 -- (-6034.408) [...7 remote chains...] -- 0:05:47

      Average standard deviation of split frequencies: 0.005352

      4539000 -- (-6012.796) [...7 remote chains...] -- 0:05:46

      Average standard deviation of split frequencies: 0.005379

      4540000 -- (-6019.945) [...7 remote chains...] -- 0:05:45

      Average standard deviation of split frequencies: 0.005392

      4541000 -- (-6042.750) [...7 remote chains...] -- 0:05:44

      Average standard deviation of split frequencies: 0.005414

      4542000 -- (-6020.262) [...7 remote chains...] -- 0:05:44

      Average standard deviation of split frequencies: 0.005408

      4543000 -- (-6028.543) [...7 remote chains...] -- 0:05:43

      Average standard deviation of split frequencies: 0.005425

      4544000 -- (-6030.756) [...7 remote chains...] -- 0:05:42

      Average standard deviation of split frequencies: 0.005437

      4545000 -- (-6046.990) [...7 remote chains...] -- 0:05:41

      Average standard deviation of split frequencies: 0.005429

      4546000 -- (-6051.069) [...7 remote chains...] -- 0:05:41

      Average standard deviation of split frequencies: 0.005437

      4547000 -- (-6056.971) [...7 remote chains...] -- 0:05:40

      Average standard deviation of split frequencies: 0.005447

      4548000 -- (-6072.443) [...7 remote chains...] -- 0:05:39

      Average standard deviation of split frequencies: 0.005461

      4549000 -- (-6045.963) [...7 remote chains...] -- 0:05:38

      Average standard deviation of split frequencies: 0.005482

      4550000 -- (-6046.904) [...7 remote chains...] -- 0:05:37

      Average standard deviation of split frequencies: 0.005491

      4551000 -- (-6033.439) [...7 remote chains...] -- 0:05:37

      Average standard deviation of split frequencies: 0.005483

      4552000 -- (-6052.219) [...7 remote chains...] -- 0:05:36

      Average standard deviation of split frequencies: 0.005486

      4553000 -- (-6056.668) [...7 remote chains...] -- 0:05:35

      Average standard deviation of split frequencies: 0.005492

      4554000 -- (-6047.019) [...7 remote chains...] -- 0:05:34

      Average standard deviation of split frequencies: 0.005489

      4555000 -- (-6042.297) [...7 remote chains...] -- 0:05:34

      Average standard deviation of split frequencies: 0.005469

      4556000 -- (-6034.578) [...7 remote chains...] -- 0:05:33

      Average standard deviation of split frequencies: 0.005468

      4557000 -- (-6019.656) [...7 remote chains...] -- 0:05:32

      Average standard deviation of split frequencies: 0.005451

      4558000 -- (-6013.667) [...7 remote chains...] -- 0:05:31

      Average standard deviation of split frequencies: 0.005457

      4559000 -- (-6007.127) [...7 remote chains...] -- 0:05:31

      Average standard deviation of split frequencies: 0.005458

      4560000 -- (-6006.011) [...7 remote chains...] -- 0:05:30

      Average standard deviation of split frequencies: 0.005456

      4561000 -- (-6024.455) [...7 remote chains...] -- 0:05:29

      Average standard deviation of split frequencies: 0.005465

      4562000 -- (-6035.205) [...7 remote chains...] -- 0:05:28

      Average standard deviation of split frequencies: 0.005479

      4563000 -- (-6022.304) [...7 remote chains...] -- 0:05:28

      Average standard deviation of split frequencies: 0.005501

      4564000 -- (-6021.780) [...7 remote chains...] -- 0:05:27

      Average standard deviation of split frequencies: 0.005513

      4565000 -- (-6017.396) [...7 remote chains...] -- 0:05:26

      Average standard deviation of split frequencies: 0.005517

      4566000 -- (-6015.946) [...7 remote chains...] -- 0:05:25

      Average standard deviation of split frequencies: 0.005513

      4567000 -- (-6028.420) [...7 remote chains...] -- 0:05:25

      Average standard deviation of split frequencies: 0.005529

      4568000 -- (-6008.051) [...7 remote chains...] -- 0:05:24

      Average standard deviation of split frequencies: 0.005526

      4569000 -- (-6025.924) [...7 remote chains...] -- 0:05:23

      Average standard deviation of split frequencies: 0.005524

      4570000 -- (-6017.104) [...7 remote chains...] -- 0:05:22

      Average standard deviation of split frequencies: 0.005550

      4571000 -- (-6002.807) [...7 remote chains...] -- 0:05:21

      Average standard deviation of split frequencies: 0.005553

      4572000 -- [-5993.936] [...7 remote chains...] -- 0:05:21

      Average standard deviation of split frequencies: 0.005560

      4573000 -- (-6037.510) [...7 remote chains...] -- 0:05:20

      Average standard deviation of split frequencies: 0.005590

      4574000 -- (-6031.947) [...7 remote chains...] -- 0:05:19

      Average standard deviation of split frequencies: 0.005607

      4575000 -- (-6030.548) [...7 remote chains...] -- 0:05:18

      Average standard deviation of split frequencies: 0.005604

      4576000 -- (-6033.511) [...7 remote chains...] -- 0:05:18

      Average standard deviation of split frequencies: 0.005590

      4577000 -- (-6044.546) [...7 remote chains...] -- 0:05:17

      Average standard deviation of split frequencies: 0.005586

      4578000 -- (-6037.864) [...7 remote chains...] -- 0:05:16

      Average standard deviation of split frequencies: 0.005580

      4579000 -- (-6035.541) [...7 remote chains...] -- 0:05:15

      Average standard deviation of split frequencies: 0.005603

      4580000 -- [-6005.644] [...7 remote chains...] -- 0:05:15

      Average standard deviation of split frequencies: 0.005596

      4581000 -- [-5995.433] [...7 remote chains...] -- 0:05:14

      Average standard deviation of split frequencies: 0.005590

      4582000 -- [-6006.040] [...7 remote chains...] -- 0:05:13

      Average standard deviation of split frequencies: 0.005590

      4583000 -- [-5988.002] [...7 remote chains...] -- 0:05:12

      Average standard deviation of split frequencies: 0.005598

      4584000 -- [-5975.717] [...7 remote chains...] -- 0:05:12

      Average standard deviation of split frequencies: 0.005604

      4585000 -- [-5983.601] [...7 remote chains...] -- 0:05:11

      Average standard deviation of split frequencies: 0.005579

      4586000 -- [-5991.430] [...7 remote chains...] -- 0:05:10

      Average standard deviation of split frequencies: 0.005587

      4587000 -- [-5989.205] [...7 remote chains...] -- 0:05:09

      Average standard deviation of split frequencies: 0.005576

      4588000 -- [-6005.964] [...7 remote chains...] -- 0:05:08

      Average standard deviation of split frequencies: 0.005578

      4589000 -- [-5998.023] [...7 remote chains...] -- 0:05:08

      Average standard deviation of split frequencies: 0.005583

      4590000 -- [-5983.583] [...7 remote chains...] -- 0:05:07

      Average standard deviation of split frequencies: 0.005568

      4591000 -- [-5985.611] [...7 remote chains...] -- 0:05:06

      Average standard deviation of split frequencies: 0.005569

      4592000 -- [-5997.178] [...7 remote chains...] -- 0:05:05

      Average standard deviation of split frequencies: 0.005575

      4593000 -- (-6009.587) [...7 remote chains...] -- 0:05:05

      Average standard deviation of split frequencies: 0.005575

      4594000 -- (-5998.917) [...7 remote chains...] -- 0:05:04

      Average standard deviation of split frequencies: 0.005589

      4595000 -- (-6018.126) [...7 remote chains...] -- 0:05:03

      Average standard deviation of split frequencies: 0.005583

      4596000 -- [-6005.329] [...7 remote chains...] -- 0:05:02

      Average standard deviation of split frequencies: 0.005568

      4597000 -- (-6018.548) [...7 remote chains...] -- 0:05:02

      Average standard deviation of split frequencies: 0.005575

      4598000 -- (-6007.378) [...7 remote chains...] -- 0:05:01

      Average standard deviation of split frequencies: 0.005577

      4599000 -- [-5991.661] [...7 remote chains...] -- 0:05:00

      Average standard deviation of split frequencies: 0.005562

      4600000 -- (-6008.768) [...7 remote chains...] -- 0:04:59

      Average standard deviation of split frequencies: 0.005546

      4601000 -- (-6006.385) [...7 remote chains...] -- 0:04:59

      Average standard deviation of split frequencies: 0.005533

      4602000 -- (-6035.840) [...7 remote chains...] -- 0:04:58

      Average standard deviation of split frequencies: 0.005527

      4603000 -- (-6031.124) [...7 remote chains...] -- 0:04:57

      Average standard deviation of split frequencies: 0.005518

      4604000 -- (-6024.997) [...7 remote chains...] -- 0:04:56

      Average standard deviation of split frequencies: 0.005518

      4605000 -- (-6038.707) [...7 remote chains...] -- 0:04:56

      Average standard deviation of split frequencies: 0.005504

      4606000 -- (-6021.949) [...7 remote chains...] -- 0:04:55

      Average standard deviation of split frequencies: 0.005505

      4607000 -- (-6014.584) [...7 remote chains...] -- 0:04:54

      Average standard deviation of split frequencies: 0.005481

      4608000 -- (-6028.363) [...7 remote chains...] -- 0:04:53

      Average standard deviation of split frequencies: 0.005496

      4609000 -- [-6017.671] [...7 remote chains...] -- 0:04:53

      Average standard deviation of split frequencies: 0.005504

      4610000 -- [-5995.584] [...7 remote chains...] -- 0:04:52

      Average standard deviation of split frequencies: 0.005493

      4611000 -- [-5994.357] [...7 remote chains...] -- 0:04:51

      Average standard deviation of split frequencies: 0.005474

      4612000 -- (-6025.002) [...7 remote chains...] -- 0:04:50

      Average standard deviation of split frequencies: 0.005457

      4613000 -- (-6027.252) [...7 remote chains...] -- 0:04:49

      Average standard deviation of split frequencies: 0.005451

      4614000 -- (-6036.387) [...7 remote chains...] -- 0:04:49

      Average standard deviation of split frequencies: 0.005437

      4615000 -- (-6062.029) [...7 remote chains...] -- 0:04:48

      Average standard deviation of split frequencies: 0.005398

      4616000 -- (-6039.001) [...7 remote chains...] -- 0:04:47

      Average standard deviation of split frequencies: 0.005386

      4617000 -- (-6064.909) [...7 remote chains...] -- 0:04:46

      Average standard deviation of split frequencies: 0.005387

      4618000 -- (-6072.787) [...7 remote chains...] -- 0:04:46

      Average standard deviation of split frequencies: 0.005374

      4619000 -- (-6065.541) [...7 remote chains...] -- 0:04:45

      Average standard deviation of split frequencies: 0.005365

      4620000 -- (-6028.653) [...7 remote chains...] -- 0:04:44

      Average standard deviation of split frequencies: 0.005369

      4621000 -- (-6027.382) [...7 remote chains...] -- 0:04:43

      Average standard deviation of split frequencies: 0.005376

      4622000 -- [-6006.022] [...7 remote chains...] -- 0:04:43

      Average standard deviation of split frequencies: 0.005371

      4623000 -- (-6009.503) [...7 remote chains...] -- 0:04:42

      Average standard deviation of split frequencies: 0.005367

      4624000 -- (-6014.332) [...7 remote chains...] -- 0:04:41

      Average standard deviation of split frequencies: 0.005367

      4625000 -- (-6019.942) [...7 remote chains...] -- 0:04:40

      Average standard deviation of split frequencies: 0.005376

      4626000 -- (-6023.867) [...7 remote chains...] -- 0:04:40

      Average standard deviation of split frequencies: 0.005377

      4627000 -- (-6013.700) [...7 remote chains...] -- 0:04:39

      Average standard deviation of split frequencies: 0.005367

      4628000 -- (-6017.741) [...7 remote chains...] -- 0:04:38

      Average standard deviation of split frequencies: 0.005385

      4629000 -- [-6007.896] [...7 remote chains...] -- 0:04:37

      Average standard deviation of split frequencies: 0.005370

      4630000 -- [-5989.048] [...7 remote chains...] -- 0:04:36

      Average standard deviation of split frequencies: 0.005362

      4631000 -- (-6005.665) [...7 remote chains...] -- 0:04:36

      Average standard deviation of split frequencies: 0.005352

      4632000 -- (-6021.909) [...7 remote chains...] -- 0:04:35

      Average standard deviation of split frequencies: 0.005360

      4633000 -- (-6010.220) [...7 remote chains...] -- 0:04:34

      Average standard deviation of split frequencies: 0.005360

      4634000 -- (-6006.205) [...7 remote chains...] -- 0:04:33

      Average standard deviation of split frequencies: 0.005347

      4635000 -- [-5996.493] [...7 remote chains...] -- 0:04:33

      Average standard deviation of split frequencies: 0.005323

      4636000 -- [-5999.878] [...7 remote chains...] -- 0:04:32

      Average standard deviation of split frequencies: 0.005310

      4637000 -- (-5991.149) [...7 remote chains...] -- 0:04:31

      Average standard deviation of split frequencies: 0.005310

      4638000 -- (-5988.604) [...7 remote chains...] -- 0:04:30

      Average standard deviation of split frequencies: 0.005325

      4639000 -- [-5981.505] [...7 remote chains...] -- 0:04:30

      Average standard deviation of split frequencies: 0.005322

      4640000 -- [-5999.100] [...7 remote chains...] -- 0:04:29

      Average standard deviation of split frequencies: 0.005323

      4641000 -- (-6005.948) [...7 remote chains...] -- 0:04:28

      Average standard deviation of split frequencies: 0.005333

      4642000 -- [-5989.060] [...7 remote chains...] -- 0:04:27

      Average standard deviation of split frequencies: 0.005337

      4643000 -- [-5994.701] [...7 remote chains...] -- 0:04:27

      Average standard deviation of split frequencies: 0.005335

      4644000 -- [-5989.750] [...7 remote chains...] -- 0:04:26

      Average standard deviation of split frequencies: 0.005340

      4645000 -- (-5993.122) [...7 remote chains...] -- 0:04:25

      Average standard deviation of split frequencies: 0.005329

      4646000 -- [-5995.091] [...7 remote chains...] -- 0:04:24

      Average standard deviation of split frequencies: 0.005341

      4647000 -- (-5998.388) [...7 remote chains...] -- 0:04:24

      Average standard deviation of split frequencies: 0.005349

      4648000 -- (-6005.697) [...7 remote chains...] -- 0:04:23

      Average standard deviation of split frequencies: 0.005363

      4649000 -- (-6020.095) [...7 remote chains...] -- 0:04:22

      Average standard deviation of split frequencies: 0.005376

      4650000 -- (-6010.018) [...7 remote chains...] -- 0:04:21

      Average standard deviation of split frequencies: 0.005392

      4651000 -- (-6016.474) [...7 remote chains...] -- 0:04:21

      Average standard deviation of split frequencies: 0.005408

      4652000 -- (-6046.578) [...7 remote chains...] -- 0:04:20

      Average standard deviation of split frequencies: 0.005407

      4653000 -- (-6043.196) [...7 remote chains...] -- 0:04:19

      Average standard deviation of split frequencies: 0.005402

      4654000 -- (-6032.298) [...7 remote chains...] -- 0:04:18

      Average standard deviation of split frequencies: 0.005397

      4655000 -- (-6012.366) [...7 remote chains...] -- 0:04:18

      Average standard deviation of split frequencies: 0.005396

      4656000 -- (-6009.454) [...7 remote chains...] -- 0:04:17

      Average standard deviation of split frequencies: 0.005384

      4657000 -- [-6001.599] [...7 remote chains...] -- 0:04:16

      Average standard deviation of split frequencies: 0.005392

      4658000 -- (-5996.287) [...7 remote chains...] -- 0:04:15

      Average standard deviation of split frequencies: 0.005379

      4659000 -- [-5975.921] [...7 remote chains...] -- 0:04:14

      Average standard deviation of split frequencies: 0.005364

      4660000 -- [-5997.710] [...7 remote chains...] -- 0:04:14

      Average standard deviation of split frequencies: 0.005381

      4661000 -- [-5997.157] [...7 remote chains...] -- 0:04:13

      Average standard deviation of split frequencies: 0.005401

      4662000 -- [-5983.285] [...7 remote chains...] -- 0:04:12

      Average standard deviation of split frequencies: 0.005427

      4663000 -- [-5993.493] [...7 remote chains...] -- 0:04:12

      Average standard deviation of split frequencies: 0.005457

      4664000 -- [-5995.332] [...7 remote chains...] -- 0:04:11

      Average standard deviation of split frequencies: 0.005466

      4665000 -- (-6019.010) [...7 remote chains...] -- 0:04:10

      Average standard deviation of split frequencies: 0.005475

      4666000 -- (-6015.741) [...7 remote chains...] -- 0:04:09

      Average standard deviation of split frequencies: 0.005484

      4667000 -- (-6017.140) [...7 remote chains...] -- 0:04:08

      Average standard deviation of split frequencies: 0.005498

      4668000 -- (-6003.085) [...7 remote chains...] -- 0:04:08

      Average standard deviation of split frequencies: 0.005522

      4669000 -- (-6038.006) [...7 remote chains...] -- 0:04:07

      Average standard deviation of split frequencies: 0.005529

      4670000 -- (-6016.815) [...7 remote chains...] -- 0:04:06

      Average standard deviation of split frequencies: 0.005547

      4671000 -- (-6030.673) [...7 remote chains...] -- 0:04:05

      Average standard deviation of split frequencies: 0.005533

      4672000 -- (-6049.569) [...7 remote chains...] -- 0:04:05

      Average standard deviation of split frequencies: 0.005527

      4673000 -- (-6024.074) [...7 remote chains...] -- 0:04:04

      Average standard deviation of split frequencies: 0.005542

      4674000 -- [-6013.784] [...7 remote chains...] -- 0:04:03

      Average standard deviation of split frequencies: 0.005534

      4675000 -- (-6025.446) [...7 remote chains...] -- 0:04:02

      Average standard deviation of split frequencies: 0.005513

      4676000 -- (-6019.601) [...7 remote chains...] -- 0:04:02

      Average standard deviation of split frequencies: 0.005519

      4677000 -- (-6016.738) [...7 remote chains...] -- 0:04:01

      Average standard deviation of split frequencies: 0.005520

      4678000 -- [-5998.882] [...7 remote chains...] -- 0:04:00

      Average standard deviation of split frequencies: 0.005515

      4679000 -- (-6006.310) [...7 remote chains...] -- 0:03:59

      Average standard deviation of split frequencies: 0.005501

      4680000 -- (-6013.373) [...7 remote chains...] -- 0:03:59

      Average standard deviation of split frequencies: 0.005497

      4681000 -- (-6011.972) [...7 remote chains...] -- 0:03:58

      Average standard deviation of split frequencies: 0.005504

      4682000 -- [-6003.415] [...7 remote chains...] -- 0:03:57

      Average standard deviation of split frequencies: 0.005501

      4683000 -- [-6007.891] [...7 remote chains...] -- 0:03:56

      Average standard deviation of split frequencies: 0.005503

      4684000 -- [-6006.840] [...7 remote chains...] -- 0:03:56

      Average standard deviation of split frequencies: 0.005512

      4685000 -- [-5996.607] [...7 remote chains...] -- 0:03:55

      Average standard deviation of split frequencies: 0.005505

      4686000 -- [-6007.915] [...7 remote chains...] -- 0:03:54

      Average standard deviation of split frequencies: 0.005521

      4687000 -- (-6008.528) [...7 remote chains...] -- 0:03:53

      Average standard deviation of split frequencies: 0.005551

      4688000 -- (-6027.737) [...7 remote chains...] -- 0:03:53

      Average standard deviation of split frequencies: 0.005568

      4689000 -- [-6017.871] [...7 remote chains...] -- 0:03:52

      Average standard deviation of split frequencies: 0.005566

      4690000 -- (-6018.808) [...7 remote chains...] -- 0:03:51

      Average standard deviation of split frequencies: 0.005580

      4691000 -- (-6007.357) [...7 remote chains...] -- 0:03:50

      Average standard deviation of split frequencies: 0.005603

      4692000 -- (-6011.229) [...7 remote chains...] -- 0:03:50

      Average standard deviation of split frequencies: 0.005614

      4693000 -- (-6029.235) [...7 remote chains...] -- 0:03:49

      Average standard deviation of split frequencies: 0.005621

      4694000 -- (-6023.752) [...7 remote chains...] -- 0:03:48

      Average standard deviation of split frequencies: 0.005606

      4695000 -- (-6033.002) [...7 remote chains...] -- 0:03:47

      Average standard deviation of split frequencies: 0.005586

      4696000 -- (-6024.779) [...7 remote chains...] -- 0:03:47

      Average standard deviation of split frequencies: 0.005593

      4697000 -- (-6023.420) [...7 remote chains...] -- 0:03:46

      Average standard deviation of split frequencies: 0.005589

      4698000 -- (-6012.167) [...7 remote chains...] -- 0:03:45

      Average standard deviation of split frequencies: 0.005584

      4699000 -- (-6022.844) [...7 remote chains...] -- 0:03:44

      Average standard deviation of split frequencies: 0.005567

      4700000 -- [-6009.492] [...7 remote chains...] -- 0:03:44

      Average standard deviation of split frequencies: 0.005563

      4701000 -- (-6011.234) [...7 remote chains...] -- 0:03:43

      Average standard deviation of split frequencies: 0.005550

      4702000 -- [-6020.724] [...7 remote chains...] -- 0:03:42

      Average standard deviation of split frequencies: 0.005547

      4703000 -- (-6006.086) [...7 remote chains...] -- 0:03:41

      Average standard deviation of split frequencies: 0.005553

      4704000 -- (-6012.646) [...7 remote chains...] -- 0:03:40

      Average standard deviation of split frequencies: 0.005556

      4705000 -- (-6032.115) [...7 remote chains...] -- 0:03:40

      Average standard deviation of split frequencies: 0.005540

      4706000 -- (-6058.783) [...7 remote chains...] -- 0:03:39

      Average standard deviation of split frequencies: 0.005537

      4707000 -- (-6040.427) [...7 remote chains...] -- 0:03:38

      Average standard deviation of split frequencies: 0.005539

      4708000 -- (-6012.129) [...7 remote chains...] -- 0:03:38

      Average standard deviation of split frequencies: 0.005527

      4709000 -- (-6006.554) [...7 remote chains...] -- 0:03:37

      Average standard deviation of split frequencies: 0.005523

      4710000 -- [-6006.791] [...7 remote chains...] -- 0:03:36

      Average standard deviation of split frequencies: 0.005509

      4711000 -- (-6047.261) [...7 remote chains...] -- 0:03:35

      Average standard deviation of split frequencies: 0.005497

      4712000 -- (-6032.548) [...7 remote chains...] -- 0:03:34

      Average standard deviation of split frequencies: 0.005482

      4713000 -- [-6004.958] [...7 remote chains...] -- 0:03:34

      Average standard deviation of split frequencies: 0.005480

      4714000 -- (-5993.147) [...7 remote chains...] -- 0:03:33

      Average standard deviation of split frequencies: 0.005485

      4715000 -- [-5994.754] [...7 remote chains...] -- 0:03:32

      Average standard deviation of split frequencies: 0.005473

      4716000 -- [-5996.092] [...7 remote chains...] -- 0:03:31

      Average standard deviation of split frequencies: 0.005491

      4717000 -- [-5989.544] [...7 remote chains...] -- 0:03:31

      Average standard deviation of split frequencies: 0.005506

      4718000 -- [-5984.993] [...7 remote chains...] -- 0:03:30

      Average standard deviation of split frequencies: 0.005495

      4719000 -- (-5981.823) [...7 remote chains...] -- 0:03:29

      Average standard deviation of split frequencies: 0.005505

      4720000 -- [-5981.439] [...7 remote chains...] -- 0:03:28

      Average standard deviation of split frequencies: 0.005492

      4721000 -- [-5989.970] [...7 remote chains...] -- 0:03:28

      Average standard deviation of split frequencies: 0.005486

      4722000 -- (-6010.427) [...7 remote chains...] -- 0:03:27

      Average standard deviation of split frequencies: 0.005486

      4723000 -- (-6002.220) [...7 remote chains...] -- 0:03:26

      Average standard deviation of split frequencies: 0.005492

      4724000 -- [-5999.939] [...7 remote chains...] -- 0:03:25

      Average standard deviation of split frequencies: 0.005501

      4725000 -- (-6049.710) [...7 remote chains...] -- 0:03:25

      Average standard deviation of split frequencies: 0.005526

      4726000 -- (-6040.644) [...7 remote chains...] -- 0:03:24

      Average standard deviation of split frequencies: 0.005536

      4727000 -- (-6027.289) [...7 remote chains...] -- 0:03:23

      Average standard deviation of split frequencies: 0.005544

      4728000 -- (-6058.766) [...7 remote chains...] -- 0:03:22

      Average standard deviation of split frequencies: 0.005532

      4729000 -- (-6043.847) [...7 remote chains...] -- 0:03:22

      Average standard deviation of split frequencies: 0.005522

      4730000 -- (-6022.434) [...7 remote chains...] -- 0:03:21

      Average standard deviation of split frequencies: 0.005538

      4731000 -- (-6030.102) [...7 remote chains...] -- 0:03:20

      Average standard deviation of split frequencies: 0.005551

      4732000 -- (-6037.256) [...7 remote chains...] -- 0:03:19

      Average standard deviation of split frequencies: 0.005552

      4733000 -- (-6041.958) [...7 remote chains...] -- 0:03:19

      Average standard deviation of split frequencies: 0.005546

      4734000 -- (-6006.651) [...7 remote chains...] -- 0:03:18

      Average standard deviation of split frequencies: 0.005547

      4735000 -- (-6024.650) [...7 remote chains...] -- 0:03:17

      Average standard deviation of split frequencies: 0.005558

      4736000 -- (-6041.410) [...7 remote chains...] -- 0:03:16

      Average standard deviation of split frequencies: 0.005570

      4737000 -- (-6030.566) [...7 remote chains...] -- 0:03:16

      Average standard deviation of split frequencies: 0.005572

      4738000 -- (-6040.157) [...7 remote chains...] -- 0:03:15

      Average standard deviation of split frequencies: 0.005574

      4739000 -- (-6031.106) [...7 remote chains...] -- 0:03:14

      Average standard deviation of split frequencies: 0.005580

      4740000 -- (-6035.511) [...7 remote chains...] -- 0:03:13

      Average standard deviation of split frequencies: 0.005597

      4741000 -- (-6068.968) [...7 remote chains...] -- 0:03:13

      Average standard deviation of split frequencies: 0.005602

      4742000 -- (-6046.392) [...7 remote chains...] -- 0:03:12

      Average standard deviation of split frequencies: 0.005616

      4743000 -- (-6042.034) [...7 remote chains...] -- 0:03:11

      Average standard deviation of split frequencies: 0.005632

      4744000 -- (-6018.067) [...7 remote chains...] -- 0:03:10

      Average standard deviation of split frequencies: 0.005639

      4745000 -- (-6003.800) [...7 remote chains...] -- 0:03:10

      Average standard deviation of split frequencies: 0.005635

      4746000 -- (-6007.464) [...7 remote chains...] -- 0:03:09

      Average standard deviation of split frequencies: 0.005641

      4747000 -- (-6002.437) [...7 remote chains...] -- 0:03:08

      Average standard deviation of split frequencies: 0.005609

      4748000 -- [-5997.425] [...7 remote chains...] -- 0:03:07

      Average standard deviation of split frequencies: 0.005609

      4749000 -- (-5994.355) [...7 remote chains...] -- 0:03:07

      Average standard deviation of split frequencies: 0.005603

      4750000 -- (-5995.447) [...7 remote chains...] -- 0:03:06

      Average standard deviation of split frequencies: 0.005602

      4751000 -- [-6007.813] [...7 remote chains...] -- 0:03:05

      Average standard deviation of split frequencies: 0.005584

      4752000 -- (-6018.624) [...7 remote chains...] -- 0:03:04

      Average standard deviation of split frequencies: 0.005584

      4753000 -- (-6023.609) [...7 remote chains...] -- 0:03:04

      Average standard deviation of split frequencies: 0.005563

      4754000 -- (-6023.927) [...7 remote chains...] -- 0:03:03

      Average standard deviation of split frequencies: 0.005553

      4755000 -- (-6022.937) [...7 remote chains...] -- 0:03:02

      Average standard deviation of split frequencies: 0.005559

      4756000 -- (-6041.123) [...7 remote chains...] -- 0:03:01

      Average standard deviation of split frequencies: 0.005581

      4757000 -- (-6030.681) [...7 remote chains...] -- 0:03:01

      Average standard deviation of split frequencies: 0.005576

      4758000 -- (-6028.268) [...7 remote chains...] -- 0:03:00

      Average standard deviation of split frequencies: 0.005578

      4759000 -- (-6003.322) [...7 remote chains...] -- 0:02:59

      Average standard deviation of split frequencies: 0.005560

      4760000 -- [-5991.687] [...7 remote chains...] -- 0:02:58

      Average standard deviation of split frequencies: 0.005554

      4761000 -- [-5987.067] [...7 remote chains...] -- 0:02:58

      Average standard deviation of split frequencies: 0.005552

      4762000 -- [-5995.276] [...7 remote chains...] -- 0:02:57

      Average standard deviation of split frequencies: 0.005547

      4763000 -- (-6002.251) [...7 remote chains...] -- 0:02:56

      Average standard deviation of split frequencies: 0.005522

      4764000 -- [-5999.667] [...7 remote chains...] -- 0:02:55

      Average standard deviation of split frequencies: 0.005528

      4765000 -- [-5983.887] [...7 remote chains...] -- 0:02:55

      Average standard deviation of split frequencies: 0.005529

      4766000 -- (-6009.819) [...7 remote chains...] -- 0:02:54

      Average standard deviation of split frequencies: 0.005494

      4767000 -- (-6015.650) [...7 remote chains...] -- 0:02:53

      Average standard deviation of split frequencies: 0.005478

      4768000 -- [-6003.423] [...7 remote chains...] -- 0:02:52

      Average standard deviation of split frequencies: 0.005468

      4769000 -- [-5992.235] [...7 remote chains...] -- 0:02:52

      Average standard deviation of split frequencies: 0.005457

      4770000 -- [-5987.713] [...7 remote chains...] -- 0:02:51

      Average standard deviation of split frequencies: 0.005455

      4771000 -- [-5976.863] [...7 remote chains...] -- 0:02:50

      Average standard deviation of split frequencies: 0.005478

      4772000 -- [-6007.588] [...7 remote chains...] -- 0:02:49

      Average standard deviation of split frequencies: 0.005474

      4773000 -- (-6014.578) [...7 remote chains...] -- 0:02:49

      Average standard deviation of split frequencies: 0.005461

      4774000 -- (-6019.386) [...7 remote chains...] -- 0:02:48

      Average standard deviation of split frequencies: 0.005460

      4775000 -- (-6027.744) [...7 remote chains...] -- 0:02:47

      Average standard deviation of split frequencies: 0.005466

      4776000 -- (-6020.871) [...7 remote chains...] -- 0:02:46

      Average standard deviation of split frequencies: 0.005470

      4777000 -- [-6006.026] [...7 remote chains...] -- 0:02:46

      Average standard deviation of split frequencies: 0.005467

      4778000 -- (-6005.876) [...7 remote chains...] -- 0:02:45

      Average standard deviation of split frequencies: 0.005472

      4779000 -- [-5994.998] [...7 remote chains...] -- 0:02:44

      Average standard deviation of split frequencies: 0.005482

      4780000 -- (-6006.330) [...7 remote chains...] -- 0:02:43

      Average standard deviation of split frequencies: 0.005476

      4781000 -- [-5992.573] [...7 remote chains...] -- 0:02:43

      Average standard deviation of split frequencies: 0.005459

      4782000 -- [-5987.993] [...7 remote chains...] -- 0:02:42

      Average standard deviation of split frequencies: 0.005462

      4783000 -- [-6002.397] [...7 remote chains...] -- 0:02:41

      Average standard deviation of split frequencies: 0.005448

      4784000 -- [-5988.136] [...7 remote chains...] -- 0:02:40

      Average standard deviation of split frequencies: 0.005450

      4785000 -- [-5987.403] [...7 remote chains...] -- 0:02:40

      Average standard deviation of split frequencies: 0.005452

      4786000 -- (-5989.152) [...7 remote chains...] -- 0:02:39

      Average standard deviation of split frequencies: 0.005469

      4787000 -- [-6002.901] [...7 remote chains...] -- 0:02:38

      Average standard deviation of split frequencies: 0.005467

      4788000 -- [-6005.065] [...7 remote chains...] -- 0:02:37

      Average standard deviation of split frequencies: 0.005461

      4789000 -- [-6004.119] [...7 remote chains...] -- 0:02:37

      Average standard deviation of split frequencies: 0.005472

      4790000 -- (-6011.411) [...7 remote chains...] -- 0:02:36

      Average standard deviation of split frequencies: 0.005463

      4791000 -- (-6027.328) [...7 remote chains...] -- 0:02:35

      Average standard deviation of split frequencies: 0.005462

      4792000 -- (-6019.733) [...7 remote chains...] -- 0:02:34

      Average standard deviation of split frequencies: 0.005457

      4793000 -- (-6019.247) [...7 remote chains...] -- 0:02:34

      Average standard deviation of split frequencies: 0.005451

      4794000 -- (-6038.461) [...7 remote chains...] -- 0:02:33

      Average standard deviation of split frequencies: 0.005439

      4795000 -- (-6017.432) [...7 remote chains...] -- 0:02:32

      Average standard deviation of split frequencies: 0.005419

      4796000 -- (-6029.890) [...7 remote chains...] -- 0:02:31

      Average standard deviation of split frequencies: 0.005410

      4797000 -- (-6038.335) [...7 remote chains...] -- 0:02:31

      Average standard deviation of split frequencies: 0.005400

      4798000 -- (-6003.151) [...7 remote chains...] -- 0:02:30

      Average standard deviation of split frequencies: 0.005401

      4799000 -- (-6009.766) [...7 remote chains...] -- 0:02:29

      Average standard deviation of split frequencies: 0.005403

      4800000 -- (-6012.356) [...7 remote chains...] -- 0:02:28

      Average standard deviation of split frequencies: 0.005407

      4801000 -- (-5994.635) [...7 remote chains...] -- 0:02:28

      Average standard deviation of split frequencies: 0.005407

      4802000 -- (-6001.555) [...7 remote chains...] -- 0:02:27

      Average standard deviation of split frequencies: 0.005409

      4803000 -- [-6001.269] [...7 remote chains...] -- 0:02:26

      Average standard deviation of split frequencies: 0.005410

      4804000 -- [-6005.002] [...7 remote chains...] -- 0:02:25

      Average standard deviation of split frequencies: 0.005406

      4805000 -- [-5981.420] [...7 remote chains...] -- 0:02:25

      Average standard deviation of split frequencies: 0.005410

      4806000 -- [-5975.102] [...7 remote chains...] -- 0:02:24

      Average standard deviation of split frequencies: 0.005423

      4807000 -- [-5968.158] [...7 remote chains...] -- 0:02:23

      Average standard deviation of split frequencies: 0.005431

      4808000 -- (-5994.843) [...7 remote chains...] -- 0:02:22

      Average standard deviation of split frequencies: 0.005419

      4809000 -- (-6009.285) [...7 remote chains...] -- 0:02:22

      Average standard deviation of split frequencies: 0.005414

      4810000 -- (-6010.537) [...7 remote chains...] -- 0:02:21

      Average standard deviation of split frequencies: 0.005410

      4811000 -- (-6040.457) [...7 remote chains...] -- 0:02:20

      Average standard deviation of split frequencies: 0.005397

      4812000 -- (-6028.065) [...7 remote chains...] -- 0:02:19

      Average standard deviation of split frequencies: 0.005385

      4813000 -- (-6022.328) [...7 remote chains...] -- 0:02:19

      Average standard deviation of split frequencies: 0.005376

      4814000 -- (-6034.323) [...7 remote chains...] -- 0:02:18

      Average standard deviation of split frequencies: 0.005376

      4815000 -- (-6065.139) [...7 remote chains...] -- 0:02:17

      Average standard deviation of split frequencies: 0.005365

      4816000 -- (-6047.922) [...7 remote chains...] -- 0:02:16

      Average standard deviation of split frequencies: 0.005359

      4817000 -- (-6047.781) [...7 remote chains...] -- 0:02:16

      Average standard deviation of split frequencies: 0.005379

      4818000 -- (-6020.743) [...7 remote chains...] -- 0:02:15

      Average standard deviation of split frequencies: 0.005397

      4819000 -- [-6021.918] [...7 remote chains...] -- 0:02:14

      Average standard deviation of split frequencies: 0.005369

      4820000 -- (-6006.237) [...7 remote chains...] -- 0:02:13

      Average standard deviation of split frequencies: 0.005363

      4821000 -- (-5994.901) [...7 remote chains...] -- 0:02:13

      Average standard deviation of split frequencies: 0.005365

      4822000 -- [-5986.749] [...7 remote chains...] -- 0:02:12

      Average standard deviation of split frequencies: 0.005363

      4823000 -- [-5987.304] [...7 remote chains...] -- 0:02:11

      Average standard deviation of split frequencies: 0.005366

      4824000 -- [-6005.291] [...7 remote chains...] -- 0:02:10

      Average standard deviation of split frequencies: 0.005363

      4825000 -- [-6010.074] [...7 remote chains...] -- 0:02:10

      Average standard deviation of split frequencies: 0.005373

      4826000 -- [-6014.789] [...7 remote chains...] -- 0:02:09

      Average standard deviation of split frequencies: 0.005370

      4827000 -- (-6015.357) [...7 remote chains...] -- 0:02:08

      Average standard deviation of split frequencies: 0.005351

      4828000 -- (-5998.499) [...7 remote chains...] -- 0:02:07

      Average standard deviation of split frequencies: 0.005354

      4829000 -- (-6023.705) [...7 remote chains...] -- 0:02:07

      Average standard deviation of split frequencies: 0.005365

      4830000 -- (-6032.586) [...7 remote chains...] -- 0:02:06

      Average standard deviation of split frequencies: 0.005350

      4831000 -- (-6041.936) [...7 remote chains...] -- 0:02:05

      Average standard deviation of split frequencies: 0.005335

      4832000 -- (-6024.682) [...7 remote chains...] -- 0:02:04

      Average standard deviation of split frequencies: 0.005329

      4833000 -- (-6041.206) [...7 remote chains...] -- 0:02:04

      Average standard deviation of split frequencies: 0.005325

      4834000 -- (-6053.415) [...7 remote chains...] -- 0:02:03

      Average standard deviation of split frequencies: 0.005326

      4835000 -- (-6029.097) [...7 remote chains...] -- 0:02:02

      Average standard deviation of split frequencies: 0.005321

      4836000 -- (-6051.399) [...7 remote chains...] -- 0:02:01

      Average standard deviation of split frequencies: 0.005308

      4837000 -- (-6060.559) [...7 remote chains...] -- 0:02:01

      Average standard deviation of split frequencies: 0.005298

      4838000 -- (-6051.921) [...7 remote chains...] -- 0:02:00

      Average standard deviation of split frequencies: 0.005311

      4839000 -- (-6019.808) [...7 remote chains...] -- 0:01:59

      Average standard deviation of split frequencies: 0.005290

      4840000 -- (-6057.937) [...7 remote chains...] -- 0:01:58

      Average standard deviation of split frequencies: 0.005276

      4841000 -- (-6055.522) [...7 remote chains...] -- 0:01:58

      Average standard deviation of split frequencies: 0.005283

      4842000 -- (-6053.854) [...7 remote chains...] -- 0:01:57

      Average standard deviation of split frequencies: 0.005290

      4843000 -- (-6028.667) [...7 remote chains...] -- 0:01:56

      Average standard deviation of split frequencies: 0.005314

      4844000 -- (-6048.112) [...7 remote chains...] -- 0:01:55

      Average standard deviation of split frequencies: 0.005320

      4845000 -- (-6042.413) [...7 remote chains...] -- 0:01:55

      Average standard deviation of split frequencies: 0.005307

      4846000 -- (-6053.756) [...7 remote chains...] -- 0:01:54

      Average standard deviation of split frequencies: 0.005305

      4847000 -- (-6039.901) [...7 remote chains...] -- 0:01:53

      Average standard deviation of split frequencies: 0.005321

      4848000 -- (-6042.143) [...7 remote chains...] -- 0:01:52

      Average standard deviation of split frequencies: 0.005314

      4849000 -- (-6073.964) [...7 remote chains...] -- 0:01:52

      Average standard deviation of split frequencies: 0.005323

      4850000 -- (-6073.645) [...7 remote chains...] -- 0:01:51

      Average standard deviation of split frequencies: 0.005310

      4851000 -- (-6060.151) [...7 remote chains...] -- 0:01:50

      Average standard deviation of split frequencies: 0.005283

      4852000 -- (-6041.038) [...7 remote chains...] -- 0:01:49

      Average standard deviation of split frequencies: 0.005283

      4853000 -- (-6043.819) [...7 remote chains...] -- 0:01:49

      Average standard deviation of split frequencies: 0.005274

      4854000 -- (-6032.497) [...7 remote chains...] -- 0:01:48

      Average standard deviation of split frequencies: 0.005272

      4855000 -- [-6004.017] [...7 remote chains...] -- 0:01:47

      Average standard deviation of split frequencies: 0.005273

      4856000 -- (-6023.788) [...7 remote chains...] -- 0:01:46

      Average standard deviation of split frequencies: 0.005282

      4857000 -- (-6031.933) [...7 remote chains...] -- 0:01:46

      Average standard deviation of split frequencies: 0.005285

      4858000 -- (-6034.135) [...7 remote chains...] -- 0:01:45

      Average standard deviation of split frequencies: 0.005286

      4859000 -- (-6046.637) [...7 remote chains...] -- 0:01:44

      Average standard deviation of split frequencies: 0.005272

      4860000 -- (-6047.367) [...7 remote chains...] -- 0:01:43

      Average standard deviation of split frequencies: 0.005261

      4861000 -- (-6013.400) [...7 remote chains...] -- 0:01:43

      Average standard deviation of split frequencies: 0.005269

      4862000 -- (-6022.504) [...7 remote chains...] -- 0:01:42

      Average standard deviation of split frequencies: 0.005280

      4863000 -- (-6008.998) [...7 remote chains...] -- 0:01:41

      Average standard deviation of split frequencies: 0.005277

      4864000 -- (-6032.475) [...7 remote chains...] -- 0:01:40

      Average standard deviation of split frequencies: 0.005265

      4865000 -- (-6042.087) [...7 remote chains...] -- 0:01:40

      Average standard deviation of split frequencies: 0.005264

      4866000 -- (-6046.246) [...7 remote chains...] -- 0:01:39

      Average standard deviation of split frequencies: 0.005249

      4867000 -- (-6041.986) [...7 remote chains...] -- 0:01:38

      Average standard deviation of split frequencies: 0.005252

      4868000 -- (-6019.171) [...7 remote chains...] -- 0:01:37

      Average standard deviation of split frequencies: 0.005249

      4869000 -- (-6015.635) [...7 remote chains...] -- 0:01:37

      Average standard deviation of split frequencies: 0.005275

      4870000 -- [-5991.429] [...7 remote chains...] -- 0:01:36

      Average standard deviation of split frequencies: 0.005285

      4871000 -- [-5997.272] [...7 remote chains...] -- 0:01:35

      Average standard deviation of split frequencies: 0.005291

      4872000 -- [-5986.977] [...7 remote chains...] -- 0:01:34

      Average standard deviation of split frequencies: 0.005308

      4873000 -- [-5988.036] [...7 remote chains...] -- 0:01:34

      Average standard deviation of split frequencies: 0.005320

      4874000 -- [-5991.635] [...7 remote chains...] -- 0:01:33

      Average standard deviation of split frequencies: 0.005306

      4875000 -- [-5996.075] [...7 remote chains...] -- 0:01:32

      Average standard deviation of split frequencies: 0.005325

      4876000 -- (-6023.356) [...7 remote chains...] -- 0:01:32

      Average standard deviation of split frequencies: 0.005319

      4877000 -- (-6015.263) [...7 remote chains...] -- 0:01:31

      Average standard deviation of split frequencies: 0.005324

      4878000 -- (-6012.154) [...7 remote chains...] -- 0:01:30

      Average standard deviation of split frequencies: 0.005311

      4879000 -- [-5997.740] [...7 remote chains...] -- 0:01:29

      Average standard deviation of split frequencies: 0.005315

      4880000 -- [-5987.839] [...7 remote chains...] -- 0:01:29

      Average standard deviation of split frequencies: 0.005319

      4881000 -- [-5989.731] [...7 remote chains...] -- 0:01:28

      Average standard deviation of split frequencies: 0.005324

      4882000 -- [-5972.415] [...7 remote chains...] -- 0:01:27

      Average standard deviation of split frequencies: 0.005312

      4883000 -- [-6001.661] [...7 remote chains...] -- 0:01:26

      Average standard deviation of split frequencies: 0.005305

      4884000 -- [-5996.873] [...7 remote chains...] -- 0:01:26

      Average standard deviation of split frequencies: 0.005305

      4885000 -- [-5993.807] [...7 remote chains...] -- 0:01:25

      Average standard deviation of split frequencies: 0.005314

      4886000 -- (-5986.405) [...7 remote chains...] -- 0:01:24

      Average standard deviation of split frequencies: 0.005317

      4887000 -- [-5988.729] [...7 remote chains...] -- 0:01:23

      Average standard deviation of split frequencies: 0.005318

      4888000 -- [-5988.750] [...7 remote chains...] -- 0:01:23

      Average standard deviation of split frequencies: 0.005314

      4889000 -- [-5999.430] [...7 remote chains...] -- 0:01:22

      Average standard deviation of split frequencies: 0.005309

      4890000 -- [-6003.168] [...7 remote chains...] -- 0:01:21

      Average standard deviation of split frequencies: 0.005312

      4891000 -- (-6021.826) [...7 remote chains...] -- 0:01:20

      Average standard deviation of split frequencies: 0.005287

      4892000 -- (-6013.556) [...7 remote chains...] -- 0:01:20

      Average standard deviation of split frequencies: 0.005283

      4893000 -- (-6023.231) [...7 remote chains...] -- 0:01:19

      Average standard deviation of split frequencies: 0.005272

      4894000 -- (-6000.377) [...7 remote chains...] -- 0:01:18

      Average standard deviation of split frequencies: 0.005268

      4895000 -- [-6004.873] [...7 remote chains...] -- 0:01:17

      Average standard deviation of split frequencies: 0.005280

      4896000 -- (-6017.515) [...7 remote chains...] -- 0:01:17

      Average standard deviation of split frequencies: 0.005283

      4897000 -- (-6029.177) [...7 remote chains...] -- 0:01:16

      Average standard deviation of split frequencies: 0.005281

      4898000 -- (-6001.074) [...7 remote chains...] -- 0:01:15

      Average standard deviation of split frequencies: 0.005288

      4899000 -- [-6006.002] [...7 remote chains...] -- 0:01:14

      Average standard deviation of split frequencies: 0.005301

      4900000 -- (-6000.938) [...7 remote chains...] -- 0:01:14

      Average standard deviation of split frequencies: 0.005317

      4901000 -- [-5997.478] [...7 remote chains...] -- 0:01:13

      Average standard deviation of split frequencies: 0.005323

      4902000 -- [-5986.385] [...7 remote chains...] -- 0:01:12

      Average standard deviation of split frequencies: 0.005323

      4903000 -- [-5990.242] [...7 remote chains...] -- 0:01:11

      Average standard deviation of split frequencies: 0.005339

      4904000 -- [-6001.071] [...7 remote chains...] -- 0:01:11

      Average standard deviation of split frequencies: 0.005341

      4905000 -- [-6005.295] [...7 remote chains...] -- 0:01:10

      Average standard deviation of split frequencies: 0.005342

      4906000 -- (-6014.250) [...7 remote chains...] -- 0:01:09

      Average standard deviation of split frequencies: 0.005341

      4907000 -- [-5991.592] [...7 remote chains...] -- 0:01:08

      Average standard deviation of split frequencies: 0.005341

      4908000 -- [-5998.017] [...7 remote chains...] -- 0:01:08

      Average standard deviation of split frequencies: 0.005332

      4909000 -- [-6013.193] [...7 remote chains...] -- 0:01:07

      Average standard deviation of split frequencies: 0.005332

      4910000 -- [-5984.154] [...7 remote chains...] -- 0:01:06

      Average standard deviation of split frequencies: 0.005326

      4911000 -- [-5988.083] [...7 remote chains...] -- 0:01:05

      Average standard deviation of split frequencies: 0.005335

      4912000 -- (-6006.905) [...7 remote chains...] -- 0:01:05

      Average standard deviation of split frequencies: 0.005348

      4913000 -- (-6016.068) [...7 remote chains...] -- 0:01:04

      Average standard deviation of split frequencies: 0.005356

      4914000 -- [-6018.053] [...7 remote chains...] -- 0:01:03

      Average standard deviation of split frequencies: 0.005356

      4915000 -- (-6021.414) [...7 remote chains...] -- 0:01:02

      Average standard deviation of split frequencies: 0.005386

      4916000 -- (-6004.280) [...7 remote chains...] -- 0:01:02

      Average standard deviation of split frequencies: 0.005389

      4917000 -- [-6004.342] [...7 remote chains...] -- 0:01:01

      Average standard deviation of split frequencies: 0.005377

      4918000 -- (-6003.580) [...7 remote chains...] -- 0:01:00

      Average standard deviation of split frequencies: 0.005404

      4919000 -- (-6010.670) [...7 remote chains...] -- 0:01:00

      Average standard deviation of split frequencies: 0.005410

      4920000 -- (-6062.705) [...7 remote chains...] -- 0:00:59

      Average standard deviation of split frequencies: 0.005416

      4921000 -- (-6060.356) [...7 remote chains...] -- 0:00:58

      Average standard deviation of split frequencies: 0.005425

      4922000 -- (-6044.414) [...7 remote chains...] -- 0:00:57

      Average standard deviation of split frequencies: 0.005433

      4923000 -- (-6034.319) [...7 remote chains...] -- 0:00:57

      Average standard deviation of split frequencies: 0.005450

      4924000 -- (-6034.460) [...7 remote chains...] -- 0:00:56

      Average standard deviation of split frequencies: 0.005459

      4925000 -- (-6032.035) [...7 remote chains...] -- 0:00:55

      Average standard deviation of split frequencies: 0.005464

      4926000 -- (-6018.292) [...7 remote chains...] -- 0:00:54

      Average standard deviation of split frequencies: 0.005466

      4927000 -- (-6015.049) [...7 remote chains...] -- 0:00:54

      Average standard deviation of split frequencies: 0.005491

      4928000 -- (-6011.276) [...7 remote chains...] -- 0:00:53

      Average standard deviation of split frequencies: 0.005505

      4929000 -- (-6019.768) [...7 remote chains...] -- 0:00:52

      Average standard deviation of split frequencies: 0.005519

      4930000 -- (-6018.753) [...7 remote chains...] -- 0:00:51

      Average standard deviation of split frequencies: 0.005535

      4931000 -- (-6030.352) [...7 remote chains...] -- 0:00:51

      Average standard deviation of split frequencies: 0.005544

      4932000 -- (-6028.039) [...7 remote chains...] -- 0:00:50

      Average standard deviation of split frequencies: 0.005540

      4933000 -- (-6040.346) [...7 remote chains...] -- 0:00:49

      Average standard deviation of split frequencies: 0.005527

      4934000 -- (-6013.698) [...7 remote chains...] -- 0:00:48

      Average standard deviation of split frequencies: 0.005511

      4935000 -- (-6025.896) [...7 remote chains...] -- 0:00:48

      Average standard deviation of split frequencies: 0.005513

      4936000 -- (-6033.334) [...7 remote chains...] -- 0:00:47

      Average standard deviation of split frequencies: 0.005519

      4937000 -- (-6018.993) [...7 remote chains...] -- 0:00:46

      Average standard deviation of split frequencies: 0.005523

      4938000 -- [-6002.365] [...7 remote chains...] -- 0:00:45

      Average standard deviation of split frequencies: 0.005511

      4939000 -- (-6002.285) [...7 remote chains...] -- 0:00:45

      Average standard deviation of split frequencies: 0.005508

      4940000 -- [-5994.569] [...7 remote chains...] -- 0:00:44

      Average standard deviation of split frequencies: 0.005501

      4941000 -- [-6003.400] [...7 remote chains...] -- 0:00:43

      Average standard deviation of split frequencies: 0.005482

      4942000 -- [-6007.740] [...7 remote chains...] -- 0:00:42

      Average standard deviation of split frequencies: 0.005478

      4943000 -- (-6019.521) [...7 remote chains...] -- 0:00:42

      Average standard deviation of split frequencies: 0.005494

      4944000 -- (-6029.657) [...7 remote chains...] -- 0:00:41

      Average standard deviation of split frequencies: 0.005506

      4945000 -- (-6013.929) [...7 remote chains...] -- 0:00:40

      Average standard deviation of split frequencies: 0.005507

      4946000 -- (-6008.253) [...7 remote chains...] -- 0:00:39

      Average standard deviation of split frequencies: 0.005494

      4947000 -- (-6014.095) [...7 remote chains...] -- 0:00:39

      Average standard deviation of split frequencies: 0.005479

      4948000 -- (-6037.048) [...7 remote chains...] -- 0:00:38

      Average standard deviation of split frequencies: 0.005473

      4949000 -- (-6012.929) [...7 remote chains...] -- 0:00:37

      Average standard deviation of split frequencies: 0.005466

      4950000 -- [-6009.202] [...7 remote chains...] -- 0:00:37

      Average standard deviation of split frequencies: 0.005468

      4951000 -- (-6004.841) [...7 remote chains...] -- 0:00:36

      Average standard deviation of split frequencies: 0.005473

      4952000 -- (-6003.374) [...7 remote chains...] -- 0:00:35

      Average standard deviation of split frequencies: 0.005466

      4953000 -- [-5993.178] [...7 remote chains...] -- 0:00:34

      Average standard deviation of split frequencies: 0.005466

      4954000 -- [-5990.044] [...7 remote chains...] -- 0:00:34

      Average standard deviation of split frequencies: 0.005460

      4955000 -- (-5991.622) [...7 remote chains...] -- 0:00:33

      Average standard deviation of split frequencies: 0.005452

      4956000 -- (-5995.754) [...7 remote chains...] -- 0:00:32

      Average standard deviation of split frequencies: 0.005462

      4957000 -- [-5989.602] [...7 remote chains...] -- 0:00:31

      Average standard deviation of split frequencies: 0.005451

      4958000 -- (-6021.155) [...7 remote chains...] -- 0:00:31

      Average standard deviation of split frequencies: 0.005453

      4959000 -- (-6014.655) [...7 remote chains...] -- 0:00:30

      Average standard deviation of split frequencies: 0.005439

      4960000 -- (-6030.833) [...7 remote chains...] -- 0:00:29

      Average standard deviation of split frequencies: 0.005435

      4961000 -- (-6028.689) [...7 remote chains...] -- 0:00:28

      Average standard deviation of split frequencies: 0.005426

      4962000 -- (-6051.255) [...7 remote chains...] -- 0:00:28

      Average standard deviation of split frequencies: 0.005428

      4963000 -- (-6050.646) [...7 remote chains...] -- 0:00:27

      Average standard deviation of split frequencies: 0.005417

      4964000 -- (-6054.247) [...7 remote chains...] -- 0:00:26

      Average standard deviation of split frequencies: 0.005417

      4965000 -- (-6065.454) [...7 remote chains...] -- 0:00:25

      Average standard deviation of split frequencies: 0.005418

      4966000 -- (-6017.274) [...7 remote chains...] -- 0:00:25

      Average standard deviation of split frequencies: 0.005405

      4967000 -- (-6007.090) [...7 remote chains...] -- 0:00:24

      Average standard deviation of split frequencies: 0.005382

      4968000 -- (-6008.683) [...7 remote chains...] -- 0:00:23

      Average standard deviation of split frequencies: 0.005364

      4969000 -- (-6037.458) [...7 remote chains...] -- 0:00:22

      Average standard deviation of split frequencies: 0.005341

      4970000 -- (-6037.982) [...7 remote chains...] -- 0:00:22

      Average standard deviation of split frequencies: 0.005341

      4971000 -- (-6019.743) [...7 remote chains...] -- 0:00:21

      Average standard deviation of split frequencies: 0.005324

      4972000 -- (-6054.922) [...7 remote chains...] -- 0:00:20

      Average standard deviation of split frequencies: 0.005308

      4973000 -- (-6037.492) [...7 remote chains...] -- 0:00:19

      Average standard deviation of split frequencies: 0.005303

      4974000 -- (-6047.536) [...7 remote chains...] -- 0:00:19

      Average standard deviation of split frequencies: 0.005293

      4975000 -- (-6017.322) [...7 remote chains...] -- 0:00:18

      Average standard deviation of split frequencies: 0.005299

      4976000 -- (-6010.555) [...7 remote chains...] -- 0:00:17

      Average standard deviation of split frequencies: 0.005309

      4977000 -- [-6013.105] [...7 remote chains...] -- 0:00:17

      Average standard deviation of split frequencies: 0.005324

      4978000 -- (-6022.026) [...7 remote chains...] -- 0:00:16

      Average standard deviation of split frequencies: 0.005318

      4979000 -- [-6025.398] [...7 remote chains...] -- 0:00:15

      Average standard deviation of split frequencies: 0.005311

      4980000 -- (-6013.262) [...7 remote chains...] -- 0:00:14

      Average standard deviation of split frequencies: 0.005318

      4981000 -- [-5987.041] [...7 remote chains...] -- 0:00:14

      Average standard deviation of split frequencies: 0.005323

      4982000 -- (-5991.018) [...7 remote chains...] -- 0:00:13

      Average standard deviation of split frequencies: 0.005330

      4983000 -- [-5986.533] [...7 remote chains...] -- 0:00:12

      Average standard deviation of split frequencies: 0.005347

      4984000 -- [-5993.492] [...7 remote chains...] -- 0:00:11

      Average standard deviation of split frequencies: 0.005340

      4985000 -- [-5989.783] [...7 remote chains...] -- 0:00:11

      Average standard deviation of split frequencies: 0.005329

      4986000 -- [-5985.901] [...7 remote chains...] -- 0:00:10

      Average standard deviation of split frequencies: 0.005316

      4987000 -- [-5994.154] [...7 remote chains...] -- 0:00:09

      Average standard deviation of split frequencies: 0.005314

      4988000 -- (-6052.969) [...7 remote chains...] -- 0:00:08

      Average standard deviation of split frequencies: 0.005309

      4989000 -- (-6046.318) [...7 remote chains...] -- 0:00:08

      Average standard deviation of split frequencies: 0.005294

      4990000 -- (-6048.644) [...7 remote chains...] -- 0:00:07

      Average standard deviation of split frequencies: 0.005284

      4991000 -- (-6022.500) [...7 remote chains...] -- 0:00:06

      Average standard deviation of split frequencies: 0.005293

      4992000 -- (-6040.577) [...7 remote chains...] -- 0:00:05

      Average standard deviation of split frequencies: 0.005287

      4993000 -- (-6028.978) [...7 remote chains...] -- 0:00:05

      Average standard deviation of split frequencies: 0.005281

      4994000 -- (-6033.157) [...7 remote chains...] -- 0:00:04

      Average standard deviation of split frequencies: 0.005288

      4995000 -- (-6023.929) [...7 remote chains...] -- 0:00:03

      Average standard deviation of split frequencies: 0.005302

      4996000 -- (-6023.359) [...7 remote chains...] -- 0:00:02

      Average standard deviation of split frequencies: 0.005285

      4997000 -- (-6018.933) [...7 remote chains...] -- 0:00:02

      Average standard deviation of split frequencies: 0.005283

      4998000 -- (-6023.552) [...7 remote chains...] -- 0:00:01

      Average standard deviation of split frequencies: 0.005294

      4999000 -- (-6015.475) [...7 remote chains...] -- 0:00:00

      Average standard deviation of split frequencies: 0.005302
      5000000 -- (-6025.553) [...7 remote chains...] -- 0:00:00

      Average standard deviation of split frequencies: 0.005315

      Analysis completed in 1 hours 1 mins 34 seconds
      Analysis used 3693.40 seconds of CPU time on processor 0
      Likelihood of best state for "cold" chain of run 1 was -5955.88
      Likelihood of best state for "cold" chain of run 2 was -5960.23

      Acceptance rates for the moves in the "cold" chain of run 1:
         With prob.   (last 100)   chain accepted proposals by move
            25.7 %     ( 24 %)     Dirichlet(Revmat)
            28.7 %     ( 26 %)     Slider(Revmat)
            25.4 %     ( 23 %)     Dirichlet(Pi)
            25.8 %     ( 28 %)     Slider(Pi)
            26.3 %     ( 33 %)     Multiplier(Alpha)
            30.1 %     ( 26 %)     Slider(Pinvar)
            24.8 %     ( 36 %)     ExtSPR(Tau,V)
            18.0 %     ( 18 %)     ExtTBR(Tau,V)
            30.1 %     ( 21 %)     NNI(Tau,V)
            18.7 %     ( 19 %)     ParsSPR(Tau,V)
            26.2 %     ( 29 %)     Multiplier(V)
            47.1 %     ( 43 %)     Nodeslider(V)
            25.3 %     ( 31 %)     TLMultiplier(V)

      Acceptance rates for the moves in the "cold" chain of run 2:
         With prob.   (last 100)   chain accepted proposals by move
            25.7 %     ( 36 %)     Dirichlet(Revmat)
            28.2 %     ( 31 %)     Slider(Revmat)
            25.4 %     ( 31 %)     Dirichlet(Pi)
            25.6 %     ( 21 %)     Slider(Pi)
            26.0 %     ( 25 %)     Multiplier(Alpha)
            30.3 %     ( 35 %)     Slider(Pinvar)
            24.8 %     ( 34 %)     ExtSPR(Tau,V)
            18.1 %     ( 19 %)     ExtTBR(Tau,V)
            29.9 %     ( 31 %)     NNI(Tau,V)
            18.8 %     ( 14 %)     ParsSPR(Tau,V)
            25.8 %     ( 28 %)     Multiplier(V)
            47.2 %     ( 45 %)     Nodeslider(V)
            25.3 %     ( 24 %)     TLMultiplier(V)

      Chain swap information for run 1:

                   1       2       3       4 
           ----------------------------------
         1 |            0.30    0.05    0.00 
         2 |  832844            0.34    0.06 
         3 |  833760  834680            0.36 
         4 |  832250  834491  831975         

      Chain swap information for run 2:

                   1       2       3       4 
           ----------------------------------
         1 |            0.31    0.05    0.00 
         2 |  831795            0.33    0.06 
         3 |  835076  834200            0.36 
         4 |  832319  832506  834104         

      Upper diagonal: Proportion of successful state exchanges between chains
      Lower diagonal: Number of attempted state exchanges between chains

      Chain information:

        ID -- Heat 
       -----------
         1 -- 1.00  (cold chain)
         2 -- 0.91 
         3 -- 0.83 
         4 -- 0.77 

      Heat = 1 / (1 + T * (ID - 1))
         (where T = 0.10 is the temperature and ID is the chain number)

      Setting urn-in to 0
      Setting sumt contype to Allcompat
      Summarizing trees in files "Helio_trim.nex.run1.t" and "Helio_trim.nex.run2.t"
      Using relative burnin ('relburnin=yes'), discarding the first 25 % of sampled trees
      Writing statistics to files Helio_trim.nex.<parts|tstat|vstat|trprobs|con>
      Examining first file ...
      Found one tree block in file "Helio_trim.nex.run1.t" with 5001 trees in last block
      Expecting the same number of trees in the last tree block of all files

      Tree reading status:

      0      10      20      30      40      50      60      70      80      90     100
      v-------v-------v-------v-------v-------v-------v-------v-------v-------v-------v
      *********************************************************************************

      Read a total of 10002 trees in 2 files (sampling 7502 of them)
         (Each file contained 5001 trees of which 3751 were sampled)
                                                                                   
      General explanation:                                                          
                                                                                   
      In an unrooted tree, a taxon bipartition (split) is specified by removing a   
      branch, thereby dividing the species into those to the left and those to the  
      right of the branch. Here, taxa to one side of the removed branch are denoted 
      '.' and those to the other side are denoted '*'. Specifically, the '.' symbol 
      is used for the taxa on the same side as the outgroup.                        
                                                                                   
      In a rooted or clock tree, the tree is rooted using the model and not by      
      reference to an outgroup. Each bipartition therefore corresponds to a clade,  
      that is, a group that includes all the descendants of a particular branch in  
      the tree.  Taxa that are included in each clade are denoted using '*', and    
      taxa that are not included are denoted using the '.' symbol.                  
                                                                                   
      The output first includes a key to all the bipartitions with frequency larger 
      or equual to (Minpartfreq) in at least one run. Minpartfreq is a parameter to 
      sumt command and currently it is set to 0.10.  This is followed by a table  
      with statistics for the informative bipartitions (those including at least    
      two taxa), sorted from highest to lowest probability. For each bipartition,   
      the table gives the number of times the partition or split was observed in all
      runs (#obs) and the posterior probability of the bipartition (Probab.), which 
      is the same as the split frequency. If several runs are summarized, this is   
      followed by the minimum split frequency (Min(s)), the maximum frequency       
      (Max(s)), and the standard deviation of frequencies (Stddev(s)) across runs.  
      The latter value should approach 0 for all bipartitions as MCMC runs converge.
                                                                                   
      This is followed by a table summarizing branch lengths, node heights (if a    
      clock model was used) and relaxed clock parameters (if a relaxed clock model  
      was used). The mean, variance, and 95 % credible interval are given for each 
      of these parameters. If several runs are summarized, the potential scale      
      reduction factor (PSRF) is also given; it should approach 1 as runs converge. 
      Node heights will take calibration points into account, if such points were   
      used in the analysis.                                                         
                                                                                    
      Note that Stddev may be unreliable if the partition is not present in all     
      runs (the last column indicates the number of runs that sampled the partition 
      if more than one run is summarized). The PSRF is not calculated at all if     
      the partition is not present in all runs.The PSRF is also sensitive to small  
      sample sizes and it should only be considered a rough guide to convergence    
      since some of the assumptions allowing one to interpret it as a true potential
      scale reduction factor are violated in MrBayes.                               
                                                                                    
      List of taxa in bipartitions:                                                 
                                                                                   
         1 -- Chamira_circaeoides
         2 -- Heliophila_acuminata
         3 -- Heliophila_africana
         4 -- Heliophila_alpina
         5 -- Heliophila_amplexicaulis
         6 -- Heliophila_arenaria
         7 -- Heliophila_bisteriata
         8 -- Heliophila_brassicifolia
         9 -- Heliophila_bulbostyla
        10 -- Heliophila_carnosa
        11 -- Heliophila_cedarbergensis
        12 -- Heliophila_cf_arenosa
        13 -- Heliophila_cinerea
        14 -- Heliophila_clarkii
        15 -- Heliophila_collina
        16 -- Heliophila_cornellsbergia
        17 -- Heliophila_cornuta
        18 -- Heliophila_coronopifolia
        19 -- Heliophila_crithmifolia
        20 -- Heliophila_cuneata
        21 -- Heliophila_descurva
        22 -- Heliophila_deserticola
        23 -- Heliophila_diffusa
        24 -- Heliophila_digitata
        25 -- Heliophila_dregeana
        26 -- Heliophila_elata
        27 -- Heliophila_elongata
        28 -- Heliophila_ephemera
        29 -- Heliophila_esterhuyseniae
        30 -- Heliophila_eximia
        31 -- Heliophila_florulenta
        32 -- Heliophila_gariepina
        33 -- Heliophila_glabrescens
        34 -- Heliophila_glauca
        35 -- Heliophila_goldblattii
        36 -- Heliophila_juncea
        37 -- Heliophila_laciniata
        38 -- Heliophila_lactea
        39 -- Heliophila_leptophylla
        40 -- Heliophila_linearis
        41 -- Heliophila_linoides
        42 -- Heliophila_macowaniana
        43 -- Heliophila_macra
        44 -- Heliophila_macrosperma
        45 -- Heliophila_macrostylis
        46 -- Heliophila_maraisiana
        47 -- Heliophila_meyeri
        48 -- Heliophila_minima
        49 -- Heliophila_monosperma
        50 -- Heliophila_namaquana
        51 -- Heliophila_namaquensis
        52 -- Heliophila_nubigena
        53 -- Heliophila_obibensis
        54 -- Heliophila_patens
        55 -- Heliophila_pectinata
        56 -- Heliophila_pendula
        57 -- Heliophila_pinnata
        58 -- Heliophila_polygaloides
        59 -- Heliophila_promontorii
        60 -- Heliophila_pseudoeximia
        61 -- Heliophila_pubescens
        62 -- Heliophila_pusilla
        63 -- Heliophila_ramosissima
        64 -- Heliophila_refracta
        65 -- Heliophila_rigidiuscula
        66 -- Heliophila_rimicola
        67 -- Heliophila_roggeveldensis
        68 -- Heliophila_rostrata
        69 -- Heliophila_scandens
        70 -- Heliophila_schulzii
        71 -- Heliophila_scoparia
        72 -- Heliophila_seselifolia
        73 -- Heliophila_sp_HTeamNGS390
        74 -- Heliophila_sp_LysakMandakova24
        75 -- Heliophila_sp_Manning3823
        76 -- Heliophila_sp_PatersonJones238
        77 -- Heliophila_sp_Winter010909
        78 -- Heliophila_sp_Winter071020
        79 -- Heliophila_stenocarpa
        80 -- Heliophila_suavissima
        81 -- Heliophila_suborbicularis
        82 -- Heliophila_subulata
        83 -- Heliophila_thunbergii
        84 -- Heliophila_tricuspidata
        85 -- Heliophila_trifurca
        86 -- Heliophila_tulbaghensis
        87 -- Heliophila_variabilis
        88 -- Heliophila_vlokii
        89 -- Heliophila_xylopoda

      Key to taxon bipartitions (saved to file "Helio_trim.nex.parts"):

       ID -- Partition
      --------------------------------------------------------------------------------
        1 -- 
        2 -- 
        3 -- 
        4 -- 
        5 -- 
        6 -- 
        7 -- 
        8 -- 
        9 -- 
       10 -- 
       11 -- 
       12 -- 
       13 -- 
       14 -- 
       15 -- 
       16 -- 
       17 -- 
       18 -- 
       19 -- 
       20 -- 
       21 -- 
       22 -- 
       23 -- 
       24 -- 
       25 -- 
       26 -- 
       27 -- 
       28 -- 
       29 -- 
       30 -- 
       31 -- 
       32 -- 
       33 -- 
       34 -- 
       35 -- 
       36 -- 
       37 -- 
       38 -- 
       39 -- 
       40 -- 
       41 -- 
       42 -- 
       43 -- 
       44 -- 
       45 -- 
       46 -- 
       47 -- 
       48 -- 
       49 -- 
       50 -- 
       51 -- 
       52 -- 
       53 -- 
       54 -- 
       55 -- 
       56 -- 
       57 -- 
       58 -- 
       59 -- 
       60 -- 
       61 -- 
       62 -- 
       63 -- 
       64 -- 
       65 -- 
       66 -- 
       67 -- 
       68 -- 
       69 -- 
       70 -- 
       71 -- 
       72 -- 
       73 -- 
       74 -- 
       75 -- 
       76 -- 
       77 -- 
       78 -- 
       79 -- 
       80 -- 
       81 -- 
       82 -- 
       83 -- 
       84 -- 
       85 -- 
       86 -- 
       87 -- 
       88 -- 
       89 -- 
       90 -- 
       91 -- 
       92 -- 
       93 -- 
       94 -- 
       95 -- 
       96 -- 
       97 -- 
       98 -- 
       99 -- 
      100 -- 
      101 -- 
      102 -- 
      103 -- 
      104 -- 
      105 -- 
      106 -- 
      107 -- 
      108 -- 
      109 -- 
      110 -- 
      111 -- 
      112 -- 
      113 -- 
      114 -- 
      115 -- 
      116 -- 
      117 -- 
      118 -- 
      119 -- 
      120 -- 
      121 -- 
      122 -- 
      123 -- 
      124 -- 
      125 -- 
      126 -- 
      127 -- 
      128 -- 
      129 -- 
      130 -- 
      131 -- 
      132 -- 
      133 -- 
      134 -- 
      135 -- 
      136 -- 
      137 -- 
      138 -- 
      139 -- 
      140 -- 
      141 -- 
      142 -- 
      143 -- 
      144 -- 
      145 -- 
      146 -- 
      147 -- 
      148 -- 
      149 -- 
      150 -- 
      151 -- 
      152 -- 
      153 -- 
      154 -- 
      155 -- 
      156 -- 
      157 -- 
      158 -- 
      159 -- 
      160 -- 
      161 -- 
      162 -- 
      163 -- 
      164 -- 
      165 -- 
      166 -- 
      167 -- 
      168 -- 
      169 -- 
      170 -- 
      171 -- 
      172 -- 
      173 -- 
      174 -- 
      175 -- 
      176 -- 
      177 -- 
      178 -- 
      179 -- 
      180 -- 
      181 -- 
      182 -- 
      183 -- 
      184 -- 
      185 -- 
      186 -- 
      187 -- 
      188 -- 
      189 -- 
      190 -- 
      191 -- 
      192 -- 
      193 -- 
      194 -- 
      195 -- 
      196 -- 
      197 -- 
      198 -- 
      199 -- 
      200 -- 
      201 -- 
      202 -- 
      203 -- 
      204 -- 
      205 -- 
      206 -- 
      207 -- 
      208 -- 
      209 -- 
      210 -- 
      211 -- 
      212 -- 
      213 -- 
      214 -- 
      215 -- 
      216 -- 
      217 -- 
      218 -- 
      219 -- 
      220 -- 
      221 -- 
      222 -- 
      223 -- 
      224 -- 
      225 -- 
      226 -- 
      227 -- 
      228 -- 
      229 -- 
      230 -- 
      231 -- 
      232 -- 
      233 -- 
      234 -- 
      235 -- 
      236 -- 
      237 -- 
      238 -- 
      239 -- 
      240 -- 
      241 -- 
      242 -- 
      243 -- 
      244 -- 
      245 -- 
      246 -- 
      247 -- 
      248 -- 
      249 -- 
      250 -- 
      251 -- 
      252 -- 
      253 -- 
      254 -- 
      255 -- 
      256 -- 
      257 -- 
      258 -- 
      259 -- 
      --------------------------------------------------------------------------------

       ID -- Partition (continued)
      --------------------------------------------------------------------------------
        1 -- 
        2 -- 
        3 -- 
        4 -- 
        5 -- 
        6 -- 
        7 -- 
        8 -- 
        9 -- 
       10 -- 
       11 -- 
       12 -- 
       13 -- 
       14 -- 
       15 -- 
       16 -- 
       17 -- 
       18 -- 
       19 -- 
       20 -- 
       21 -- 
       22 -- 
       23 -- 
       24 -- 
       25 -- 
       26 -- 
       27 -- 
       28 -- 
       29 -- 
       30 -- 
       31 -- 
       32 -- 
       33 -- 
       34 -- 
       35 -- 
       36 -- 
       37 -- 
       38 -- 
       39 -- 
       40 -- 
       41 -- 
       42 -- 
       43 -- 
       44 -- 
       45 -- 
       46 -- 
       47 -- 
       48 -- 
       49 -- 
       50 -- 
       51 -- 
       52 -- 
       53 -- 
       54 -- 
       55 -- 
       56 -- 
       57 -- 
       58 -- 
       59 -- 
       60 -- 
       61 -- 
       62 -- 
       63 -- 
       64 -- 
       65 -- 
       66 -- 
       67 -- 
       68 -- 
       69 -- 
       70 -- 
       71 -- 
       72 -- 
       73 -- 
       74 -- 
       75 -- 
       76 -- 
       77 -- 
       78 -- 
       79 -- 
       80 -- 
       81 -- 
       82 -- 
       83 -- 
       84 -- 
       85 -- 
       86 -- 
       87 -- 
       88 -- 
       89 -- 
       90 -- 
       91 -- 
       92 -- 
       93 -- 
       94 -- 
       95 -- 
       96 -- 
       97 -- 
       98 -- 
       99 -- 
      100 -- 
      101 -- 
      102 -- 
      103 -- 
      104 -- 
      105 -- 
      106 -- 
      107 -- 
      108 -- 
      109 -- 
      110 -- 
      111 -- 
      112 -- 
      113 -- 
      114 -- 
      115 -- 
      116 -- 
      117 -- 
      118 -- 
      119 -- 
      120 -- 
      121 -- 
      122 -- 
      123 -- 
      124 -- 
      125 -- 
      126 -- 
      127 -- 
      128 -- 
      129 -- 
      130 -- 
      131 -- 
      132 -- 
      133 -- 
      134 -- 
      135 -- 
      136 -- 
      137 -- 
      138 -- 
      139 -- 
      140 -- 
      141 -- 
      142 -- 
      143 -- 
      144 -- 
      145 -- 
      146 -- 
      147 -- 
      148 -- 
      149 -- 
      150 -- 
      151 -- 
      152 -- 
      153 -- 
      154 -- 
      155 -- 
      156 -- 
      157 -- 
      158 -- 
      159 -- 
      160 -- 
      161 -- 
      162 -- 
      163 -- 
      164 -- 
      165 -- 
      166 -- 
      167 -- 
      168 -- 
      169 -- 
      170 -- 
      171 -- 
      172 -- 
      173 -- 
      174 -- 
      175 -- 
      176 -- 
      177 -- 
      178 -- 
      179 -- 
      180 -- 
      181 -- 
      182 -- 
      183 -- 
      184 -- 
      185 -- 
      186 -- 
      187 -- 
      188 -- 
      189 -- 
      190 -- 
      191 -- 
      192 -- 
      193 -- 
      194 -- 
      195 -- 
      196 -- 
      197 -- 
      198 -- 
      199 -- 
      200 -- 
      201 -- 
      202 -- 
      203 -- 
      204 -- 
      205 -- 
      206 -- 
      207 -- 
      208 -- 
      209 -- 
      210 -- 
      211 -- 
      212 -- 
      213 -- 
      214 -- 
      215 -- 
      216 -- 
      217 -- 
      218 -- 
      219 -- 
      220 -- 
      221 -- 
      222 -- 
      223 -- 
      224 -- 
      225 -- 
      226 -- 
      227 -- 
      228 -- 
      229 -- 
      230 -- 
      231 -- 
      232 -- 
      233 -- 
      234 -- 
      235 -- 
      236 -- 
      237 -- 
      238 -- 
      239 -- 
      240 -- 
      241 -- 
      242 -- 
      243 -- 
      244 -- 
      245 -- 
      246 -- 
      247 -- 
      248 -- 
      249 -- 
      250 -- 
      251 -- 
      252 -- 
      253 -- 
      254 -- 
      255 -- 
      256 -- 
      257 -- 
      258 -- 
      259 -- 
      --------------------------------------------------------------------------------

      Summary statistics for informative taxon bipartitions
         (saved to file "Helio_trim.nex.tstat"):

       ID   #obs    Probab.     Sd(s)+      Min(s)      Max(s)   Nruns 
      -----------------------------------------------------------------
       90  7502    1.000000    0.000000    1.000000    1.000000    2
       91  7502    1.000000    0.000000    1.000000    1.000000    2
       92  7502    1.000000    0.000000    1.000000    1.000000    2
       93  7502    1.000000    0.000000    1.000000    1.000000    2
       94  7502    1.000000    0.000000    1.000000    1.000000    2
       95  7502    1.000000    0.000000    1.000000    1.000000    2
       96  7502    1.000000    0.000000    1.000000    1.000000    2
       97  7502    1.000000    0.000000    1.000000    1.000000    2
       98  7502    1.000000    0.000000    1.000000    1.000000    2
       99  7502    1.000000    0.000000    1.000000    1.000000    2
      100  7502    1.000000    0.000000    1.000000    1.000000    2
      101  7502    1.000000    0.000000    1.000000    1.000000    2
      102  7502    1.000000    0.000000    1.000000    1.000000    2
      103  7502    1.000000    0.000000    1.000000    1.000000    2
      104  7502    1.000000    0.000000    1.000000    1.000000    2
      105  7501    0.999867    0.000189    0.999733    1.000000    2
      106  7501    0.999867    0.000189    0.999733    1.000000    2
      107  7500    0.999733    0.000000    0.999733    0.999733    2
      108  7498    0.999467    0.000377    0.999200    0.999733    2
      109  7492    0.998667    0.000754    0.998134    0.999200    2
      110  7490    0.998400    0.001508    0.997334    0.999467    2
      111  7475    0.996401    0.001320    0.995468    0.997334    2
      112  7462    0.994668    0.001885    0.993335    0.996001    2
      113  7397    0.986004    0.002828    0.984004    0.988003    2
      114  7302    0.973340    0.000754    0.972807    0.973874    2
      115  7268    0.968808    0.006409    0.964276    0.973340    2
      116  7235    0.964409    0.000566    0.964010    0.964809    2
      117  7228    0.963476    0.001508    0.962410    0.964543    2
      118  7184    0.957611    0.004524    0.954412    0.960810    2
      119  7156    0.953879    0.007917    0.948280    0.959477    2
      120  7115    0.948414    0.002451    0.946681    0.950147    2
      121  6980    0.930419    0.000754    0.929885    0.930952    2
      122  6825    0.909757    0.014138    0.899760    0.919755    2
      123  6770    0.902426    0.005278    0.898694    0.906158    2
      124  6723    0.896161    0.000943    0.895495    0.896828    2
      125  6691    0.891895    0.006598    0.887230    0.896561    2
      126  6578    0.876833    0.001131    0.876033    0.877633    2
      127  6513    0.868168    0.012630    0.859238    0.877099    2
      128  6465    0.861770    0.000566    0.861370    0.862170    2
      129  6373    0.849507    0.001320    0.848574    0.850440    2
      130  6243    0.832178    0.008106    0.826446    0.837910    2
      131  6181    0.823914    0.009991    0.816849    0.830978    2
      132  6103    0.813516    0.008106    0.807785    0.819248    2
      133  5975    0.796454    0.010368    0.789123    0.803786    2
      134  5943    0.792189    0.002451    0.790456    0.793922    2
      135  5880    0.783791    0.011688    0.775527    0.792055    2
      136  5568    0.742202    0.005278    0.738470    0.745934    2
      137  5321    0.709278    0.007729    0.703812    0.714743    2
      138  5318    0.708878    0.000000    0.708878    0.708878    2
      139  5293    0.705545    0.008106    0.699813    0.711277    2
      140  5070    0.675820    0.010180    0.668622    0.683018    2
      141  4944    0.659024    0.013950    0.649160    0.668888    2
      142  4939    0.658358    0.013761    0.648627    0.668089    2
      143  4899    0.653026    0.009614    0.646228    0.659824    2
      144  4885    0.651160    0.000943    0.650493    0.651826    2
      145  4885    0.651160    0.005467    0.647294    0.655025    2
      146  4870    0.649160    0.010180    0.641962    0.656358    2
      147  4719    0.629032    0.011876    0.620634    0.637430    2
      148  4569    0.609038    0.010745    0.601440    0.616636    2
      149  4041    0.538656    0.014138    0.528659    0.548654    2
      150  3709    0.494401    0.017155    0.482271    0.506532    2
      151  3573    0.476273    0.017532    0.463876    0.488670    2
      152  3497    0.466142    0.002451    0.464409    0.467875    2
      153  3476    0.463343    0.001131    0.462543    0.464143    2
      154  3423    0.456278    0.015269    0.445481    0.467075    2
      155  3417    0.455479    0.004713    0.452146    0.458811    2
      156  3353    0.446947    0.000943    0.446281    0.447614    2
      157  3270    0.435884    0.007917    0.430285    0.441482    2
      158  3256    0.434018    0.002639    0.432151    0.435884    2
      159  3103    0.413623    0.012253    0.404959    0.422287    2
      160  2985    0.397894    0.001320    0.396961    0.398827    2
      161  2931    0.390696    0.006221    0.386297    0.395095    2
      162  2908    0.387630    0.002639    0.385764    0.389496    2
      163  2757    0.367502    0.008106    0.361770    0.373234    2
      164  2702    0.360171    0.007163    0.355105    0.365236    2
      165  2530    0.337243    0.012065    0.328712    0.345774    2
      166  2466    0.328712    0.001131    0.327913    0.329512    2
      167  2388    0.318315    0.002639    0.316449    0.320181    2
      168  2178    0.290323    0.004147    0.287390    0.293255    2
      169  2145    0.285924    0.008860    0.279659    0.292189    2
      170  2117    0.282191    0.007729    0.276726    0.287657    2
      171  2090    0.278592    0.003393    0.276193    0.280992    2
      172  1953    0.260331    0.007729    0.254865    0.265796    2
      173  1892    0.252199    0.006786    0.247401    0.256998    2
      174  1884    0.251133    0.003393    0.248734    0.253532    2
      175  1811    0.241402    0.016778    0.229539    0.253266    2
      176  1804    0.240469    0.005278    0.236737    0.244202    2
      177  1771    0.236070    0.005090    0.232471    0.239669    2
      178  1765    0.235271    0.002451    0.233538    0.237003    2
      179  1763    0.235004    0.014138    0.225007    0.245001    2
      180  1731    0.230738    0.002451    0.229006    0.232471    2
      181  1708    0.227673    0.000754    0.227139    0.228206    2
      182  1674    0.223140    0.009426    0.216476    0.229805    2
      183  1614    0.215143    0.012819    0.206078    0.224207    2
      184  1597    0.212877    0.005090    0.209278    0.216476    2
      185  1585    0.211277    0.009614    0.204479    0.218075    2
      186  1583    0.211010    0.006221    0.206612    0.215409    2
      187  1562    0.208211    0.000754    0.207678    0.208744    2
      188  1558    0.207678    0.009803    0.200746    0.214609    2
      189  1541    0.205412    0.007352    0.200213    0.210611    2
      190  1519    0.202479    0.008483    0.196481    0.208478    2
      191  1513    0.201680    0.001320    0.200746    0.202613    2
      192  1493    0.199014    0.007729    0.193548    0.204479    2
      193  1492    0.198880    0.000754    0.198347    0.199413    2
      194  1484    0.197814    0.006786    0.193015    0.202613    2
      195  1481    0.197414    0.005090    0.193815    0.201013    2
      196  1477    0.196881    0.006221    0.192482    0.201280    2
      197  1473    0.196348    0.004713    0.193015    0.199680    2
      198  1471    0.196081    0.005467    0.192215    0.199947    2
      199  1465    0.195281    0.008860    0.189016    0.201546    2
      200  1451    0.193415    0.010368    0.186084    0.200746    2
      201  1432    0.190882    0.003016    0.188750    0.193015    2
      202  1389    0.185151    0.007729    0.179685    0.190616    2
      203  1362    0.181552    0.001885    0.180219    0.182885    2
      204  1361    0.181418    0.004713    0.178086    0.184751    2
      205  1265    0.168622    0.010745    0.161024    0.176220    2
      206  1260    0.167955    0.001885    0.166622    0.169288    2
      207  1259    0.167822    0.001320    0.166889    0.168755    2
      208  1192    0.158891    0.002262    0.157291    0.160491    2
      209  1190    0.158624    0.010934    0.150893    0.166356    2
      210  1187    0.158224    0.008483    0.152226    0.164223    2
      211  1140    0.151959    0.012819    0.142895    0.161024    2
      212  1127    0.150227    0.005467    0.146361    0.154092    2
      213  1117    0.148894    0.000189    0.148760    0.149027    2
      214  1115    0.148627    0.009237    0.142095    0.155159    2
      215  1104    0.147161    0.013196    0.137830    0.156492    2
      216  1080    0.143962    0.001131    0.143162    0.144761    2
      217  1065    0.141962    0.003959    0.139163    0.144761    2
      218  1042    0.138896    0.000754    0.138363    0.139429    2
      219  1034    0.137830    0.001508    0.136764    0.138896    2
      220  1016    0.135431    0.009426    0.128766    0.142095    2
      221  1010    0.134631    0.007917    0.129032    0.140229    2
      222  1005    0.133964    0.007729    0.128499    0.139429    2
      223   990    0.131965    0.001131    0.131165    0.132765    2
      224   985    0.131298    0.003582    0.128766    0.133831    2
      225   976    0.130099    0.002639    0.128232    0.131965    2
      226   969    0.129166    0.000943    0.128499    0.129832    2
      227   953    0.127033    0.002074    0.125567    0.128499    2
      228   952    0.126899    0.004524    0.123700    0.130099    2
      229   944    0.125833    0.010180    0.118635    0.133031    2
      230   932    0.124234    0.004524    0.121034    0.127433    2
      231   923    0.123034    0.004713    0.119701    0.126366    2
      232   910    0.121301    0.006032    0.117035    0.125567    2
      233   890    0.118635    0.008295    0.112770    0.124500    2
      234   878    0.117035    0.000754    0.116502    0.117569    2
      235   864    0.115169    0.002262    0.113570    0.116769    2
      236   861    0.114769    0.000943    0.114103    0.115436    2
      237   855    0.113970    0.003959    0.111170    0.116769    2
      238   850    0.113303    0.004524    0.110104    0.116502    2
      239   844    0.112503    0.009803    0.105572    0.119435    2
      240   838    0.111704    0.000000    0.111704    0.111704    2
      241   832    0.110904    0.006786    0.106105    0.115702    2
      242   827    0.110237    0.005844    0.106105    0.114370    2
      243   825    0.109971    0.000566    0.109571    0.110371    2
      244   814    0.108504    0.003393    0.106105    0.110904    2
      245   809    0.107838    0.008483    0.101840    0.113836    2
      246   798    0.106372    0.003770    0.103706    0.109038    2
      247   794    0.105838    0.008295    0.099973    0.111704    2
      248   786    0.104772    0.005655    0.100773    0.108771    2
      249   784    0.104505    0.001885    0.103172    0.105838    2
      250   776    0.103439    0.002639    0.101573    0.105305    2
      251   772    0.102906    0.003770    0.100240    0.105572    2
      252   769    0.102506    0.006975    0.097574    0.107438    2
      253   765    0.101973    0.003205    0.099707    0.104239    2
      254   763    0.101706    0.009991    0.094641    0.108771    2
      255   758    0.101040    0.004524    0.097841    0.104239    2
      256   753    0.100373    0.006975    0.095441    0.105305    2
      257   751    0.100107    0.004713    0.096774    0.103439    2
      258   741    0.098774    0.018663    0.085577    0.111970    2
      259   731    0.097441    0.011876    0.089043    0.105838    2
      -----------------------------------------------------------------
      + Convergence diagnostic (standard deviation of split frequencies)
        should approach 0.0 as runs converge.


      Summary statistics for branch and node parameters
         (saved to file "Helio_trim.nex.vstat"):

                                               95% HPD Interval
                                             --------------------
      Parameter       Mean       Variance     Lower       Upper       Median     PSRF+  Nruns
      ---------------------------------------------------------------------------------------
      length[1]      0.140280    0.000469    0.099093    0.182819    0.138787    1.000    2
      length[2]      0.006298    0.000014    0.000390    0.013604    0.005538    1.000    2
      length[3]      0.004157    0.000009    0.000084    0.009910    0.003499    1.000    2
      length[4]      0.070001    0.000195    0.043268    0.096508    0.069165    1.000    2
      length[5]      0.047949    0.000129    0.027551    0.071077    0.046676    1.000    2
      length[6]      0.008026    0.000018    0.001058    0.016187    0.007332    1.000    2
      length[7]      0.019367    0.000100    0.003227    0.039338    0.017679    1.000    2
      length[8]      0.044906    0.000120    0.024524    0.066117    0.044228    1.000    2
      length[9]      0.010223    0.000022    0.002369    0.019543    0.009576    1.000    2
      length[10]     0.032918    0.000086    0.016985    0.052767    0.032127    1.001    2
      length[11]     0.022780    0.000052    0.009643    0.036764    0.022055    1.001    2
      length[12]     0.006148    0.000013    0.000633    0.013362    0.005407    1.000    2
      length[13]     0.002840    0.000007    0.000000    0.007976    0.002109    1.000    2
      length[14]     0.004227    0.000018    0.000000    0.012643    0.002937    1.000    2
      length[15]     0.016968    0.000044    0.004938    0.029887    0.016100    1.000    2
      length[16]     0.032985    0.000087    0.016333    0.052007    0.032069    1.000    2
      length[17]     0.014517    0.000030    0.005419    0.025883    0.013855    1.000    2
      length[18]     0.008688    0.000019    0.001551    0.017062    0.007992    1.000    2
      length[19]     0.026925    0.000058    0.012638    0.041475    0.026085    1.000    2
      length[20]     0.006183    0.000013    0.000468    0.013233    0.005476    1.000    2
      length[21]     0.010981    0.000025    0.002400    0.020718    0.010259    1.000    2
      length[22]     0.052398    0.000141    0.030872    0.075771    0.051511    1.000    2
      length[23]     0.002107    0.000005    0.000000    0.006526    0.001459    1.000    2
      length[24]     0.014481    0.000031    0.005144    0.025541    0.013761    1.000    2
      length[25]     0.010429    0.000022    0.002743    0.020221    0.009697    1.000    2
      length[26]     0.052214    0.000130    0.030966    0.074272    0.051199    1.000    2
      length[27]     0.014631    0.000033    0.004105    0.025916    0.013847    1.000    2
      length[28]     0.014590    0.000032    0.004274    0.025326    0.013897    1.000    2
      length[29]     0.025654    0.000058    0.011345    0.040937    0.024786    1.000    2
      length[30]     0.015928    0.000037    0.005762    0.028246    0.015048    1.000    2
      length[31]     0.062217    0.000167    0.039538    0.089616    0.061122    1.001    2
      length[32]     0.018664    0.000052    0.006329    0.033323    0.017747    1.001    2
      length[33]     0.002147    0.000005    0.000000    0.006422    0.001490    1.000    2
      length[34]     0.023897    0.000059    0.010054    0.039181    0.023199    1.000    2
      length[35]     0.021468    0.000058    0.008230    0.036806    0.020495    1.000    2
      length[36]     0.020630    0.000048    0.008651    0.034774    0.019812    1.000    2
      length[37]     0.025968    0.000072    0.010505    0.042338    0.024942    1.000    2
      length[38]     0.021538    0.000050    0.009099    0.036220    0.020735    1.000    2
      length[39]     0.017425    0.000039    0.006201    0.029907    0.016787    1.000    2
      length[40]     0.006109    0.000013    0.000649    0.013452    0.005385    1.000    2
      length[41]     0.006150    0.000013    0.000701    0.013265    0.005428    1.000    2
      length[42]     0.002052    0.000004    0.000001    0.006240    0.001418    1.000    2
      length[43]     0.027268    0.000064    0.012251    0.042551    0.026588    1.000    2
      length[44]     0.054461    0.000142    0.032466    0.078190    0.053664    1.000    2
      length[45]     0.007066    0.000016    0.000673    0.015018    0.006297    1.000    2
      length[46]     0.024601    0.000058    0.011089    0.040172    0.023796    1.000    2
      length[47]     0.014959    0.000037    0.004246    0.026976    0.014218    1.000    2
      length[48]     0.023861    0.000060    0.010008    0.039108    0.023027    1.000    2
      length[49]     0.010816    0.000025    0.002816    0.021049    0.010009    1.000    2
      length[50]     0.008442    0.000019    0.001169    0.016930    0.007761    1.000    2
      length[51]     0.008334    0.000018    0.001014    0.016358    0.007682    1.000    2
      length[52]     0.014652    0.000032    0.005027    0.026207    0.013883    1.001    2
      length[53]     0.020967    0.000048    0.008190    0.034315    0.020208    1.001    2
      length[54]     0.015182    0.000035    0.005277    0.026895    0.014371    1.000    2
      length[55]     0.048249    0.000119    0.028899    0.071044    0.047296    1.000    2
      length[56]     0.006139    0.000013    0.000644    0.013358    0.005498    1.000    2
      length[57]     0.017418    0.000043    0.005670    0.030376    0.016645    1.000    2
      length[58]     0.021519    0.000051    0.008099    0.035248    0.020696    1.000    2
      length[59]     0.017015    0.000040    0.006498    0.030198    0.016246    1.000    2
      length[60]     0.004314    0.000010    0.000009    0.010647    0.003598    1.000    2
      length[61]     0.014326    0.000037    0.003636    0.026223    0.013430    1.000    2
      length[62]     0.005960    0.000014    0.000018    0.013029    0.005261    1.000    2
      length[63]     0.031415    0.000075    0.015996    0.048525    0.030702    1.000    2
      length[64]     0.008045    0.000017    0.001510    0.016139    0.007366    1.000    2
      length[65]     0.034366    0.000086    0.018115    0.052935    0.033584    1.000    2
      length[66]     0.033662    0.000076    0.017576    0.050917    0.032927    1.000    2
      length[67]     0.016987    0.000113    0.000010    0.035547    0.016363    1.000    2
      length[68]     0.004351    0.000010    0.000124    0.010353    0.003632    1.000    2
      length[69]     0.023802    0.000055    0.010090    0.038092    0.023017    1.000    2
      length[70]     0.014467    0.000032    0.004700    0.025441    0.013818    1.000    2
      length[71]     0.006220    0.000014    0.000707    0.013643    0.005480    1.000    2
      length[72]     0.023483    0.000064    0.009280    0.039562    0.022814    1.001    2
      length[73]     0.018903    0.000046    0.007066    0.032360    0.018149    1.001    2
      length[74]     0.008255    0.000017    0.001304    0.016305    0.007491    1.000    2
      length[75]     0.005790    0.000012    0.000200    0.012621    0.005093    1.000    2
      length[76]     0.012803    0.000027    0.004131    0.023424    0.012136    1.000    2
      length[77]     0.005326    0.000012    0.000021    0.011925    0.004645    1.000    2
      length[78]     0.013041    0.000029    0.004006    0.023823    0.012395    1.000    2
      length[79]     0.007867    0.000018    0.000833    0.016035    0.007191    1.000    2
      length[80]     0.051213    0.000130    0.030357    0.074446    0.050297    1.001    2
      length[81]     0.003766    0.000009    0.000003    0.009544    0.003046    1.000    2
      length[82]     0.036900    0.000092    0.018348    0.054982    0.036045    1.000    2
      length[83]     0.019454    0.000045    0.007890    0.032872    0.018677    1.001    2
      length[84]     0.004180    0.000009    0.000013    0.009888    0.003454    1.000    2
      length[85]     0.016379    0.000041    0.005009    0.028529    0.015620    1.000    2
      length[86]     0.006260    0.000014    0.000552    0.013493    0.005549    1.000    2
      length[87]     0.030500    0.000070    0.015215    0.047605    0.029679    1.000    2
      length[88]     0.014751    0.000032    0.004950    0.026001    0.014086    1.000    2
      length[89]     0.038301    0.000094    0.021413    0.058652    0.037400    1.000    2
      length[90]     0.029049    0.000098    0.010290    0.048172    0.028379    1.000    2
      length[91]     0.034371    0.000091    0.017311    0.053277    0.033677    1.000    2
      length[92]     0.017084    0.000039    0.005980    0.029642    0.016377    1.000    2
      length[93]     0.032622    0.000090    0.015758    0.052035    0.031751    1.000    2
      length[94]     0.019295    0.000047    0.007277    0.032750    0.018624    1.000    2
      length[95]     0.015391    0.000041    0.004231    0.028202    0.014489    1.000    2
      length[96]     0.030898    0.000076    0.015105    0.048287    0.030086    1.000    2
      length[97]     0.026940    0.000075    0.011375    0.044198    0.026189    1.001    2
      length[98]     0.019347    0.000045    0.007418    0.032734    0.018583    1.000    2
      length[99]     0.020540    0.000057    0.007107    0.035396    0.019729    1.000    2
      length[100]    0.020676    0.000048    0.008009    0.034283    0.019848    1.000    2
      length[101]    0.011255    0.000025    0.002593    0.021176    0.010529    1.000    2
      length[102]    0.016281    0.000041    0.004695    0.028546    0.015478    1.000    2
      length[103]    0.014182    0.000034    0.004012    0.025809    0.013432    1.000    2
      length[104]    0.018414    0.000046    0.006561    0.032139    0.017643    1.000    2
      length[105]    0.008603    0.000019    0.001640    0.017292    0.007885    1.000    2
      length[106]    0.011002    0.000026    0.002602    0.021430    0.010255    1.000    2
      length[107]    0.009525    0.000021    0.001861    0.018571    0.008833    1.000    2
      length[108]    0.012271    0.000032    0.002850    0.023733    0.011418    1.000    2
      length[109]    0.009848    0.000024    0.001739    0.019250    0.009157    1.000    2
      length[110]    0.010180    0.000026    0.001925    0.020549    0.009400    1.000    2
      length[111]    0.012529    0.000036    0.002056    0.024048    0.011745    1.000    2
      length[112]    0.008281    0.000020    0.000961    0.016946    0.007515    1.001    2
      length[113]    0.011145    0.000032    0.001866    0.022496    0.010355    1.000    2
      length[114]    0.009900    0.000034    0.001102    0.021661    0.008867    1.000    2
      length[115]    0.011556    0.000035    0.001887    0.023196    0.010556    1.000    2
      length[116]    0.010220    0.000038    0.000621    0.022545    0.009146    1.000    2
      length[117]    0.007547    0.000020    0.000198    0.016169    0.006776    1.000    2
      length[118]    0.006554    0.000017    0.000428    0.014436    0.005799    1.000    2
      length[119]    0.015046    0.000040    0.003826    0.027686    0.014348    1.000    2
      length[120]    0.006785    0.000016    0.000580    0.014802    0.006038    1.000    2
      length[121]    0.006120    0.000014    0.000492    0.013562    0.005372    1.000    2
      length[122]    0.006317    0.000019    0.000002    0.014639    0.005341    1.001    2
      length[123]    0.005211    0.000013    0.000096    0.012439    0.004434    1.001    2
      length[124]    0.006127    0.000016    0.000256    0.013799    0.005353    1.000    2
      length[125]    0.010078    0.000033    0.000238    0.020843    0.009257    1.000    2
      length[126]    0.009868    0.000033    0.000865    0.021390    0.008929    1.000    2
      length[127]    0.004176    0.000009    0.000087    0.009861    0.003497    1.000    2
      length[128]    0.008811    0.000023    0.001220    0.018123    0.007946    1.000    2
      length[129]    0.011029    0.000036    0.000560    0.022438    0.010058    1.000    2
      length[130]    0.004100    0.000009    0.000051    0.009968    0.003354    1.000    2
      length[131]    0.008935    0.000022    0.001106    0.017977    0.008169    1.000    2
      length[132]    0.004767    0.000012    0.000053    0.011403    0.003996    1.000    2
      length[133]    0.015106    0.000099    0.000010    0.033150    0.014106    1.000    2
      length[134]    0.006118    0.000015    0.000121    0.013446    0.005429    1.000    2
      length[135]    0.008858    0.000028    0.000445    0.018820    0.008067    1.000    2
      length[136]    0.009264    0.000032    0.000162    0.020093    0.008335    1.000    2
      length[137]    0.003896    0.000009    0.000001    0.009542    0.003199    1.000    2
      length[138]    0.004569    0.000012    0.000005    0.011287    0.003697    1.000    2
      length[139]    0.006870    0.000021    0.000076    0.015515    0.006015    1.000    2
      length[140]    0.005062    0.000013    0.000007    0.011807    0.004329    1.000    2
      length[141]    0.007063    0.000020    0.000010    0.015311    0.006189    1.000    2
      length[142]    0.004482    0.000011    0.000004    0.010719    0.003733    1.000    2
      length[143]    0.004165    0.000009    0.000146    0.010000    0.003488    1.000    2
      length[144]    0.006094    0.000019    0.000001    0.014463    0.005130    1.000    2
      length[145]    0.004503    0.000011    0.000033    0.010779    0.003781    1.000    2
      length[146]    0.004062    0.000009    0.000003    0.010110    0.003356    1.000    2
      length[147]    0.003975    0.000009    0.000005    0.009980    0.003264    1.000    2
      length[148]    0.007288    0.000029    0.000002    0.017788    0.006122    1.000    2
      length[149]    0.012276    0.000046    0.000737    0.025093    0.011531    1.001    2
      length[150]    0.004233    0.000009    0.000086    0.010061    0.003502    1.000    2
      length[151]    0.004152    0.000009    0.000010    0.009975    0.003456    1.000    2
      length[152]    0.004493    0.000011    0.000001    0.011254    0.003747    1.000    2
      length[153]    0.003718    0.000009    0.000005    0.009541    0.002981    1.002    2
      length[154]    0.003725    0.000011    0.000002    0.010029    0.002938    1.000    2
      length[155]    0.006311    0.000018    0.000068    0.014366    0.005501    1.000    2
      length[156]    0.003863    0.000010    0.000001    0.009959    0.003146    1.000    2
      length[157]    0.003813    0.000010    0.000002    0.009703    0.003116    1.000    2
      length[158]    0.006579    0.000020    0.000103    0.015043    0.005656    1.000    2
      length[159]    0.004891    0.000018    0.000002    0.013244    0.003754    1.000    2
      length[160]    0.003085    0.000008    0.000003    0.008689    0.002292    1.000    2
      length[161]    0.003477    0.000009    0.000000    0.009165    0.002761    1.000    2
      length[162]    0.004180    0.000009    0.000000    0.010153    0.003499    1.000    2
      length[163]    0.004030    0.000014    0.000001    0.011044    0.003061    1.000    2
      length[164]    0.007390    0.000023    0.000016    0.016516    0.006501    1.001    2
      length[165]    0.004214    0.000015    0.000000    0.011904    0.003277    1.001    2
      length[166]    0.007040    0.000026    0.000002    0.016975    0.006031    1.001    2
      length[167]    0.004797    0.000016    0.000006    0.012809    0.003727    1.000    2
      length[168]    0.003694    0.000009    0.000003    0.009149    0.003056    1.001    2
      length[169]    0.002628    0.000007    0.000002    0.007723    0.001876    1.001    2
      length[170]    0.004095    0.000009    0.000031    0.009662    0.003363    1.001    2
      length[171]    0.002970    0.000008    0.000001    0.008643    0.002190    1.000    2
      length[172]    0.002725    0.000007    0.000001    0.007913    0.001898    1.000    2
      length[173]    0.002293    0.000005    0.000007    0.006603    0.001610    1.000    2
      length[174]    0.002849    0.000007    0.000000    0.008291    0.002044    1.000    2
      length[175]    0.002346    0.000005    0.000000    0.006769    0.001640    0.999    2
      length[176]    0.004149    0.000009    0.000023    0.009891    0.003432    1.002    2
      length[177]    0.002518    0.000006    0.000000    0.007248    0.001832    1.000    2
      length[178]    0.002257    0.000006    0.000003    0.007128    0.001529    1.002    2
      length[179]    0.002192    0.000005    0.000000    0.006530    0.001425    0.999    2
      length[180]    0.003575    0.000008    0.000003    0.009294    0.002861    0.999    2
      length[181]    0.002167    0.000005    0.000001    0.006362    0.001444    1.000    2
      length[182]    0.005101    0.000023    0.000004    0.014842    0.003654    1.000    2
      length[183]    0.002196    0.000005    0.000001    0.006252    0.001552    0.999    2
      length[184]    0.005290    0.000013    0.000153    0.012543    0.004570    1.000    2
      length[185]    0.002150    0.000004    0.000000    0.006502    0.001541    0.999    2
      length[186]    0.003134    0.000009    0.000000    0.008910    0.002237    1.000    2
      length[187]    0.003741    0.000009    0.000015    0.009538    0.003025    0.999    2
      length[188]    0.002023    0.000004    0.000000    0.006126    0.001399    1.000    2
      length[189]    0.002105    0.000004    0.000000    0.005960    0.001548    1.001    2
      length[190]    0.002072    0.000005    0.000000    0.006200    0.001419    1.000    2
      length[191]    0.002019    0.000004    0.000000    0.006041    0.001370    0.999    2
      length[192]    0.003345    0.000009    0.000001    0.009120    0.002572    0.999    2
      length[193]    0.002113    0.000004    0.000002    0.005973    0.001499    1.000    2
      length[194]    0.002078    0.000004    0.000001    0.006248    0.001431    0.999    2
      length[195]    0.002037    0.000004    0.000003    0.005914    0.001453    1.000    2
      length[196]    0.002035    0.000004    0.000001    0.005842    0.001418    1.000    2
      length[197]    0.001994    0.000004    0.000001    0.006085    0.001460    1.000    2
      length[198]    0.004595    0.000012    0.000024    0.010990    0.003793    1.000    2
      length[199]    0.002041    0.000004    0.000003    0.006246    0.001448    0.999    2
      length[200]    0.002295    0.000006    0.000002    0.006975    0.001504    0.999    2
      length[201]    0.005985    0.000022    0.000001    0.014884    0.004855    1.000    2
      length[202]    0.003215    0.000008    0.000001    0.009048    0.002432    1.001    2
      length[203]    0.002496    0.000006    0.000000    0.007421    0.001716    0.999    2
      length[204]    0.002602    0.000006    0.000000    0.007522    0.001900    0.999    2
      length[205]    0.003684    0.000010    0.000001    0.009946    0.002889    0.999    2
      length[206]    0.003470    0.000008    0.000003    0.009056    0.002817    0.999    2
      length[207]    0.003880    0.000013    0.000001    0.010911    0.002842    0.999    2
      length[208]    0.002836    0.000008    0.000000    0.008259    0.001938    0.999    2
      length[209]    0.005986    0.000017    0.000027    0.013670    0.005046    0.999    2
      length[210]    0.003134    0.000007    0.000003    0.008880    0.002383    0.999    2
      length[211]    0.002160    0.000004    0.000001    0.006537    0.001466    1.003    2
      length[212]    0.002330    0.000006    0.000001    0.007389    0.001500    0.999    2
      length[213]    0.003955    0.000011    0.000006    0.010104    0.003118    0.999    2
      length[214]    0.006212    0.000018    0.000011    0.014417    0.005416    1.004    2
      length[215]    0.003169    0.000008    0.000002    0.008937    0.002321    1.002    2
      length[216]    0.003754    0.000010    0.000026    0.009662    0.002859    1.004    2
      length[217]    0.004249    0.000016    0.000008    0.012864    0.002993    0.999    2
      length[218]    0.002233    0.000005    0.000001    0.006749    0.001524    1.000    2
      length[219]    0.002212    0.000005    0.000002    0.006845    0.001496    0.999    2
      length[220]    0.002103    0.000005    0.000000    0.006255    0.001426    1.000    2
      length[221]    0.002048    0.000004    0.000007    0.006045    0.001426    1.001    2
      length[222]    0.005655    0.000014    0.000019    0.012567    0.004964    1.007    2
      length[223]    0.004389    0.000013    0.000061    0.011313    0.003496    1.000    2
      length[224]    0.002065    0.000004    0.000000    0.006495    0.001397    0.999    2
      length[225]    0.002073    0.000004    0.000007    0.006460    0.001348    1.003    2
      length[226]    0.002060    0.000004    0.000001    0.006309    0.001428    0.999    2
      length[227]    0.002286    0.000005    0.000000    0.007066    0.001517    0.999    2
      length[228]    0.004953    0.000016    0.000001    0.012433    0.004106    1.001    2
      length[229]    0.004332    0.000010    0.000001    0.009965    0.003698    1.000    2
      length[230]    0.002160    0.000005    0.000010    0.006197    0.001502    1.004    2
      length[231]    0.002030    0.000005    0.000004    0.006299    0.001385    0.999    2
      length[232]    0.002513    0.000006    0.000000    0.007379    0.001813    1.000    2
      length[233]    0.004140    0.000014    0.000006    0.011705    0.003146    1.000    2
      length[234]    0.008981    0.000031    0.000411    0.020064    0.008238    1.000    2
      length[235]    0.002030    0.000004    0.000000    0.006028    0.001452    0.999    2
      length[236]    0.002350    0.000005    0.000000    0.006878    0.001659    0.999    2
      length[237]    0.003284    0.000008    0.000008    0.008972    0.002524    1.000    2
      length[238]    0.002105    0.000005    0.000003    0.006184    0.001529    0.999    2
      length[239]    0.002079    0.000004    0.000003    0.006031    0.001375    0.999    2
      length[240]    0.002178    0.000006    0.000005    0.006599    0.001486    0.999    2
      length[241]    0.002290    0.000005    0.000001    0.006198    0.001679    0.999    2
      length[242]    0.002291    0.000006    0.000002    0.006698    0.001569    1.000    2
      length[243]    0.002524    0.000007    0.000004    0.007141    0.001703    1.000    2
      length[244]    0.002062    0.000004    0.000001    0.005946    0.001433    1.000    2
      length[245]    0.004436    0.000013    0.000027    0.011732    0.003553    1.000    2
      length[246]    0.002356    0.000006    0.000001    0.007037    0.001606    0.999    2
      length[247]    0.002083    0.000004    0.000004    0.005932    0.001520    1.003    2
      length[248]    0.001967    0.000005    0.000001    0.005911    0.001335    0.999    2
      length[249]    0.002625    0.000007    0.000002    0.008207    0.001838    0.999    2
      length[250]    0.002111    0.000004    0.000009    0.006114    0.001477    0.999    2
      length[251]    0.002105    0.000004    0.000000    0.006316    0.001436    1.000    2
      length[252]    0.002681    0.000006    0.000000    0.007902    0.001893    1.000    2
      length[253]    0.002124    0.000005    0.000003    0.006509    0.001373    1.000    2
      length[254]    0.007241    0.000019    0.000435    0.015460    0.006192    0.999    2
      length[255]    0.002845    0.000007    0.000003    0.008438    0.002132    1.000    2
      length[256]    0.002120    0.000004    0.000002    0.006317    0.001426    0.999    2
      length[257]    0.002183    0.000005    0.000006    0.006441    0.001472    1.000    2
      length[258]    0.002192    0.000005    0.000002    0.006902    0.001462    1.000    2
      length[259]    0.002192    0.000005    0.000008    0.006833    0.001561    1.006    2
      ---------------------------------------------------------------------------------------
      + Convergence diagnostic (PSRF = Potential Scale Reduction Factor; Gelman
        and Rubin, 1992) should approach 1.0 as runs converge. NA is reported when
        deviation of parameter values within all runs is 0 or when a parameter
        value (a branch length, for instance) is not sampled in all runs.


      Summary statistics for partitions with frequency >= 0.10 in at least one run:
          Average standard deviation of split frequencies = 0.005315
          Maximum standard deviation of split frequencies = 0.018663
          Average PSRF for parameter values (excluding NA and >10.0) = 1.000
          Maximum PSRF for parameter values = 1.007


      Clade credibility values:

      Subtree rooted at node 102:

                                                           /----- Heliophila_acum~ (2)
                           /---------------12--------------+                          
                           |                               \----- Heliophila_mac~ (42)
                           |                                                          
                           |                               /----- Heliophila_aren~ (6)
                           |               /-------90------+                          
                           |               |               \----- Heliophila_ste~ (79)
                           |               |                                          
                      /-12-+          /-65-+    /---------------- Heliophila_cf_~ (12)
                      |    |          |    |    |                                     
                      |    |          |    \-100+    /----------- Heliophila_dig~ (24)
                      |    |          |         |    |                                
                      |    |    /--23-+         \-21-+     /----- Heliophila_lin~ (41)
                      |    |    |     |              \--21-+                          
                 /-93-+    |    |     |                    \----- Heliophila_sp_~ (74)
                 |    |    \--6-+     |                                               
                 |    |         |     \-------------------------- Heliophila_cor~ (18)
                 |    |         |                                                     
           /--96-+    |         \-------------------------------- Heliophila_bulb~ (9)
           |     |    |                                                               
           |     |    \------------------------------------------ Heliophila_ela~ (26)
      --65-+     |                                                                    
           |     \----------------------------------------------- Heliophila_des~ (21)
           |                                                                          
           \----------------------------------------------------- Heliophila_sp_~ (78)
                                                                                      
      Subtree rooted at node 122:

                                                /---------------- (102)
                                                |                                     
                                                |          /----- Heliophila_cun~ (20)
                                           /-29-+    /--15-+                          
                                           |    |    |     \----- Heliophila_lin~ (40)
                                           |    \-10-+                                
                                           |         |     /----- Heliophila_ros~ (68)
                                           |         \--87-+                          
                                      /-100+               \----- Heliophila_sp_~ (76)
                                      |    |                                          
                                      |    |    /---------------- Heliophila_afri~ (3)
                                      |    |    |                                     
                                      |    \-71-+    /----------- Heliophila_cin~ (13)
                                      |         |    |                                
                                /--82-+         \-40-+     /----- Heliophila_sp_~ (75)
                                |     |              \--49-+                          
                                |     |                    \----- Heliophila_sp_~ (77)
                                |     |                                               
                           /-28-+     |                    /----- Heliophila_gla~ (33)
                           |    |     \---------100--------+                          
                           |    |                          \----- Heliophila_ref~ (64)
                           |    |                                                     
                      /-79-+    \-------------------------------- Heliophila_pro~ (59)
                      |    |                                                          
                      |    |                               /----- Heliophila_pat~ (54)
                      |    \--------------100--------------+                          
                      |                                    \----- Heliophila_pus~ (62)
                      |                                                               
                 /-100+                              /----------- Heliophila_cor~ (17)
                 |    |                              |                                
                 |    |                         /-46-+     /----- Heliophila_lac~ (38)
                 |    |                         |    \--71-+                          
                 |    |                         |          \----- Heliophila_lep~ (39)
           /--65-+    \-----------100-----------+                                     
           |     |                              |          /----- Heliophila_nam~ (50)
           |     |                              \----100---+                          
           |     |                                         \----- Heliophila_sch~ (70)
      --86-+     |                                                                    
           |     \----------------------------------------------- Heliophila_sub~ (82)
           |                                                                          
           \----------------------------------------------------- Heliophila_sp_~ (73)
                                                                                      
      Subtree rooted at node 151:

                                                           /----- Heliophila_ampl~ (5)
                                                     /--88-+                          
                                                     |     \----- Heliophila_cor~ (16)
           /-------------------100-------------------+                                
           |                                         |     /----- Heliophila_gar~ (32)
           |                                         \--78-+                          
           |                                               \----- Heliophila_gol~ (35)
           |                                                                          
           |                                               /----- Heliophila_bist~ (7)
           |                                         /--61-+                          
           |                                         |     \----- Heliophila_ses~ (72)
           |                               /---100---+                                
           |                               |         \----------- Heliophila_tri~ (85)
           |                               |                                          
           |                               |         /----------- Heliophila_bras~ (8)
           |               /-------90------+         |                                
           |               |               |    /-41-+     /----- Heliophila_car~ (10)
           |               |               |    |    \--95-+                          
           |               |               \-100+          \----- Heliophila_lac~ (37)
           |               |                    |                                     
           |               |                    \---------------- Heliophila_rig~ (65)
           |               |                                                          
      --89-+               |                         /----------- Heliophila_cri~ (19)
           |               |                         |                                
           |               |                    /-39-+     /----- Heliophila_nam~ (51)
           |          /-91-+                    |    \--39-+                          
           |          |    |               /-44-+          \----- Heliophila_sub~ (81)
           |          |    |               |    |                                     
           |          |    |          /-99-+    \---------------- Heliophila_mac~ (45)
           |          |    |          |    |                                          
           |          |    |          |    \--------------------- Heliophila_thu~ (83)
           |          |    |          |                                               
           |          |    |    /--47-+                    /----- Heliophila_min~ (48)
           |     /-99-+    |    |     |              /--66-+                          
           |     |    |    |    |     |              |     \----- Heliophila_sua~ (80)
           |     |    |    \-100+     \------37------+                                
           |     |    |         |                    \----------- Heliophila_obi~ (53)
           |     |    |         |                                                     
           |     |    |         \-------------------------------- Heliophila_var~ (87)
           |     |    |                                                               
           |     |    |                                    /----- Heliophila_exi~ (30)
           \--74-+    \-----------------100----------------+                          
                 |                                         \----- Heliophila_pse~ (60)
                 |                                                                    
                 |                                         /----- Heliophila_col~ (15)
                 |                                   /--46-+                          
                 |                                   |     \----- Heliophila_pec~ (55)
                 |                              /-97-+                                
                 |                              |    \----------- Heliophila_pub~ (61)
                 \--------------97--------------+                                     
                                                \---------------- Heliophila_des~ (22)
                                                                                      
      Root part of tree:

      /---------------------------------------------------------- Chamira_circaeo~ (1)
      |                                                                               
      |                                                   /------ Heliophila_dif~ (23)
      |                                            /--100-+                           
      |                                            |      \------ Heliophila_pen~ (56)
      |---------------------100--------------------+                                  
      |                                            \------------- Heliophila_mey~ (47)
      |                                                                               
      |                                      /------------------- (122)
      |                                      |                                        
      |                                      |            /------ Heliophila_cla~ (14)
      |                               /--96--+     /--80--+                           
      |                               |      |     |      \------ Heliophila_rog~ (67)
      |                               |      \-100-+                                  
      |                         /--85-+            \------------- Heliophila_pin~ (57)
      |                         |     |                                               
      +     /---------32--------+     \-------------------------- Heliophila_alpi~ (4)
      |     |                   |                                                     
      |     |                   \-------------------------------- (151)
      |     |                                                                         
      |     |                                             /------ Heliophila_ced~ (11)
      |     |                                      /--29--+                           
      |     |                                      |      \------ Heliophila_est~ (29)
      |     |                                /--46-+                                  
      |     |                                |     \------------- Heliophila_sco~ (71)
      |     |                         /--100-+                                        
      |     |                         |      \------------------- Heliophila_rim~ (66)
      |     |                   /--96-+                                               
      |     |                   |     |                   /------ Heliophila_dre~ (25)
      |     |                   |     \--------100--------+                           
      |     |            /--100-+                         \------ Heliophila_tul~ (86)
      \--54-+            |      |                                                     
            |            |      |                         /------ Heliophila_jun~ (36)
            |            |      \-----------100-----------+                           
            |      /--65-+                                \------ Heliophila_mar~ (46)
            |      |     |                                                            
            |      |     |                                /------ Heliophila_flo~ (31)
            |      |     \---------------71---------------+                           
            |      |                                      \------ Heliophila_gla~ (34)
            |      |                                                                  
            |      |                                      /------ Heliophila_elo~ (27)
            |      |                               /--66--+                           
            |      |                               |      \------ Heliophila_sca~ (69)
            |      |            /--------81--------+                                  
            |      |            |                  \------------- Heliophila_ram~ (63)
            \--100-+            |                                                     
                   |            |                         /------ Heliophila_eph~ (28)
                   |            |                  /--100-+                           
                   |            |                  |      \------ Heliophila_vlo~ (88)
                   |            |            /--63-+                                  
                   |     /--25--+            |     |      /------ Heliophila_mon~ (49)
                   |     |      |            |     \--95--+                           
                   |     |      |     /--24--+            \------ Heliophila_pol~ (58)
                   |     |      |     |      |                                        
                   |     |      |     |      \------------------- Heliophila_mac~ (44)
                   |     |      |     |                                               
                   \--68-+      \--83-+                   /------ Heliophila_nub~ (52)
                         |            |            /--100-+                           
                         |            |            |      \------ Heliophila_tri~ (84)
                         |            \-----45-----+                                  
                         |                         \------------- Heliophila_xyl~ (89)
                         |                                                            
                         \--------------------------------------- Heliophila_mac~ (43)
                                                                                      

      Phylogram (based on average branch lengths):

                                                                                                                                                                                                                                                                                                                                                                                                                                                                                                                                                                                                                                                                                                                                                                                                                                                                                                                                                                                                                                                                                                                  /-------------------------------------------------- Chamira_circaeo~ (1)
      |                                                                               
      |                / Heliophila_dif~ (23)
      |         /------+                                                              
      |         |      \-- Heliophila_pen~ (56)
      |---------+                                                                     
      |         \----- Heliophila_mey~ (47)
      |                                                                               
      |                                        /-- Heliophila_acum~ (2)
      |                                       /+                                      
      |                                       |\ Heliophila_mac~ (42)
      |                                       |                                       
      |                                       |    /-- Heliophila_aren~ (6)
      |                                       |  /-+                                  
      |                                       |  | \-- Heliophila_ste~ (79)
      |                                       |  |                                    
      |                                       | /+  /-- Heliophila_cf_~ (12)
      |                                       | ||  |                                 
      |                                       | |\--+----- Heliophila_dig~ (24)
      |                                       | |   |                                 
      |                                       |/+   |/-- Heliophila_lin~ (41)
      |                                       |||   \+                                
      |                                     /-+||    \--- Heliophila_sp_~ (74)
      |                                     | |+|                                     
      |                                     | ||\--- Heliophila_cor~ (18)
      |                                     | ||                                      
      |                                   /-+ |\--- Heliophila_bulb~ (9)
      |                                   | | |                                       
      |                                   | | \------------------ Heliophila_ela~ (26)
      |                                 /-+ |                                         
      |                                 | | \--- Heliophila_des~ (21)
      |                                 | |                                           
      |                                 | \---- Heliophila_sp_~ (78)
      |                                /+                                             
      |                                ||/-- Heliophila_cun~ (20)
      |                                |||                                            
      |                                |||-- Heliophila_lin~ (40)
      |                                |\+                                            
      |                                | |/- Heliophila_ros~ (68)
      |                          /-----+ \+                                           
      |                          |     |  \---- Heliophila_sp_~ (76)
      |                          |     |                                              
      |                          |     |/-- Heliophila_afri~ (3)
      |                          |     ||                                             
      |                          |     \+/- Heliophila_cin~ (13)
      |                       /--+      ||                                            
      |                       |  |      \+/-- Heliophila_sp_~ (75)
      |                       |  |       \+                                           
      |                       |  |        \-- Heliophila_sp_~ (77)
      |                       |  |                                                    
      |                      /+  |    /- Heliophila_gla~ (33)
      |                      ||  \----+                                               
      |                      ||       \--- Heliophila_ref~ (64)
      |                      ||                                                       
      |                    /-+\------ Heliophila_pro~ (59)
      |                    | |                                                        
      |                    | |      /----- Heliophila_pat~ (54)
      |                    | \------+                                                 
      |                    |        \-- Heliophila_pus~ (62)
      |                    |                                                          
      |                /---+       /----- Heliophila_cor~ (17)
      |                |   |       |                                                  
      |                |   |      /+ /------- Heliophila_lac~ (38)
      +                |   |      |\-+                                                
      |                |   |      |  \------ Heliophila_lep~ (39)
      |              /-+   \------+                                                   
      |              | |          |   /-- Heliophila_nam~ (50)
      |              | |          \---+                                               
      |              | |              \----- Heliophila_sch~ (70)
      |           /--+ |                                                              
      |           |  | \------------- Heliophila_sub~ (82)
      |           |  |                                                                
      |           |  \------- Heliophila_sp_~ (73)
      |        /--+                                                                   
      |        |  |            /- Heliophila_cla~ (14)
      |        |  |      /-----+                                                      
      |        |  |      |     \----- Heliophila_rog~ (67)
      |    /---+  \------+                                                            
      |    |   |         \------ Heliophila_pin~ (57)
      |    |   |                                                                      
      |    |   \------------------------- Heliophila_alpi~ (4)
      |    |                                                                          
      |    |                 /----------------- Heliophila_ampl~ (5)
      |    |              /--+                                                        
      |    |              |  \------------ Heliophila_cor~ (16)
      |    |   /----------+                                                           
      |    |   |          |  /------- Heliophila_gar~ (32)
      |    |   |          \--+                                                        
      |    |   |             \-------- Heliophila_gol~ (35)
      |    |   |                                                                      
      |    |   |                        /------ Heliophila_bist~ (7)
      |   /+   |                     /--+                                             
      |   ||   |                     |  \-------- Heliophila_ses~ (72)
      |   ||   |         /-----------+                                                
      |   ||   |         |           \------ Heliophila_tri~ (85)
      |   ||   |         |                                                            
      |   ||   |         |     /---------------- Heliophila_bras~ (8)
      |   ||   |       /-+     |                                                      
      |   ||   |       | |    /+    /------------ Heliophila_car~ (10)
      |   ||   |       | |    |\----+                                                 
      |   ||   |       | \----+     \--------- Heliophila_lac~ (37)
      |   ||   |       |      |                                                       
      |   ||   |       |      \------------ Heliophila_rig~ (65)
      |   ||   |       |                                                              
      |   |\---+       |         /---------- Heliophila_cri~ (19)
      |   |    |       |         |                                                    
      |   |    |       |        /+/--- Heliophila_nam~ (51)
      |   |    |      /+        |\+                                                   
      |   |    |      ||       /+ \- Heliophila_sub~ (81)
      |   |    |      ||       ||                                                     
      |   |    |      ||    /--+\-- Heliophila_mac~ (45)
      |   |    |      ||    |  |                                                      
      |   |    |      ||    |  \------- Heliophila_thu~ (83)
      |   |    |      ||    |                                                         
      |   |    |      ||   /+   /-------- Heliophila_min~ (48)
      |   |    |  /---+|   ||/--+                                                     
      |   |    |  |   ||   |||  \------------------ Heliophila_sua~ (80)
      |   |    |  |   |\---+\+                                                        
      |   |    |  |   |    | \-------- Heliophila_obi~ (53)
      |   |    |  |   |    |                                                          
      |   |    |  |   |    \----------- Heliophila_var~ (87)
      |   |    |  |   |                                                               
      |   |    |  |   |         /------ Heliophila_exi~ (30)
      |   |    \--+   \---------+                                                     
      |   |       |             \-- Heliophila_pse~ (60)
      \---+       |                                                                   
          |       |        /------ Heliophila_col~ (15)
          |       |      /-+                                                          
          |       |      | \----------------- Heliophila_pec~ (55)
          |       |   /--+                                                            
          |       |   |  \----- Heliophila_pub~ (61)
          |       \---+                                                               
          |           \------------------ Heliophila_des~ (22)
          |                                                                           
          |                       /-------- Heliophila_ced~ (11)
          |                      /+                                                   
          |                      |\--------- Heliophila_est~ (29)
          |                     /+                                                    
          |                     |\-- Heliophila_sco~ (71)
          |                /----+                                                     
          |                |    \------------ Heliophila_rim~ (66)
          |              /-+                                                          
          |              | |     /--- Heliophila_dre~ (25)
          |              | \-----+                                                    
          |          /---+       \-- Heliophila_tul~ (86)
          |          |   |                                                            
          |          |   |    /------- Heliophila_jun~ (36)
          |          |   \----+                                                       
          |         /+        \--------- Heliophila_mar~ (46)
          |         ||                                                                
          |         || /---------------------- Heliophila_flo~ (31)
          |         |\-+                                                              
          |         |  \-------- Heliophila_gla~ (34)
          |         |                                                                 
          |         |   /----- Heliophila_elo~ (27)
          |         |  /+                                                             
          |         |  |\--------- Heliophila_sca~ (69)
          |         | /+                                                              
          |         | |\----------- Heliophila_ram~ (63)
          \---------+ |                                                               
                    | |      /----- Heliophila_eph~ (28)
                    | |  /---+                                                        
                    | |  |   \----- Heliophila_vlo~ (88)
                    | | /+                                                            
                    |/+ || /---- Heliophila_mon~ (49)
                    ||| |\-+                                                          
                    |||/+  \------- Heliophila_pol~ (58)
                    |||||                                                             
                    ||||\------------------- Heliophila_mac~ (44)
                    ||||                                                              
                    \+\+   /----- Heliophila_nub~ (52)
                     | |/--+                                                          
                     | ||  \- Heliophila_tri~ (84)
                     | \+                                                             
                     |  \------------- Heliophila_xyl~ (89)
                     |                                                                
                     \---------- Heliophila_mac~ (43)
                                                                                      
      |----------------| 0.050 expected changes per site

      Calculating tree probabilities...

      Credible sets of trees (7502 trees sampled):
         50 % credible set contains 3751 trees
         90 % credible set contains 6752 trees
         95 % credible set contains 7127 trees
         99 % credible set contains 7427 trees

      Setting burn-in to 0
      Summarizing parameters in files Helio_trim.nex.run1.p and Helio_trim.nex.run2.p
      Writing summary statistics to file Helio_trim.nex.pstat
      Using relative burnin ('relburnin=yes'), discarding the first 25 % of samples

      Below are rough plots of the generation (x-axis) versus the log   
      probability of observing the data (y-axis). You can use these     
      graphs to determine what the burn in for your analysis should be. 
      When the log probability starts to plateau you may be at station- 
      arity. Sample trees and parameters after the log probability      
      plateaus. Of course, this is not a guarantee that you are at sta- 
      tionarity. Also examine the convergence diagnostics provided by   
      the 'sump' and 'sumt' commands for all the parameters in your     
      model. Remember that the burn in is the number of samples to dis- 
      card. There are a total of ngen / samplefreq samples taken during 
      a MCMC analysis.                                                  

      Overlay plot for both runs:
      (1 = Run number 1; 2 = Run number 2; * = Both runs)

      +------------------------------------------------------------+ -5992.02
      |                2                                        2  |
      | 1                          1                               |
      |                       2         1                          |
      |2         2                              2  2   1    1      |
      |   2               1 2  1      1 2 2    21      2    2      |
      | 2  1    1      1   21                2                   11|
      |1        2  1         2  2   1  1   11                2     |
      |  1     2 1  221             2          1    2             2|
      |     2     1  1   1 1 1   2       *1 2     2  1    1      2 |
      |      12   2            2   2          1  2    * *2   121   |
      |   1   1       2 122     1 *   2    2  2    1            1  |
      |    2 2                1              1       2             |
      |  2  1  1   2    2            2 2         1            12   |
      |             1            1   1            1 1      1       |
      |                                                  122       |
      +------+-----+-----+-----+-----+-----+-----+-----+-----+-----+ -6000.43
      ^                                                            ^
      1250000                                                      5000000


      Estimated marginal likelihoods for runs sampled in files
         "Helio_trim.nex.run1.p" and "Helio_trim.nex.run2.p":
         (Use the harmonic mean for Bayes factor comparisons of models)

         (Values are saved to the file Helio_trim.nex.lstat)

      Run   Arithmetic mean   Harmonic mean
      --------------------------------------
        1      -5972.67         -6033.61
        2      -5967.24         -6035.02
      --------------------------------------
      TOTAL    -5967.93         -6034.55
      --------------------------------------


      Model parameter summaries over the runs sampled in files
         "Helio_trim.nex.run1.p" and "Helio_trim.nex.run2.p":
         Summaries are based on a total of 7502 samples from 2 runs.
         Each run produced 5001 samples of which 3751 samples were included.
         Parameter summaries saved to file "Helio_trim.nex.pstat".

                                            95% HPD Interval
                                          --------------------
      Parameter      Mean      Variance     Lower       Upper       Median    min ESS*  avg ESS    PSRF+ 
      --------------------------------------------------------------------------------------------------
      TL          2.570429    0.022788    2.280016    2.872136    2.564959   3224.39   3382.39    1.000
      r(A<->C)    0.112813    0.000161    0.088298    0.137715    0.112565   2266.59   2328.27    1.000
      r(A<->G)    0.216332    0.000457    0.175345    0.258343    0.215561   1449.82   1493.95    1.000
      r(A<->T)    0.134615    0.000185    0.107710    0.160513    0.134316   1909.20   2109.44    1.000
      r(C<->G)    0.050834    0.000073    0.034768    0.067548    0.050566   2564.82   2630.40    1.000
      r(C<->T)    0.398247    0.000676    0.350113    0.451559    0.397681   1314.83   1344.37    1.001
      r(G<->T)    0.087159    0.000116    0.066417    0.108551    0.086681   2362.38   2488.69    1.000
      pi(A)       0.284891    0.000310    0.249858    0.318600    0.284407   1657.19   1671.42    1.000
      pi(C)       0.219134    0.000215    0.189198    0.246245    0.218855   1960.24   1982.02    1.000
      pi(G)       0.204307    0.000232    0.174737    0.233861    0.204142   2162.68   2375.82    1.000
      pi(T)       0.291667    0.000263    0.259492    0.323239    0.291795   1965.55   2131.09    1.000
      alpha       0.789343    0.025195    0.522463    1.099437    0.761563   2298.47   2408.72    1.000
      pinvar      0.105635    0.003529    0.000046    0.207446    0.103088   2269.84   2366.19    1.000
      --------------------------------------------------------------------------------------------------
      * Convergence diagnostic (ESS = Estimated Sample Size); min and avg values
        correspond to minimal and average ESS among runs. 
        ESS value below 100 may indicate that the parameter is undersampled. 
      + Convergence diagnostic (PSRF = Potential Scale Reduction Factor; Gelman
        and Rubin, 1992) should approach 1.0 as runs converge.


